latitude,longitude,ghi,dni,dhi,gti,temperature_c,humidity_pct,cloud_cover_pct,pressure_hpa,wind_speed_m_s,elevation_m,solar_generation_mw
30.444725408122938,69.7998300896645,228.39644571133852,181.74483373746907,68.9170135565842,249.4679721997293,30.466107262998058,59.00041100253095,12.503045268827789,990.4336939163094,3.352750461969436,165.75998510209484,0.10215885488155554
20.727474752809517,81.2895992045589,301.7063045880825,316.1668673300114,118.60543870016761,322.53539324030777,26.347403016681245,92.02193172748864,0.0,996.1610147328555,6.761396662026486,136.56065057550333,0.12313013596700732
32.89933967743009,71.74187165827921,183.24974824893152,159.83882514428808,44.64648677404699,176.99586007355083,25.49500136298993,56.337042754388385,31.266272397544704,986.6606362060742,4.982972248058355,254.69704819665202,0.0911837985675145
28.22367284272155,72.4174745945697,231.47169614783022,214.2854276569656,38.48666160818846,236.0363468681948,27.91480323767542,55.40302662112158,36.4218709541442,981.358870983883,8.9871458453657,242.25054319499208,0.1121749075567482
10.731143088741836,86.3362015778761,232.30229563040675,210.78759381790593,66.0631393702732,228.55269696654545,28.6100442433453,74.76324501041208,25.57036268343427,972.6378585673322,5.373895591867572,345.0080298315079,0.09152637719460736
36.29304819746592,79.39489435553676,203.97478861039,200.1338737574332,63.14788228886539,195.55716618996198,17.506720309350428,94.24448423429315,22.948546845232816,947.2158061584267,4.6255465746673226,593.6584196348991,0.1132699333103425
30.073051357720235,94.73372105449485,253.8833461041505,252.54539096882263,46.943207510841034,229.1452930877856,25.36623551301475,73.60252004872986,0.0,964.3121232241377,5.834486508808786,388.71601742931364,0.11385536653641783
30.79586485303166,77.25553834363403,255.4281260092024,223.57686525801446,73.6183433618415,251.56234715684778,22.564632317642804,83.94133114290781,15.810242419594045,933.5913032430406,4.1931367718030215,730.248456256318,0.1176806033469806
11.71529534759083,89.05922372313313,233.03722142654365,178.93120563304475,46.477358344173346,224.6546551314773,25.715942917627473,51.469218391178444,38.541740680763496,975.2030765237532,1.568508377966714,325.31223476382587,0.11188910889816711
21.061192198971447,81.37188347449232,203.88468141427688,134.38449140447568,73.63958189517786,212.64674420627745,17.80849573763263,72.75775378808252,5.905541564770147,874.1414153033298,4.367061886312023,1239.130013968867,0.09338807431652349
18.753142702744857,87.13858773274909,198.79016123893993,178.068533343233,71.32399628769643,182.00738985508858,17.520313657938743,59.244271002216415,21.510268207109938,922.549635417054,4.3386715036753944,717.7993968760898,0.09139310219344217
34.876184676609455,85.39116534476372,148.2789717268137,145.34119953809238,38.16808590366442,143.47916646216757,22.63470306193769,81.69634713273645,26.945883258602535,954.4744475365261,1.9338285710103387,490.79881053090173,0.07858704055863033
26.672088482339273,81.71073521001095,176.3707777357821,146.42582788786615,69.08192875574596,160.70770740422668,22.308564812373945,58.680834884210704,18.07881478006651,945.7035489073145,4.668536658369913,595.1204399000125,0.09087742207107813
31.86008678485407,95.55177174410868,185.56629047158228,132.84365181004085,73.28819441638943,196.76604672007753,22.798347809354347,60.98313329219005,30.88390149704774,989.3908996491216,1.0792015957030845,260.695092170147,0.1005812002631819
20.859011765992605,77.93869563989372,160.46807854519497,122.79544173729634,29.25538025510389,167.21534236891293,21.5820524753964,79.87461006929692,37.579366837060874,975.4298271461005,4.174163696720138,340.49351890010513,0.08439532055651397
14.58992293175853,73.1398295362289,238.6628650010499,203.81702986513048,57.73933729059589,234.93256579783846,25.619595879553252,82.12256681653469,25.692973821744065,978.8819243040125,5.23847278568041,329.9373391772141,0.11309183072701552
24.082958823459208,87.66472776551502,276.4980601160172,272.2600326685429,82.9716394958758,259.0326869065146,24.847919930780144,70.53198297308373,0.0,982.9264489256688,4.974593118848818,214.86129055107205,0.09970469699050044
9.850700427021085,92.53421927792935,171.26354505020916,123.08732535031761,29.321937763334564,195.1513771536575,29.852553165703842,73.81968250852202,4.620712827463382,999.1642303801235,4.060074948803727,113.78748073255194,0.0865732387040146
32.00130398778488,69.1673584582578,230.83873845389851,206.56834201643207,56.708739208808865,241.47996843780209,21.441370594902704,80.22478519280875,24.310015779876153,946.4736862735356,4.646045276493471,618.613539320914,0.1164950312372514
26.31826757453988,81.03934796425773,164.96110969018116,156.93533032383203,35.51497565339568,176.4718223599538,23.665497596635767,70.91333332826666,22.66704792423305,916.6677940840815,3.3886840125399047,812.2521886951195,0.08982794741080044
29.984544462475842,93.88214300093246,201.42055811970855,206.33904836677428,78.15370543423262,208.03464291767375,28.975692568412647,57.872391116407385,52.3616019773455,952.4200332329735,4.819469734960562,556.4257629294,0.09213422278521735
18.28125307576618,89.73893994876316,182.15018770777786,126.90066174825357,46.06513687781982,200.66271454983004,27.214620040455884,75.87721803648172,55.94511728405752,970.6466300882331,4.904555531865188,387.8150488221959,0.08791506921376778
36.15024270745219,96.76242377843121,246.76144909698874,251.83403874415217,84.06365892435548,277.3833141793211,16.98758192320674,84.54089136918543,47.846129551392295,837.5051390757334,3.1795500397772822,1617.6735197459711,0.08815902756643595
33.90051251834373,83.41100053632007,182.72725797455777,162.73452306872196,45.07449137584219,181.93744423448882,20.22537771513316,84.75994185879607,13.489247788295636,983.9068360349718,5.281858560916375,236.58742875120194,0.0869515865366852
30.573121415139095,87.13987584523339,267.249687351999,255.67260059222326,48.89413675496321,286.62698085644814,17.254451791516125,81.31710280757606,23.453083198331548,950.6018183043556,5.270614779144816,503.35279470985427,0.12527540646059865
13.64452252770706,76.77192815299992,204.3806279835567,137.24361175381375,74.75995714234398,195.68870229948925,24.802358616228794,60.47311397222369,37.407193561238756,918.4231995137277,4.500822155554072,894.1922598238938,0.09419027506980383
21.53490910808399,95.47853239031377,184.1864811869251,157.01147187017867,27.647169792371276,195.78355491341085,22.76284321975944,80.69312703788425,38.747341325127266,997.7827213855023,9.157884665316272,151.12890646474034,0.0916888355837611
9.270309207829634,78.62372916813955,154.00140354940854,138.45524978709676,25.25395380937275,153.96889500722705,28.88152053858434,68.88097276684911,26.583820304680838,939.1240234185462,4.546735703968245,652.9817900304326,0.06759225863452792
12.474395269958887,89.41681066791223,229.32689218143415,177.2085802835859,55.289819668151914,206.7830037419709,21.530364306760895,69.94833411135787,39.788439717264765,867.5080013531176,4.297378358328567,1293.7058292045836,0.09221091091515746
27.808419644031183,79.69106591945338,261.4275867779757,215.0660403001328,84.10767634226251,297.73516428538534,17.92393172255928,74.71449625001546,15.792986778801488,964.9354560028432,4.039692403426081,413.3845402943412,0.12418890579893667
29.598102521326698,84.29274897182698,230.3327294935104,200.78547515162694,54.226330177521774,257.30708444153333,28.027398878059987,62.67550911364822,22.371682450005032,958.9627699867555,3.05230939846248,470.22344617603375,0.11077871746857205
36.05778224059209,88.87369351562484,312.5,272.1934924716225,52.05568887663867,303.9716054957835,20.34014737421006,84.61631988917625,0.0,986.6767150116248,6.034615247718126,237.82395037776138,0.1163657246325489
17.448935386006404,82.75909040078928,288.1560392901876,192.12648608257396,66.12028720570113,331.21788432170786,21.438843041968234,60.6677782306252,21.44806865006669,947.7060914041808,3.5647554575649893,590.1952773494879,0.11494260889138806
18.743331475011196,94.30550348037575,201.29027843081587,166.22404384400315,42.521608093709936,197.11993006513475,30.873328052686904,57.366478209786294,20.900282531791454,985.1825373237868,3.7776933354040447,210.17021709684073,0.09627944881128891
21.617118526998432,80.1597286499065,200.76529497631319,147.6683477018649,30.386821173750246,203.7187625893375,23.880908893556715,69.60754403843768,31.856888685060895,961.0753445093776,3.8311651928305235,394.54275572932966,0.08904067748782371
13.494669413444285,86.76508214615643,240.1515026409343,244.15675690290544,68.13109616252015,267.244135944952,33.95160237267336,80.97622658425132,22.503980100929127,1001.7280656909511,3.0271016714726797,99.2935722821882,0.09060475784820987
11.767723654728677,77.92851056570157,174.76570764538243,181.8667871879886,31.31128260536002,170.59738610235584,29.592737138450257,78.86861578016828,31.499192503149196,1004.4931000792585,1.6480500014194983,14.72942972676013,0.09043342926619043
21.79544286055208,79.83654337869937,274.981081993291,211.69659440556856,61.01117243958438,278.45548751457187,25.065126414186672,55.539490836178416,13.06713411400608,978.795645853954,3.9667082391134514,280.62925230528464,0.12144818489094762
14.58037112247564,80.76145313877302,234.74669275884585,169.03502734298206,72.8413019326563,250.33312003918965,30.270377949679066,81.29716852778161,31.586992106079933,978.4949887100667,6.372003562882124,276.8312143142666,0.10934285976516736
27.4246058457928,71.64840353105627,229.48961220959328,169.31781692804816,76.02507139020827,214.02588812629855,26.373587010539485,84.39533256140525,17.593170115285016,979.6647237681619,5.1545636498374385,301.2431809242282,0.11161536988670756
20.67740564729759,70.6599866927112,251.0143500552075,211.12839628181737,54.184938244194065,252.41691587286894,26.85280201406762,58.777675128519476,0.0,940.1919707427514,7.609035486338625,702.5928702333365,0.09832284121638438
32.147667685677284,87.35720777125599,302.8081608351196,302.74827738581814,70.34185664872415,295.95030827075357,19.510121923003176,51.177319755633,18.11310997034107,910.7061295312253,6.15172134898053,828.1618284702984,0.12599913226767356
28.307687958065223,87.01001441194852,225.21443427604194,191.43553158531282,47.68404623700769,240.79782645541422,24.563190126261052,71.62723167551873,9.082751984919133,961.8562054055064,5.74313665849328,519.1615421799781,0.1034406742900657
17.058632600079193,87.22438171209276,211.01464812309746,141.8349358446799,82.13157504064574,197.0860665605631,28.258008592171212,80.61783721926125,3.483875141303283,935.1543138447015,8.188768240774888,668.0593030952218,0.09823060386800463
32.13553424046083,68.57322691493806,292.1026478327956,194.52699715648365,57.72822635426976,279.8877533693727,24.060392660938895,88.6643055692509,0.0,989.0621690273802,4.62513792899422,215.6462951000608,0.11815984147956798
31.338166367407254,77.46985843748162,265.04418746622343,196.3861812209589,51.89436668234853,285.6763006961969,23.57714388454634,64.43001224875043,19.493357570420304,987.2435393034605,4.913536212308914,171.08725784470488,0.10930112346258164
19.23687299187506,73.7364855705167,200.61767464748058,198.03141411033837,52.41313774356598,188.39124962706256,21.337709983231477,92.44962306004447,23.45956675645516,947.7797666678633,4.779364041011752,598.9166041531437,0.075654789361488
16.36151501397708,90.56639125377636,216.92598909961768,194.9280067745487,42.805265668050396,218.12012665977565,31.176011535092382,44.779866813759085,0.0,995.6531228202344,7.5788161161303895,149.16344672593496,0.11011086753012934
27.79236961527429,92.95828164048777,226.4357124636066,198.172718184977,42.836454606566896,244.14755476939902,25.59992061744683,67.83955736774966,15.279803984668973,997.1259533580328,4.804527569626363,133.21185243843703,0.10846231247363125
12.052822024669984,75.15373093955827,234.7573138969158,182.54443194079315,40.84070276663359,256.2064079576742,17.42078173934261,73.89126791636845,37.3248712900841,774.0923512791459,3.633100726661212,2186.647165828462,0.09562161828953325
13.79733787177814,87.3676256065916,148.83667411971098,152.07687262958805,46.14574097683069,137.48345647525218,32.39862266381406,77.60447211819178,25.90506381804267,962.6932033386241,5.857815968333133,434.2680286397612,0.08749612556183353
8.21350582277916,71.75152130028997,139.5424362765887,109.187951237311,42.28422770415794,155.3105784077675,27.179887494698676,83.23911466363886,31.58648625709781,983.8976752223657,3.330732340097349,276.98076143144533,0.07968356980258061
30.820806947562012,75.97942324244968,172.29716556654398,169.53657990054384,53.84988069176184,186.25204286823498,28.63977434516681,78.63041707820051,44.80029672492569,982.6127806824121,5.760248722705065,250.84202821352403,0.08821369393593553
27.28067484116893,72.02098039076917,168.42974451609956,169.83805419296593,57.82614237324502,165.87359528681708,25.770525718374405,57.878078937841536,41.667877195653105,1005.718612235952,5.544913681455303,102.40304188551187,0.085542007233771
28.449795980163717,76.22210223137765,184.47546596804156,155.57443359191356,42.72258151578485,201.25364114407247,23.92862872327847,81.48328733936644,42.654946419569434,958.2041025370512,4.459075197948307,511.0828698621537,0.09981886038583594
30.64114189963707,87.56735987312906,248.4021987711669,250.31879755184931,94.29494852388147,268.7897387723416,22.14240972719324,79.37649190418033,0.0,972.4206645196726,5.818460829756288,324.6763773904957,0.1061672098841061
21.30855749061186,94.39948039537232,208.22020885042977,158.39755107719913,69.40003563927309,218.67761213537855,18.669145789591553,60.35233951553084,49.769814249067196,926.6332403188267,2.121978125444967,811.9400585207178,0.09192018833501107
24.49349468263392,73.87314982980139,226.48639691717608,206.8666437185971,79.53684673659122,235.45985440315005,23.33351290182753,52.663051390521105,30.57304699384252,942.4558810952926,5.093331818384975,612.4890439755433,0.11522057469741333
12.054112945702066,83.72029201357086,155.4514961645536,106.51311103350318,51.336386185907095,168.45903569478773,30.891060821447454,77.6670442430498,68.60442178567922,976.221601396173,3.9670223075998825,315.70572803920055,0.0834699379973479
11.32137213254323,88.34034193605953,193.58455652061943,162.52849960041237,46.38555276643663,222.58642209867952,33.77324721956274,63.180409214557365,14.22742606029283,1007.7971200754524,9.952074439112138,48.82481220915251,0.09289530122627851
27.383685891923676,95.6347515860814,246.0295497539087,181.30722551293022,54.31302136403095,257.01183213059244,23.210601270617257,60.57969805895744,0.0,962.5725690615269,5.080485125352374,435.16817864879204,0.11532507632099481
21.661789978150843,85.69175400372805,246.41428957550673,166.3555956411592,62.99070431978544,271.59277057728355,19.406921778182934,74.39274329036597,18.146133414551638,955.1499068083615,3.726494310389813,405.6387009751691,0.10433746838899056
24.391847087954474,75.39810099979404,180.4379752572713,117.55357317095854,31.442686736871252,195.96798837895076,22.620050719529992,77.54437023550804,23.803718765051894,1008.1559360950595,2.3190568751044527,36.303127656343854,0.08975263105483937
30.18496686506474,86.13886655050415,224.74978598564437,175.28254835805154,59.068766934456875,250.36049618753455,28.216818484915397,68.5980339453922,31.09249185637566,942.4297710984912,7.149731154229679,562.4169972669713,0.1061671586734073
26.406831280017133,77.29424368866248,312.5,276.8163243170954,50.24538930431561,355.8222547956358,22.6146775431801,58.38839643419505,24.24892516879534,1002.576164530086,4.1699411048572,144.22059291625885,0.11555354061796225
24.05380261908188,96.30772333005953,215.78677020388477,179.55447519989906,32.5808870229882,204.62429361314028,26.813784900857126,89.40454111495539,21.322572296224834,923.3858814043917,3.375566279264245,841.42209286364,0.10355707947935242
24.217007661616993,79.59060791974547,182.00731935954437,140.27444601912129,69.68600414394348,171.33530364420994,22.40180477822054,84.12073586730249,24.088281408877457,971.2532237746548,5.405338585216307,386.66372132678794,0.08795457922980246
16.814552843815754,87.8774039020694,207.97854719855866,217.64539263266767,67.03860177865513,217.66784283394017,28.098948645154007,66.16706656714211,31.644015212958106,983.3129704106909,5.969493896530176,244.76502172114635,0.10788021590187302
8.893717202470242,68.67359988805599,221.27552204300832,226.98664680554802,64.27207243652443,224.00246973659685,31.86565416229395,63.55653011114196,17.96374170816128,952.83692039038,5.9411152797771525,482.86159927352907,0.10680156983670482
20.66480428773851,79.6017819379079,209.10824763213918,146.43041808167945,49.198049576696995,218.033128418981,23.542568575958924,76.76081908636462,18.534031341727314,956.7569126131079,4.835550761506851,460.69443059833014,0.10386381044604551
14.222955511766347,93.37812078635284,215.0989316328416,175.5299711570476,62.94536909859673,236.50357336585353,33.110923029273046,54.21504761917824,38.292184335203046,968.6088377306505,5.086542246396096,447.9479914809832,0.0864527341004847
19.84733066801445,85.69659588856413,144.4943268198247,131.42319280749166,53.88105942569116,163.70175828359191,24.686694217524956,75.47740899134972,52.22251883057989,922.5482348683756,5.217666736225265,765.6541871458702,0.08521009937422509
32.74868912477682,80.87434370548331,168.5351429123691,158.9954334476861,52.767516213710294,169.26893755956306,22.889829434273288,60.38081208397372,45.979222221091035,944.9253472387902,5.405513278131972,505.11365182563884,0.08237516902044982
14.784245090094881,95.14218748363605,209.19990481309182,166.63794610180278,62.88977987783239,225.827774609267,28.66588151547449,68.36195261916875,21.096568587153346,990.5640381056367,5.564793352622668,226.13527982248783,0.09937947207919733
9.690779508982914,92.76554690826964,208.40326816554486,197.6731518062256,55.237520835781204,197.81633982860905,32.587811719144675,54.244035626115675,0.0,980.0527113650536,6.770014952349983,332.762718960429,0.07963042229513491
16.160132868637902,77.34425454086521,188.35720292366662,131.78600157030027,44.53221187665316,194.69316013075283,28.76799442380723,57.80476463768707,24.523328265557282,901.0594691017628,4.9015467516465305,1052.056215286515,0.08145984320434387
16.514218975233824,83.79190365919885,207.81598736284482,162.66277912080415,67.46471265420327,188.1672339824819,28.575139233236506,85.59711474959289,12.457901705417543,992.661040098579,3.3297541215053483,208.50438542700195,0.10809119488904968
27.195578927079957,82.20490342668143,219.71740943737692,205.78145269912716,86.84225918246527,225.41636089691258,28.335783869337185,69.9236318473758,20.096513299234644,953.4336928160229,4.5402749344127376,555.8169797387567,0.10604643058328937
24.15393241789707,86.33387250333101,261.1373394928929,235.09492635641405,66.90062442771006,270.62553355973057,20.998992887458723,77.2748705440447,5.763035685301936,923.3659616037137,6.156805473722994,785.3905568566583,0.11185365502710033
30.73304806408599,77.6892267418039,211.70607990536413,208.50594899652214,52.51396855088713,229.4600341704064,23.96324131811993,52.71560833469083,22.93299018221135,935.8792072456204,1.5842496749072774,595.4133295841838,0.09588124906761353
27.265092669494237,75.08194502221076,236.62182693157933,158.23914522875722,60.81852203099654,251.38021364418435,25.301169687195532,65.78904666503308,3.9175915217896318,962.1714040677306,1.5946460483304699,437.23181453510546,0.09828370992884486
19.785218981762043,94.46748322241055,189.5866515949706,136.45626027591757,48.60736174149155,187.61479563537583,22.929329519936115,78.26865757109458,7.3512407099787325,958.5438911888484,6.452897018506183,490.0162697333439,0.09735353321962241
31.606591155315005,94.79236048545668,245.27145284659073,164.1841790098975,97.53371227446748,221.09571414793837,21.84263137687318,76.46725755797651,36.54965431157477,940.588100238924,7.53622107033239,622.7484721130944,0.10559784726436772
12.842214677323414,92.4563636870974,235.45318154728454,171.13813013372106,76.92127457684772,218.70574248462881,30.289641607327717,46.22798850060077,5.137158567392511,988.0450263715451,2.5226399369649473,206.28017819336804,0.11658402806855078
8.658650120881953,96.36792849217228,259.95751682565765,169.41772546354642,62.33680189864289,297.20037294537894,27.963760584339862,71.70037069909891,16.01134685499666,961.5792172056543,4.980826687499211,407.68922408681976,0.11018222354462728
10.61138796249361,89.60475424761097,252.33968978889106,214.91370680838253,61.287151910151614,285.291036572825,23.69042031655492,76.71325178225295,31.466769230708877,833.0018022056314,4.080818796749373,1611.6001998591164,0.11304373367759642
28.94842116729706,90.175349628298,246.103447810724,211.97523878792512,63.42066929305087,241.49474010314256,22.896757400089953,86.52021406191503,31.799044721834992,954.5703887997429,4.330505797965077,568.3606382802712,0.09925411521631967
21.394439677290237,90.11511266691659,211.74579623377767,193.3570951877438,33.70528228274318,204.27397207830936,25.59956268801333,64.9680386602059,35.16085363866362,968.2039939502906,5.349955815761548,449.1037638355734,0.09902721325247293
12.676881591974452,81.93762129732688,228.91362801889008,184.0385401156467,64.54313608147385,230.99767449578707,29.520297074870996,45.9630751387465,25.20595351468952,977.1153655400475,2.4728335877806518,306.1769934603157,0.10526782392374306
22.53029847799754,81.23711364091388,269.842113089243,175.74360152105868,95.21250458320232,289.40162065416285,26.594134565749755,60.75698482934864,25.383732664666294,989.6492942222462,2.8070084991136777,208.37169836337458,0.11129104123327375
12.417050978681884,74.96656200832109,184.06293819652697,169.2562641897102,58.005952953421605,182.07633184168805,27.537226975615095,58.99956803082236,47.98688125961327,950.7444951497366,4.257747888741795,502.28438635121097,0.09043304147232041
28.193290877254345,86.69975663641942,185.2462777318234,124.43296929341025,36.97612248151653,169.83813366025322,23.381617054517406,80.66179513418581,33.588397250157094,954.2898326484398,4.538323923790512,528.3722372480865,0.0967439017074194
20.93853199164689,76.3902839469677,225.73823656418475,224.94096801345518,74.94702693640203,225.8959763740427,24.41919834906355,45.297275436795985,0.0,974.8727735856451,2.773280809768491,386.7621361281167,0.1185323821332094
19.049615556797992,75.47644388136828,237.43065117993933,156.48142368828775,78.3199790265973,229.15553972445838,25.060273134957477,67.46821689130779,11.457404230757653,789.3943519238956,6.2213658146205315,2040.4649824288708,0.10787912968651128
16.74385058528842,84.99287984878559,175.46134170346647,151.28102285402142,37.835572012407155,172.16837146483024,24.562123097888477,86.60825625746176,39.12634982031135,988.4408745830756,4.04839024840014,224.92157681077097,0.10216886719866518
26.278195200447765,79.88948925852625,212.92853849600124,214.6249727305149,65.09622836208655,200.3102466921072,23.965641763156366,72.89961121781126,13.654280219958748,993.9557273592279,4.040728309079678,180.46361416392347,0.10798299941477815
18.492565706048325,74.34684165504433,211.9667279552274,186.3178700382674,64.17022606785078,225.6830986012518,26.151685763352784,80.04181955108201,47.506582898595546,978.8188492875202,5.308785822413821,309.7816542999131,0.1105818521937047
10.54184766016693,91.6656244858321,105.90266088649314,94.60991053098265,38.119335119452735,109.25529908179543,36.05281192833266,46.739767121823,38.16690344452955,973.2882215418751,4.567965103078501,396.5036055970873,0.06629516036517444
11.422171161494944,92.9565276595369,205.6869672037287,189.77591596549632,37.85012036591445,199.04652376431315,26.849186450627737,54.50075570743458,25.425686489832238,997.7927183291101,6.307458263230464,198.7749488194224,0.09828590900260445
35.89503227193592,72.86328607065565,208.80077502424334,145.94412867613661,41.49072394027912,216.83242636021743,21.754515493897728,88.96881218333415,40.551046729889535,954.7479119826669,3.1198394319588,493.33168414717187,0.09879211225612497
34.348840030520606,68.2177039512,208.6520195255157,191.95377373823504,56.64743252606867,213.48793940984245,21.52227090172327,75.79433693619391,20.959448611533258,953.8372049717369,2.2847041252857467,533.4695471223563,0.10609755462504156
28.291506880511736,77.74776908735184,287.46238039553003,288.07811124758643,46.291874455203924,315.9193491068423,23.043961485122246,74.59757443399364,14.524798476593288,935.5644732394236,4.242382385162506,675.803003453715,0.12877072177865045
15.710228882326067,91.12781423474182,155.87675174122293,162.06324019219414,39.576881152346935,177.54300722221487,32.59050801861365,54.746065304039114,45.10533949880325,978.7989385855795,4.908425111283023,269.9902267341748,0.08710517060972547
36.106114943083995,92.33604212079541,175.43553810643604,145.12392613580903,60.88573866070564,163.62304706012054,21.04936223915937,76.16832749817482,6.600610046529297,901.7375913851379,2.566639300624463,993.4976016670823,0.09971703805050101
30.583776215008044,72.01154303336543,86.05687675069997,67.79577451228812,16.10800558113899,96.46789740379666,20.0787055507114,64.47765987602992,37.81199605158176,941.4448606788758,2.302043588939533,644.0170490792389,0.06661123672365621
28.789815485610873,90.45574113430848,192.62083335795967,183.24479205576452,51.04205225635754,207.29839342230775,25.18020059010327,83.72454401697388,38.544174426992846,987.9232822346116,5.128136008208374,220.9027230691501,0.10511159219771707
21.03148356216987,71.35542085197345,196.88448896036664,170.72832853678588,78.25022576985411,211.284302775247,21.85883701160541,100.0,26.451328881083914,986.2180330240869,3.4359949788330684,197.97294086311717,0.10681123224784717
15.895005293509612,79.31181511453934,191.16780784995387,143.93442179917324,52.85407615595572,189.93959756070785,28.77056472543412,73.822958756306,48.33483600366912,972.8340569406364,2.185478909387544,327.24374123388344,0.10000110056212659
10.795337902451479,96.95967593534556,272.05053364085467,195.56710465715096,74.69989561571973,268.235582301693,26.633111540496728,64.34404691298718,0.0,949.2130995903027,6.537614326165313,534.4253183582485,0.11598028958854549
34.17546949977141,73.58513387369638,259.69754278351485,186.4867591177785,75.23396157161741,234.0939285929065,19.92744632051189,50.72145963864391,0.0,941.1969606238358,3.6627695887312335,591.9986794477611,0.11792257656133419
21.217512405174723,72.46494389475117,220.5595028800319,183.8740204431324,43.34018329553047,252.66220731111588,19.658793073168212,59.428324396042015,33.46137231733598,940.108383924661,6.869660886957644,643.1603317617584,0.09747913755513875
13.86853757906168,80.26120964385701,198.13601398967353,142.27151773770674,37.01001837811026,208.3650746126774,23.092738370244728,89.07442761407559,38.266706125540594,845.3520936486283,4.851247423996969,1544.6483895401507,0.09959214787801282
16.872742100368924,85.97038725312598,267.97615007200983,176.2981802266798,85.57514394673169,268.1321539905346,24.587524709867377,62.038061799395365,11.904827386721031,1008.8465915415541,5.330565951699546,69.55157804611238,0.11663304507453394
24.797367499314984,95.05412268998434,215.67877367487407,144.68498013174383,53.69144110665449,223.43074447447069,25.494309509419324,67.89620357559942,28.654099949454753,965.343348948437,4.419300457025664,378.5776143658652,0.09104337329404179
13.12641070523772,96.443813220458,175.7531647207438,179.61161763833917,39.10097655370905,159.9585368734603,18.960247601033338,83.38506166496511,39.81512995635953,849.7791123401777,0.5,1460.9986455109688,0.09747510353934977
32.84181423867889,70.01957846115045,130.8542327924391,88.8741714434922,20.655066504048374,123.44955014528655,17.770275428079643,92.60667765115421,23.163916993357944,939.0214740113934,2.753784316103332,697.694413829182,0.07128076702375377
29.997066365221094,72.00192800308926,194.60094197188252,132.18702481020668,70.35069722246043,205.4674549210443,27.94383643376701,67.64906164134801,15.207133078478137,992.3456809097323,4.573722972506296,170.23110767351488,0.09222426475901527
28.864425722577167,90.93140124298382,254.3988475252971,211.2719791156275,40.21593368197591,261.6658606122371,24.810989373278588,68.10453980471678,19.686065559184982,957.8777701032034,5.456512447126868,475.03591026004483,0.11273980466664459
20.530698153478006,75.84833241585496,312.5,233.7625352918791,105.46743156900932,342.74022054122133,30.095025052134627,68.64019024339913,21.6863343984058,970.078471955709,1.5785867597013827,361.1400011932833,0.11819649861746015
26.191956380370854,93.66062272568446,219.74718397614046,227.455374802911,53.947305134181555,233.96167837608374,29.405915220946863,62.19888965685033,4.548568508209161,976.4772925167391,4.7035169258511695,351.01357390453495,0.10412327921361125
24.938841098469332,87.24014445964352,178.39889091065143,180.9668244526102,53.46114398553667,187.38286620679145,23.3589044634465,67.57468439631326,25.270951884377,986.5181162460068,2.779924643014743,265.66417177832267,0.09535098973550762
26.84555144508978,71.24349926903963,157.41840625245598,127.80757892300532,33.36002997097841,173.76102258821751,28.420983954546124,73.38201401170183,27.723689586565026,965.437315109627,5.2223162971613775,446.6646711658448,0.08065064764114939
10.448885313056785,92.1433492627962,244.2644114819466,202.6155236647102,46.12931372645906,224.0065321596432,22.714840659048566,75.68104265110601,24.629724853349472,913.8374988406064,4.765078585740315,871.9220854741426,0.11391832973283812
20.05841466294768,73.1143350202342,128.43586404745326,102.75453009034761,36.39191679706303,137.7759383073652,29.501243855988456,89.71505798079507,35.60414484274949,975.9647800308283,6.138302884373232,286.10200260242766,0.07333310949943961
9.206811041994882,80.28136644570996,244.1839217369111,162.41806787413876,79.09225245640994,263.44946624557633,27.418332790072018,74.45382193429668,10.184157982420441,946.178375983485,6.720281274337534,646.5450335716429,0.12617858471388943
22.325733758091047,84.01336292822057,257.55224697981225,197.5783051252724,51.220271392624255,249.51426990858803,21.030892706902815,86.68674131541603,35.09564966438924,932.9524363283743,5.626181818693252,727.3666749745612,0.11149960988675096
17.565975157650776,82.52221832332808,238.48063932830988,166.7145145480766,61.78788608933306,226.2972379939452,25.767009678188145,60.67354049021817,11.13904187644122,899.4094745477568,6.348708460147034,988.0514364245679,0.0974912919840636
12.19120147711536,87.89872455283935,205.6835830697388,142.11668750634706,53.71709434028645,196.11171061279575,33.39839193334152,70.5328593536295,19.76601709421737,995.7959324712766,4.169383543337091,194.92368752929093,0.0876387919260389
10.998686063953997,86.92791531120841,244.91369934400737,214.1389776327046,49.96111799715663,232.55418237319302,32.374362217015936,58.87069676037667,0.0,961.8488245762775,9.881611340280863,420.31713675663275,0.11592017356517573
25.04169259315365,96.76921816031359,225.21358522308165,155.28610547489063,65.5962406881521,232.18294297312326,26.438286147399584,74.80390371504592,10.513574063849322,990.4327942787314,2.606125626309214,240.28351861350276,0.1004087467431523
12.947196087569697,96.98323536750145,177.76047457363708,122.86315685939961,33.149470420931756,166.01167648453875,29.180551300655335,75.54070494062414,36.07706995904019,966.8251958709639,3.8500395997632215,447.30032878049826,0.07971274899732697
34.828483432927115,82.97732267643359,309.18728278541795,260.39922574097034,85.7800828679339,329.22925552464926,22.72038009153276,74.32238436678853,13.430936927510203,957.4834885284076,6.422445448944407,445.04174400707626,0.13304357401143654
24.850773051311453,70.76077352186506,199.08269768614085,164.6240600510402,35.50796747426096,184.40424373244772,27.295600416829025,94.23677688128471,34.1303501980653,997.3630790170805,6.154898348749787,152.98687362725653,0.09403453939831352
18.059224331510276,89.10745567009283,255.45428168916214,180.10904116652804,69.32661407430298,231.62612195783004,28.49954413900211,83.48016237988284,24.94659203581074,961.7649919314317,5.677300234456228,467.29914395453886,0.11474179135033502
25.136549252961085,96.32325826828108,95.73595253188095,62.39874179688841,21.818200961418462,93.80424615236552,18.242858264881534,89.17816671638573,71.95531766464518,849.0951187086573,6.015573584387594,1595.2246466523716,0.08027183291208219
8.661312259861228,77.2314652412416,280.49021080571316,203.9696137643445,73.78619607136994,265.8948833138935,31.93497133696254,74.0948848541301,1.7085859674393813,941.4122212293973,1.0495971217091262,593.6534742675198,0.1166074365702349
35.79821718400191,81.37505768928963,290.1048538993958,215.9415502087993,74.973926722464,332.79828379461077,17.844736717792582,95.35781880306638,0.0,1004.1867429038131,7.660737650168102,124.04397469257772,0.14032244212751802
21.98679967134411,80.31853081964822,218.15835602299862,211.63528536201866,82.24205276668266,212.86781412662435,26.80659421284967,56.18503165502811,6.517951655477351,991.4492214190888,4.432996274040093,184.0342461534555,0.08961740178126142
30.6993215902583,69.49115548215096,244.60521840355463,248.56179102859025,66.65098386828998,233.7242051286633,18.67865090657271,90.7599104546476,7.754439701992933,960.8726440935211,7.042609528087533,404.17450921668797,0.10449714925241443
10.399169997750718,87.4956685054799,244.59242574704479,198.70144669558115,86.7385219546922,232.165285283213,32.06246789367438,56.43758256506527,3.696232088689616,990.4352381778205,1.1396521578576788,187.98810998792095,0.10429157931882249
22.113091594306653,78.24679315698556,184.52748818463044,149.8382931155573,38.08889054440709,183.32127373464635,27.469893205624324,64.38069424483324,28.725789486978247,905.0294020058809,5.261823306266144,952.7192106549071,0.1120019195071893
22.230502836281104,90.83645236431357,244.0227819386337,228.15947423702863,58.08247304564018,256.58073696308526,26.141232427616043,76.70093849852385,37.186406292560264,995.9672606848815,3.7856958975392723,109.30620564077736,0.12459564091305096
35.19696719427451,92.1314821831776,176.2351431730389,158.7471195408937,29.743618412622137,193.06318823105073,20.483176239489083,87.94566066351598,51.65961461859288,945.2994749740535,5.829816272846346,596.6068889010807,0.10410274350267903
24.580113518906185,91.81569281133751,186.22882048440036,134.7656172235366,47.52316446041486,184.57958958441537,29.14908294769518,57.14496732502424,34.63030445503901,1006.7752963840923,5.370726814443922,86.2229109087614,0.0867083000961618
21.731192630651663,80.08331394315653,273.0138238272816,189.2192331127718,86.59315186489182,288.4371241611517,19.79535922754146,71.03826384118953,46.16700965771799,967.3539672605784,5.458886035498521,399.25909273848043,0.11055871580941251
15.742294229664914,77.32482478498609,265.3995512016768,218.966508033237,95.42222135142008,270.8442162454279,27.94187757450057,70.62181866541265,9.844471471252191,991.6097097756615,2.893904961183315,163.66466644735772,0.10709869790938525
17.61550092293401,89.71580261034458,181.34789156087706,158.84830261590946,52.859052748540684,201.59063896957642,26.879556265740156,68.63269494045073,3.3100306358320424,934.7492140233724,4.6974555825265,674.7608981752488,0.0879486597001813
23.099499671674597,91.24029358143896,179.98784949161464,126.97837544982566,55.79950325334594,187.59421597786152,14.140371760287714,89.22802320412171,43.79949359458034,916.3841376591901,4.475699313727186,847.303196275726,0.10543474309919085
20.728432348846354,82.24646594534961,184.38683654378306,141.48175243014984,35.82945439785504,179.3112049689487,22.61503147951552,100.0,0.0,952.036832564481,5.691558075073378,533.2652865272235,0.09275790699387333
8.626750316529582,93.89789956655278,253.2986449899412,195.6420978194726,40.35085651598472,272.5232052098075,31.03985203681713,71.36132545580509,5.680157911011754,917.9570264863843,6.5807345917802405,873.8932120902309,0.10836101706618281
31.962465801636377,72.1733521862782,166.66742762614683,125.75378756021034,57.98727080362671,184.1701945401186,27.67813831896806,62.50552496320239,37.801569342419924,1011.4587407849089,5.070856659615506,23.99822530189743,0.09572273274067625
33.98866238335323,93.49299461010985,234.50229861846432,195.64632452591357,44.96805569329203,238.33879472702725,22.44962583758709,61.07521602354038,18.288933006498638,953.5275462686774,2.502889880900522,462.88283505826377,0.09420096816222928
12.067223580959713,70.78676175618456,254.0090071983814,231.4594677551372,43.89082188161021,291.2973541179135,30.879431053324286,64.04391602148452,14.034357477170204,942.4734828780119,4.993641857220182,590.6056021948915,0.11132590361463009
24.06704816263243,72.45224013958381,212.25439415201166,181.21345265243806,81.58858972374759,237.67699861022956,24.34878384716785,63.118474061977814,5.449990384898161,939.2567492814902,9.499937211136672,645.5103331958646,0.09385767356721939
11.148696492927863,83.48136038494485,267.16985150991303,195.1896514099717,104.43144266706672,253.60795382110007,30.368060036238546,72.38104989076339,14.762486432012993,951.9779367620187,7.762809588578015,566.0134855939414,0.10956872881028185
27.494962698154538,69.95803592543504,201.45115819217702,139.23812892527414,61.25411001325074,220.9292627880519,21.497264019854608,79.32240514195857,39.83726360224033,942.681551822735,0.5,655.4229848782437,0.09413483931487762
16.155779731331243,69.53140594060321,205.97388661697096,201.59656771660485,50.393430660908564,216.32156382178044,27.939102813102892,65.01703570426812,24.40343575549464,966.6823015041697,4.914017676650721,458.9687216162423,0.09510605824354836
27.123256406065153,68.01504358080545,167.80435511007386,141.24459609542666,60.125959222432755,173.4598358326228,23.857844952752643,92.76327417563573,17.375958538873007,998.8282897053299,6.47781514545962,125.31735764618102,0.09304599613737265
29.082843814319595,80.65318313113363,267.52553404767696,180.541124499271,53.82078422000777,275.14590435351107,28.027494084430508,62.223531540056655,0.0,985.0786336321323,4.471811377377637,263.99343551742896,0.1148315935127301
30.290777265612054,90.46409255747466,178.34064431772313,134.3348406304237,45.89562273238252,198.5560531538865,24.226833613266752,71.42422243040487,16.104984608007854,898.8484192166609,3.9718363437410096,956.0120953792724,0.0918865729547512
11.124487432721,69.01031215811756,234.15525755241967,227.50841199242754,56.02265803240173,246.49950060154066,30.937960655234654,73.64125813471045,25.761717653352424,914.0673273715793,4.319464412849721,884.7011909007016,0.10884104375488121
34.56434350899063,86.9154705875098,213.10086331036993,202.59297266469048,80.58941848916024,220.43717938485878,19.180869860247693,85.57585304950013,28.188904438840165,941.2874120318577,5.793941073782374,582.8806044286663,0.09611550574622522
14.676205735951545,91.8706922050694,164.02751351108353,164.08109361652683,62.32132763304374,149.6283544139517,23.89347854047363,85.66098238305308,18.388266464402438,933.9852904603902,2.7327540461249837,684.7545556413445,0.09614560715161036
9.084964129109213,72.87202460875827,186.21150947550066,165.8837543257145,58.23233913059746,188.46014704793552,31.7600136420028,70.87695387633015,0.0,932.017054855603,6.939639572896867,815.1949825099108,0.09129641914966816
24.09072161235302,72.25904830982073,285.81027861870336,234.12502627350872,50.78420937920859,322.1111537182303,25.73142471906703,81.92398723262635,18.42864966227697,947.3398617133073,4.699212614943475,578.0907207306092,0.1164019369911338
18.756746232010723,92.96322823499554,226.7495437983907,186.08291989451365,61.34668033923196,244.42108408941436,24.79376263154242,65.51390817448667,7.521957445612632,903.1607308666837,3.116956306599211,937.854868637459,0.09945146460850957
32.063902550839984,91.87061368855275,166.2091495983246,120.93378020579472,35.12532722036039,151.70548897883336,17.374251988767682,87.28141801248968,40.40456474548057,910.4829894324207,6.823830290517652,917.0809772671479,0.08791216657456376
31.439292689864754,83.62931122166142,231.93308103410126,211.13322598362018,86.10026620954316,259.99653633310555,14.750038547349838,89.24726066368412,8.868393212968563,804.8359657712357,2.0187643707990452,1920.5334081846324,0.1228723551779389
17.197027891858745,91.75679649952542,209.36096508693944,185.0808510736367,38.64818065623235,231.69283039655514,25.084676926373614,87.06112520643646,8.777348431911955,977.0852604790089,3.800621825397149,273.42152208167,0.10150069435719138
35.6340824570226,70.68992624531035,312.5,222.48305142860448,51.11799030161776,323.95970402886934,23.764480137526743,56.30405596769319,10.422578608893765,988.8514815987221,3.770984882486704,277.62967845874084,0.11648282346637469
16.43661730606344,79.43996402022388,230.92285873378032,231.9077835255114,75.30562036068157,209.12405637819046,31.098204114297353,58.04960555255144,55.727059640328484,953.8187812780503,8.659095488825034,547.6066545665127,0.11184705647347129
22.936656747719724,89.3961291270848,197.63542431334847,157.59197368658332,52.041660087418066,205.66088593363978,24.43264436627269,80.68529420065487,36.59013621974633,859.1024257390932,3.5669626164490023,1405.44373395821,0.09453774910127632
15.422987626460479,75.46610682039494,287.6680625560219,192.70754238596385,103.44291011634736,262.8271378576969,26.801481428390122,44.04517005847393,13.893080104684497,899.7091311632356,0.9210626030998106,987.6741774463593,0.12000994731182442
35.145263531419936,89.81753851857303,124.6148583020244,97.3431916894799,21.017218973627692,122.13436713636563,15.087000065857485,84.85046168519752,41.69054430041086,926.4142886129935,3.7527327924975453,744.3488415470288,0.07537813453395335
12.773626709878526,82.6211795273336,221.38267448572154,220.92722078460378,77.5434953487089,234.05183039777043,25.92343613391715,81.85929534217995,0.0,902.6195335522632,5.619990625328601,1032.964151743905,0.11541602839752048
9.30240796237754,89.75771365049876,312.5,317.74457323272304,49.791777565949864,352.5713346782949,35.574146037956694,57.77693069413025,0.0,945.1014626132592,6.2113521838504875,598.1760678973834,0.11959932012029938
20.6178147400881,81.47570949786255,210.856702448679,178.4183738514084,33.10819290476987,208.63193425957542,24.19566923616035,68.3415646099526,0.0,961.9950687285574,8.897771448196991,330.3768055803277,0.11287939421908984
36.77889135761927,78.66922586643271,130.00161443426273,134.23134384527495,34.49319028738676,144.95257304751414,13.14669150957545,70.7412733199406,61.44786625350993,844.4864476065878,7.332415627774585,1633.8586327545256,0.07444005818755052
33.858640721392504,74.35648727788033,196.8707684461368,196.88981051228842,40.42206182938716,222.38330105865316,24.986607063238942,66.79524315209481,48.38017517041571,948.0758782171632,5.138260669047273,567.2402899461026,0.09731269267728962
29.709632564251528,74.04300090161544,289.39256871461856,283.6314244659227,86.36333073582827,261.9757974984731,22.03105260563014,69.44947289587832,17.483392586030856,911.6723920778775,3.1954521583654003,903.6629605170973,0.13280071362524606
33.83298223547722,89.79323350657049,235.47014648270522,234.0300171591084,36.8403048245853,226.0176588413412,31.456689880366117,60.0062353510519,21.706204573857285,1014.7527832166874,7.723249376425246,23.70588511202853,0.10704260703336628
33.909952551238035,71.44840009298485,174.72386119104078,140.25960837739933,27.754428550516995,188.25894553068133,21.738362200885238,67.23252846144685,5.517570783880178,1011.223666492361,4.1365856094127835,32.424376082614295,0.11108119057841301
23.04689245120702,70.49348815321741,182.40452630771549,173.75628562202075,60.519473196059934,198.67697286749768,22.121565383018492,71.59269984470127,24.34982165008231,960.8860932442893,3.6153169748137115,473.7924836394302,0.09347748496117442
17.161942503092995,73.11244958564177,188.68165310917604,166.21638552288906,38.2158255376284,188.32395279997087,32.53731733214567,63.13910297772225,53.58363020968198,989.2114726334582,4.049267156122674,188.0631832128844,0.0950734758224266
30.38836053121865,73.08504883216374,234.7265608693665,220.14384482157035,73.72861761356639,249.793342680246,18.736729857881983,95.75193511230498,21.76225584253074,949.2583369521581,2.5458811699857424,506.6180118961472,0.1237540451647521
27.188176631865073,91.87012106140008,283.5764733135993,204.49109061060284,95.70154145156403,298.6172714372531,24.230003455199338,68.67414580467042,3.9938320097816558,981.5975839947143,3.9629638358922437,277.3051261992127,0.10670499632783019
18.83607413733759,79.55669208075216,269.2878173066252,253.8192692865978,44.38746262507731,292.1621317528731,16.609881068436923,82.15359730716904,0.0,795.6334104875612,4.380405006038852,2100.092224819365,0.10421338390952814
10.739533373783942,96.72126526345399,239.4672757721231,247.37854985846977,82.00281198841103,258.5443421706111,30.216317848427018,62.058116056495365,39.78449455014361,912.9242709587262,6.1151818904618125,855.4689818177283,0.1017146133022983
29.656898729121753,71.97912647592776,150.08442866379252,115.72489935830599,32.58412558430861,138.2979532112351,20.864166632614843,69.41270893549355,31.43607868501628,886.462961880574,4.101440996818166,1099.787119378047,0.09271441917549146
15.611354961763077,86.95265494511565,150.27004096699463,156.95172764889762,37.17477791935003,141.1881021635195,31.648551810568286,49.63745317421915,6.108486054508369,1012.9679374668435,2.5185733646906723,43.11144922420416,0.07170650155564326
35.1675813654796,81.01315570883627,243.32926772735485,194.99200746605496,41.76985296353045,227.0704408421569,18.059660100780455,61.83860944126471,4.636624609823642,926.5931992007004,1.91321012053794,737.3989645994478,0.11382646010187719
14.988146675164858,79.39462712421515,149.39311177002196,109.0404485359394,53.73035247513257,169.28032541735627,32.22537551479406,54.14971679163476,13.42796297412475,969.0034207634116,5.177225545541608,362.2975343573447,0.08747753494822233
11.559980039933095,93.37744177256839,205.38831561323647,142.7273169906964,59.60003257681122,231.75723049843174,37.34893892089893,63.957817210881565,22.21559977233495,886.4105917583034,4.930726536244604,1113.7566988843798,0.11051940319388948
32.10226749162228,96.29227372902359,231.8741889759755,223.52318564267458,64.03584134768342,254.91160090145027,22.852194887874784,84.47998064254602,23.328956197795957,936.2429578210468,3.8022371198162976,664.3096311376943,0.11650765135230662
12.445245182110327,93.31290980445118,159.78696689853223,139.3230756378202,62.65865391206302,148.47079640647246,29.51462214699825,50.521657013446216,23.483699001042297,959.4765275412254,3.9585783711142724,404.7597769839409,0.08995209796230194
13.198780936574433,73.57671969201886,165.45354994872352,127.87119260136092,38.6543238574284,172.66200828696793,26.651247496232486,65.18823398952584,41.837666454994704,994.4988926528088,5.499276479038506,139.2650438316628,0.1004473315417615
25.382100954104462,74.40313971505908,211.96061343827571,189.36140418617148,78.99662301566886,200.6859316845575,22.4017818134007,60.40966745577595,24.387941591345268,959.5909740283516,7.302983256640825,467.0064174518794,0.10636133306346336
33.36229918428647,87.02614249375684,241.8491810428694,189.32932779894958,79.79135831691853,239.93760134056842,18.03307649363692,74.93076786375497,34.65730862265154,907.1173986773083,3.3957397485408216,941.4980150034837,0.10511592166940216
13.696605305722624,76.38342386750756,269.7426051873545,223.70916917887573,103.07729036673837,260.7798188643671,22.6631176105192,84.62720084865614,9.180698050686036,888.0419431805345,4.960025105187778,1156.544968612747,0.1067047752266576
16.99938651410275,89.30702879263681,247.01933840519428,245.80045860714586,93.11406637984415,273.50790022232536,28.123975295321095,65.03199574766337,63.62698311938804,983.6932449988432,6.524886727209583,313.0009868603997,0.10619188525658152
30.54474030899415,84.42619887347969,220.34949641627642,202.1192313498415,87.64565408019523,206.27199505982335,19.336640303849244,76.05551803492364,13.48024468544917,816.4130140417072,3.40299427764495,1884.4581364041112,0.10391810476154191
36.18296635576805,83.97635428622169,179.3569289888142,171.27882489267327,32.80782381447367,190.39541390454485,21.722873338837402,89.17398529285322,14.54651077533979,915.1705642756966,4.77186219378605,892.4315314585801,0.09619598629926776
22.521494399867926,92.02786082032479,163.12131687444074,144.1009505697711,56.93000806407165,186.9327334922225,26.490913679817254,75.3862783612253,15.137294217397528,989.8868723156118,4.7316079144422005,191.67752180403494,0.07291076467988782
12.173027573986273,88.60545038053766,191.1228122502093,200.0213412275922,67.10772772677761,204.83848205539587,27.19767475769953,62.64094163567236,23.167467264154027,992.5633441153236,2.4396685769216657,152.82095956794805,0.0955417848067246
8.404152343537845,68.77075518492146,237.16344591569506,177.0576971253156,73.7799784872703,218.14492314532905,34.78639423183297,65.76003747289087,0.0,968.6005344309523,5.1032978305781205,380.7092294393368,0.10293209531187579
14.660024869966803,69.43431497723445,233.49785199803384,176.27137284908773,51.30303648838847,263.143293959664,28.84771209445068,60.64634021041655,24.393764857712085,978.7530374915361,4.856780421487977,312.3527301128073,0.10986281593352203
11.82284431580911,85.44519512122446,111.67156738041056,76.7209995028577,43.695640168868636,118.45783953189111,23.0728942787678,77.74650470434575,9.669708349466308,946.7796319730372,5.799151649272904,601.6014889819905,0.09000500274933226
27.652101534772868,82.09957019304599,177.38281525329157,154.6082455076513,35.67266586775922,179.87996527630196,25.87558815823286,76.45293101414131,30.81764157286473,965.3115433007928,2.6636043456107172,430.5777766792909,0.09475739687141196
11.533142634227403,75.54535500494676,276.8920442469744,247.9135458912839,76.11591857932713,294.86873956167784,33.033911062319284,51.90127414516005,0.0,973.3740554492819,4.817946693470205,334.4248447335868,0.10782142702934155
22.683568016998358,80.14102653212925,220.62741905687366,207.4746336522219,61.85770180171048,247.04999761837513,20.231562632572253,77.56624406779993,16.18648603076756,1005.415379718926,7.287121314580455,91.91055777905218,0.09072180797545097
28.13361063364371,89.97939924325296,145.81622101151737,114.34592656773852,27.771769029917827,148.6278212394413,19.60721121704582,75.13849844640414,42.19567283525778,939.9468651336497,8.539499697442116,678.7268557966956,0.09099897257977063
24.852381667406167,91.97173305507997,312.5,204.6571002331284,103.32256424478443,322.7594908447054,26.470806059526613,76.27012912409982,42.6855652581453,1006.8183254336395,7.104232684148897,83.24972049301418,0.11741631287339446
13.793493898141671,84.27546896881128,215.21958005092844,194.31999722027993,37.064425446436296,218.0415068595413,28.009314682497518,77.90601876419332,6.547055180643376,911.1694692083955,2.6812712898295636,894.415864513125,0.10880502969138084
31.31961125928562,79.17571494485598,235.88336463233705,247.55444821856182,76.25506371824098,216.575805640275,23.19003894197552,78.22246488766564,17.36273356375356,1003.908374126425,5.611894827678528,50.14289390033292,0.1200881396027847
28.74680675885825,75.8502060833581,236.64290446892343,181.6990937409236,85.70114462522682,259.54225423623467,22.97574357469579,70.58747160644585,8.647184208028353,1000.522891772602,3.930336165069995,77.74139229700222,0.09560482988659166
29.430536113550712,83.13563565230835,198.28689335865738,143.47519714781032,47.06321692385107,184.72465200548945,26.735668821397546,79.94476515152196,12.208911157789458,987.8531244454329,5.311021067633858,190.85854798342547,0.1012879037599817
11.800674795162085,77.12773893836705,180.28798257559697,137.50686722732866,59.01820898121418,180.04324210296528,28.726623220025637,60.288073660876975,17.23220266411729,980.0655854449146,3.410009929601537,289.69558028752584,0.10242181790370562
11.588860305859994,84.35875897436947,312.5,256.3019343471309,59.122969386550764,311.4705348131038,32.12156949895597,53.09752446714023,20.485997134554086,986.7370228269908,1.7157478046658596,241.4155576065198,0.13133534805868624
34.89931397918872,87.6229190927795,266.8269601475542,200.21765773356304,96.45454414651576,258.8248724502531,18.71883336793468,45.072066460044255,7.65511801441118,973.5013145058043,4.179868970340301,288.643295737583,0.09776590103821753
19.52976762092328,69.91629711666245,257.7635267221005,203.31974827749494,100.01429105089278,257.9250881252209,22.022607018893563,73.6805048675136,50.075161465747755,951.3083717237465,6.100684853898027,514.162542679016,0.1059064704547011
16.727512061647253,68.03095648565967,245.48112625257718,222.22981565155357,46.19302390088434,258.86040674007745,31.241080254481183,58.791671401480706,24.41751990053443,991.0629230121356,5.31839955985286,195.01633277557852,0.09785377141449288
22.168937315194466,74.15603702638154,166.50079714858245,131.20449208572498,53.77390805508543,162.81227635985883,25.892108886342196,75.26385765167974,14.874720510101508,949.3235531059855,5.5253061478458365,517.7204640485636,0.0942565606810427
27.22306217014389,93.94083343384465,280.5431762536804,226.79771830620723,77.5583420570145,264.5881203642002,29.093829603973305,49.012662376377676,7.41794582977179,1012.0771189906093,5.18943058136288,24.244306030825356,0.11965759195455763
35.71307445436213,86.74243213362821,174.5100337660792,116.22586475707081,49.364496651091116,194.98736879291013,20.773038090498375,68.9097840186063,16.795790084488274,989.6526123744904,5.528149454722279,188.26780795175915,0.07068020136313445
16.306940579579596,72.98685020617366,230.831006574199,234.7959909239675,75.39458420585972,263.77247536218397,27.46740423800781,74.72877566823861,32.376378808070854,1001.5873016408225,5.753121166356063,73.30844195001633,0.10491998110386416
34.819444450048785,93.81765489288495,134.69717139343823,109.47571655782872,36.6625664105244,136.66994023482616,22.571039190434398,63.64480718416268,10.213729442505471,912.2703134849336,4.305573427881687,887.3853191118764,0.08934754262868415
8.720925250201432,81.62872226833287,114.62372413429068,89.55063343066033,34.39647030743681,112.53240604442684,27.061746048407908,74.44317064740228,17.692170673319243,988.7878172282062,4.949203010555309,219.5089703396957,0.07809139590266592
24.100743227477917,81.80666094368115,232.5812267993224,159.2236376041615,48.31299461087642,212.0839640945505,27.425843937163155,64.48909889958907,11.239624198864522,934.8236609241665,7.937865074765443,648.8796767935751,0.10559627991785751
26.385278238751468,95.13071637143699,176.21170330692124,159.23780898687696,43.106078516079954,160.21395116132453,30.376277438266943,67.37089495158646,38.812446401036695,1005.2878967585378,5.05565585220205,58.39821676953181,0.08782626094364569
11.071024708771846,69.72511407331686,117.20828810180302,116.68436472218791,42.93457827239183,116.99971582552712,27.842763210384174,75.67736949586121,55.91466090707113,886.6193317686077,4.8766142936170525,1143.774447390651,0.06944753991390587
12.069848314853466,74.24016996423283,243.69714181402045,162.41470907082152,43.25030326382648,276.0017578964312,27.011528910196027,79.9187471029963,39.153561589489584,957.544743483846,4.9851921130075185,450.1002714289858,0.10803153984976105
20.15431526017281,84.98736842948695,312.5,221.28405842075443,93.56056726044062,338.3366049532472,24.02888079183091,73.70181947974135,16.072022799212956,958.3964354198558,4.407764667030804,411.25622615542113,0.12629789342736975
36.02072545215227,73.66910877787812,286.14467959566974,202.7495100102688,56.10489253355794,282.5156081249387,22.203540762089926,66.09706444154061,10.834955015279244,995.9716220451078,4.016359265302555,93.17300177703004,0.12386751711208153
25.285234043796812,87.70628326705977,203.80077240338304,181.56813434980538,73.70147184221558,232.74284745665418,22.263966586749614,69.60843810680382,36.349271324202434,991.7299703003149,5.1756213438577765,166.8470779045505,0.10637953094768124
35.057673426406126,74.20867639076488,217.10893200151398,221.12375402994525,63.99524340099663,218.6698314171276,18.78574464756121,83.34095791282061,5.266150938297244,967.5764420626773,3.8897126364735275,343.16460948930927,0.1051078877764422
31.32646655277615,70.87555214736561,261.05197950586233,215.39590619381062,65.46196756425493,253.01110498713624,25.93135185026743,61.04238268495999,0.0,991.275296793433,4.538073126941012,173.09795513134247,0.12207265377078783
21.55406644510345,74.00256962958436,272.773067658412,214.81494979979965,57.95232080095381,274.57018150996595,25.43826134771067,69.86872495542941,20.633603516535537,925.2006809132128,3.3770735282526827,827.6437898625987,0.11326290029904494
30.758140028313434,80.2592869938898,199.4898807253817,190.7794092812295,51.710006343021114,190.09107593266035,19.447680202841365,72.58301485411215,9.991341633959994,956.2631034081891,4.994421248161771,439.7077179406776,0.08785599637067762
8.517266735332644,73.10801067601932,218.37555245289536,206.80768073250943,85.03611304514995,244.8884611366812,33.99630474456856,63.769338371155506,21.264066149583485,991.2919641073356,5.851550899516849,175.16961732753936,0.10451330625635341
11.165175906206313,71.90606872277708,231.6974070048935,173.47241760640793,64.25022906483413,229.44839618019225,29.009115586673154,58.6998822381677,22.03979418735819,936.5553937923281,4.418553252160352,740.9971272290089,0.10530649658260485
32.05342983159935,92.94817470034928,244.36048268060827,174.55415675092394,65.33524454700887,260.1198378507205,27.47084320624309,51.50388191288441,22.06772098558321,978.6995219890769,1.1849188135992312,306.6858527380744,0.11214158909681493
31.10769556142969,77.29151890432193,210.01284456610333,166.5662300567026,70.6836982845139,209.43778733353474,22.5153986128824,79.19510726929052,37.56494639296028,929.1569242915336,5.862668779299849,717.3862110366288,0.09101635335573958
14.746581517026577,78.46200190902935,210.6624044132295,202.28675305960687,51.56210249379472,237.08639113271633,32.41406521939513,75.71006205937037,35.88176716239154,981.0793905323436,5.0163309169675685,266.72906847478475,0.11387902800650539
23.39231812737255,69.6028418755356,285.6582831543861,265.0981299089831,73.3730403986614,302.96780050557516,25.54279594217687,53.64401367127694,15.076258534357441,943.5045822949955,3.012183389975772,616.8542476722282,0.12656110328578624
25.574458800300317,78.36371908155957,277.142701788811,253.95735423298805,64.91705644066404,283.25729361644323,28.20243081176183,73.12731695985269,6.798365524637261,984.8897881577351,6.191886436181892,297.71598953743785,0.11495714031550791
33.16442965950432,75.67940814232581,240.5371953384711,236.1525448081196,45.15603296779568,224.42980060226827,15.564013286151173,90.38061851953083,20.535852029374148,916.395311902049,2.2828346387114746,827.8474772198313,0.10216618247822196
25.490107562823045,85.70406695291186,302.6221201678131,230.25068318248685,99.39693247450366,340.5948913327849,26.35291961714764,76.87677477390513,0.663525724704213,1003.030664438841,6.681733707584042,60.051560755259544,0.1322512605228474
19.96457550893673,73.9563186324998,197.3443785553458,155.08771554423285,72.6735925732942,204.58774946297945,28.127194783805425,65.331542386195,22.451909386605568,992.4680733002913,4.6967400846350165,128.04258056402128,0.08795818839335252
18.8513372588083,93.76259813882237,297.81533909813567,198.6237055499484,112.09714634447367,289.25709213918117,26.45839136772817,61.39832320830988,49.600300488985845,970.3178260999688,0.716042864320805,368.7317918138463,0.13866716286103462
20.350580504831786,94.9603320066671,243.7924388434442,243.1825458154721,90.25213992769197,272.9211794796595,28.83783890731373,69.73950966764892,21.16397968673648,980.5417911131909,5.1209932570738275,228.519634490887,0.10484797473573025
26.90599974181925,70.89510065812692,312.5,275.9287168652723,82.1706095654682,285.5031583901881,26.74573371424316,73.08126361707428,14.878675255563227,977.1409098937843,4.068853737436315,290.0508899345593,0.13944406820631405
33.157228320817424,71.11468573236874,157.0425703275428,120.80482710864409,34.70900679081835,153.66917488928527,21.558316312784374,75.71142206133149,20.861404715413148,932.3581141969336,3.797671274718354,668.9041676904949,0.08659895998889873
21.163009580212695,71.34446670521865,182.1994040557996,123.48867290094776,56.38724236094773,188.43191734503438,26.352832713472736,69.11638752804616,42.971190638078085,983.8928971429414,3.472093629378807,284.8803816314683,0.10588592150863166
15.187347325589386,85.96750843299904,237.60655807669409,223.19899960041252,92.35202073573052,234.03143096211565,25.287335996382748,60.94361396166623,30.76310262844725,949.3161049692336,4.5710115764522286,531.6503666875985,0.10284351631566648
14.863208526929853,71.53709996207907,236.52836931561626,224.58250587289407,78.47128145263792,241.06582638946858,32.96731870526927,69.8530279488731,31.03103292248383,992.616726361832,3.9266603738991455,187.01942212899715,0.10538331662871815
29.634414127059944,92.71908721997772,312.5,286.3973315143778,85.53504387423096,301.8997072133581,26.408481815409978,75.58175949180726,11.348368701301949,1001.4682421449728,1.4579575622609062,44.77861499342496,0.13291706936107658
31.6804941392934,89.87387393319888,183.24793250169,134.04813276976856,59.04287666750992,170.88250361824169,17.570602844544563,79.95173897898107,43.02566156124806,931.5021259259355,7.089722196018968,714.2304385840866,0.09932075915702059
11.053064315769625,91.7744568889027,261.91259260136087,265.9162993865585,89.87124077364768,238.13447408953218,23.62484436289028,74.21006096040034,34.78838905931687,861.5467349036571,4.360156219268751,1320.9200836069135,0.12387660906933366
9.930206851700166,83.25575527969461,274.7898169007665,261.39744264313447,104.36993053582583,258.1407528875004,24.349374439075344,89.31299532620078,18.028011255124458,954.2594785810049,3.482516971419126,490.8590216179187,0.11403588278190215
25.2385762489371,96.90363913405545,251.89905827769905,230.00966727530584,85.84819116372728,286.7207348178957,24.961849361283274,65.78673266523941,15.4959558733403,976.8666666503475,2.7688373714184036,385.1267991051782,0.11366973941914538
12.239024081588251,69.28107798538068,168.61684957045068,153.50499766655716,43.55333412431746,176.0108305074573,28.408005128310673,82.087946871918,43.12603741615381,964.0827464750757,6.187317721415258,452.19943588960865,0.10023755369835655
31.915261523233898,79.63668396139728,287.0546069293766,290.42551215343923,62.693193942262674,293.4387103778892,16.876665735683954,71.15842271923447,0.0,895.3726724891463,2.462822455626255,1038.2653133530282,0.11635041694428468
16.999705543798157,77.39416339919146,278.1329132324374,284.0635005221863,76.47832290554605,277.0428991718866,31.83197132958294,77.62392866589792,2.5106588059044874,968.2521066259537,5.04117714334434,495.3220499163813,0.12119152104801682
12.172286056163138,95.51071946266659,246.64589265618554,219.08443929234508,57.232819422750026,265.6635332109913,23.836691764462756,85.26432208923524,17.203610958298654,924.5752436416061,3.7494317966275537,739.0909595423014,0.10943589503956784
34.708143702136056,84.7289677964302,226.8840510271144,185.2888907269302,87.50717014255183,212.20802645928833,21.67538023180386,71.72918378053808,0.0,935.4426038305116,3.8542446109878017,715.9913879159211,0.1068266303090774
12.800419959323067,91.37953799789703,227.97206716888522,181.35031854766547,63.14631592095134,220.91233463595879,32.81732360521004,82.3557716564403,33.218119028118586,907.0387600869843,2.81359284424338,877.1089819704174,0.10256194861335508
16.256882387800133,72.93989461609705,212.7298770546978,207.97143655003617,57.01460313633332,226.33938366822446,31.270935373004846,71.673610569057,8.646810129807982,967.8078378498931,3.6834250214610114,378.49325040252813,0.09417074984147855
12.4547884605697,96.38039017311273,248.70592337929875,225.78571670003402,58.955503995241045,253.6218673294404,29.964439040400066,59.25572435627427,10.621746170578838,976.676776226556,4.815862304712344,263.6281086845398,0.10725171779903411
11.349211846295294,82.46054685941314,218.22340931391557,148.5897186724869,67.61690473723301,238.41412321723942,24.8943139067397,68.34298293071616,19.067294667716094,942.2556456291134,5.223562007428187,621.8760047978277,0.10400151296191457
8.613292473756761,82.31649021184873,174.2404178990346,123.16609176522685,48.7895507138155,195.89457463721737,23.893015349204116,84.21321078170322,29.45323963870306,918.033882399819,3.385933533690639,834.357625871275,0.091594985976353
9.606466865763544,96.1556571278264,164.23708442528707,165.89166761755152,29.93421737505139,181.6204544333608,25.725834148523056,80.64997969994806,25.209638189861312,904.4878574678719,4.636318075612655,946.2078939311901,0.10367402377648492
13.064602657139728,79.0412384752972,179.06485398405206,179.7451677854326,65.77087052964782,169.40465044985535,22.610208560244136,63.33142913801178,27.12970619393696,890.9802743920352,6.399217975746759,1126.029718002539,0.10263236873461049
9.548076046188086,79.5282257120948,227.77327879413926,234.77343029718128,54.60937429576162,210.20456977923834,25.804833708144635,69.96355991157932,19.9395936950229,921.2077671152773,1.8072685974916691,782.4498248025222,0.10872970949206841
25.143170667218165,84.95782838134316,215.3188748449063,176.80702420376488,55.583406431927415,202.90792722601694,24.71415941726928,74.2639022939497,15.996704408857155,984.8315162972435,4.788715847534653,251.1317471317721,0.09629697972124526
27.740721277185685,71.71352570588581,227.43385633110415,219.16080494449437,45.808991403982,249.24082238409807,23.04152057893666,68.49073764609459,9.287004685752905,959.2947031642323,3.088588898276088,490.41428256521533,0.10044029662002539
19.41528324812882,77.3114831659438,241.70732334397223,237.18498196503515,69.69619837826379,272.7565076670222,27.91292786993552,93.24765493779879,34.96601036373819,953.7730581415079,2.9051684901902433,457.8931393592135,0.12533936600631265
17.221741811609434,73.60304135090878,185.3006203708227,143.84493624142132,60.31790270624668,209.6421206604905,23.737673058541958,75.34649898721969,0.0,961.0085407308479,5.269820723396581,420.2214415012418,0.08748923108603945
22.63126087364467,70.99522089410443,289.9496750839341,205.3235376636582,107.36585086527055,282.5716003837556,22.29559752102334,73.54540007415083,8.42182135226765,941.3401803322978,3.818547356398393,622.7882974669795,0.12069931736754749
33.375143324803645,93.11819358359958,203.28112531429295,213.20338775910093,33.11488484974508,225.6593980255536,21.733766737698225,86.52149705242232,17.474339124592827,974.4689442486678,2.6097543727768198,350.9861416921754,0.10442689286224524
32.68281717784397,85.0906038176968,194.99531742759123,129.1039976190957,76.69808878769715,201.6366402767291,21.866140240919716,70.85495245887587,32.032574686758615,977.5852401709824,7.183709745725977,351.403027760848,0.09436627814572912
9.260776798370966,78.40151095430943,240.7859785332893,214.0429315266445,78.48525771035884,266.23656576339454,30.018372156535744,78.05957838094463,0.0,859.9647627569839,6.456161125797292,1374.9378477124478,0.09962731738066515
13.263453878299199,79.85141194363467,124.84115654791304,113.61605268034079,27.599217623932947,129.4716661763551,29.687674107174136,51.57253675843084,28.77704639915898,965.683486099571,1.3218492785534952,394.47613559878624,0.07253435418364093
14.865601262027484,80.51405110693328,177.1399441805207,163.44981410908943,35.626153299453,165.886828964466,20.719997470594244,70.88746156106895,26.893612363075555,910.1552579539145,2.1460293695962775,872.7121086363098,0.08923683940168932
15.232239699134144,86.36132628219657,265.7203066012583,199.8883922921197,59.52718912164579,244.41083679112185,26.475273974304326,81.31048500432901,31.193058165368146,911.1511150278392,5.868222728373627,907.9977026265029,0.10764232399637046
24.565746900540407,94.87631235318081,129.79557021356115,121.83023642603071,47.885666354095505,147.87671451494654,26.034590230212107,86.87430502172703,40.51343896989719,953.6552389278694,4.287227100532554,500.7315871384481,0.09266698280918922
20.07161034539258,95.0506089700525,272.54537651332447,200.74597491438553,60.73606759349195,274.3034683777372,26.423300038028792,63.12840283951704,0.0,969.5022115270117,7.501034359838923,362.708709391599,0.11530403095275722
9.428369477900226,79.35326740638924,292.2234949846234,286.8510543686903,77.64532662095952,288.60873746520065,27.894466361446504,60.786210548656314,3.8543249714965873,989.8058700157701,5.909405517373818,194.2357163434681,0.11732370521800033
18.834810015327577,77.54861132833531,198.19389977547925,146.19707011112808,64.69732926387859,196.02878426599747,34.19111418434801,70.32157295622619,38.56168532358848,1005.6753512080601,5.339037942937196,81.81106603795473,0.09460708818374533
23.18883551281148,81.0803485053724,231.25730503798218,214.76459174982753,85.1021022320031,230.03941223017685,20.741813264485938,69.17621043923413,2.299781255456665,935.2370101890388,2.960647154714213,655.4070942143786,0.11263538457517093
10.948485184207764,84.47009268242628,272.621020909218,262.6336573118348,85.778238791424,309.76541881242787,30.77474613822987,64.69442391186216,12.927182838031744,944.7763449443337,5.684592530756049,562.6001110908695,0.11322353809252608
32.17029805986823,81.3927194320427,193.32720726449068,140.27402642645828,65.3982055224747,177.02511222937366,20.984514216569497,83.97643887411598,25.864112122432264,931.404126044992,2.5036248814491593,726.0055082780716,0.10359121868350303
9.506894127488023,87.10384888468433,260.05544269297576,193.79191030893142,50.276960589271354,241.79053237312803,32.80464410883755,60.31526289678983,10.204937697242165,968.2469715045746,7.1494401601381234,278.3957656051582,0.09896408504495044
34.8204142015238,84.07757167801314,183.1092269101331,176.0854308045642,67.63175128987588,200.94642385119386,20.12395060350309,56.246582001840665,67.96989270546376,848.9423899562117,5.559849460232836,1468.246366410928,0.10519181100106054
10.87428110581639,77.30075085412821,192.78655200000773,131.94303688682464,42.2067204824993,199.98758716789283,30.28081634497466,54.76450256796146,19.891045308285605,939.1012116353972,3.3153049618363335,599.6836474021183,0.09403753060858537
32.46367359633483,78.02619336711635,176.699843450418,128.3378704176966,32.1760768903723,164.7079653577073,20.665511852302146,75.56714637536109,35.24150087295426,973.1132821669061,6.2484193706381665,382.7016179750111,0.09204730304444537
34.1769411739009,78.97919083923219,233.79902662640686,194.57044029334335,92.13109520176998,212.43331057281316,27.1100826435449,51.67770240043524,8.43562920274971,1006.5732364177205,8.834744800445403,40.99412849561129,0.1003392795164198
36.40754973701119,70.74455327923228,274.56511929494417,280.6255324344374,55.025590440977965,262.50034001177727,19.53014734499195,73.40427795103324,21.731451985749434,974.9439169089012,4.408289220342988,305.6519828202961,0.10872639841017158
31.258750527934215,72.81581634000523,207.46102006080847,181.47676255011052,38.206642285545286,200.24193347677382,21.04639084746742,61.241922159586146,36.942660943657756,926.7734377392143,5.790743741444326,750.6200836569014,0.08755255608026188
30.604848682368537,88.9703002622162,153.1042086710465,123.25977970386602,46.92723993106205,138.3378064654028,14.770816377591057,96.58273696658313,23.214908148151558,886.2993898437647,4.022707224556197,1106.372626588764,0.08094835554081282
26.632015003870883,79.28380463414032,162.5313255523259,169.25168524850895,37.33601142219634,155.05856340590825,20.988694984160524,96.86046996032832,29.799773938873123,961.0794371598872,4.953633991713021,431.7093470790686,0.09534167303994913
30.590894282765742,74.22163020424416,236.3966377351937,197.50573199607888,43.34032159761133,256.39100252961674,18.069300850790224,66.96258829594714,6.111307791357847,876.1716683430028,2.0869777919433945,1229.6743602583879,0.10063292521738912
11.902014043981264,84.31749990667086,308.8724873363802,254.35463683569992,92.74831676667986,344.04022147012176,31.854506738053946,69.08398140993602,0.0,990.0866489004082,4.799046875689442,180.67474538253836,0.11081382748383073
23.54597304248148,89.91064673172939,236.35291663238658,192.5467297756752,80.30003052857548,265.79278951659404,19.200377337220594,67.035660810255,35.09899399264511,944.7301146429104,4.8784391936951,575.2267049729662,0.10103767003238817
22.91246323552202,75.46524850801578,197.32183913410407,152.89917386428414,68.72711636929996,196.82429372704843,25.948987625537598,68.14765387902482,17.091709941629674,941.0578537834461,8.038195998320546,587.2520576719479,0.09445648038085143
32.86959217955417,91.97690657578859,254.97586500918086,198.95203859270404,48.15936974211007,249.83897627277904,18.08208809635487,95.56902280247417,0.0,932.4540331369053,1.5689943971339702,659.2112851677134,0.10919650390377404
21.42118160221196,94.89764092912644,204.69173488732937,189.36745212347165,59.20028179266118,235.38837431499374,29.47044537560314,63.75675822225263,50.77658211430493,957.6026150948861,4.294409773605997,478.53418510602904,0.09820812946933492
19.16759538691025,85.32444134314139,197.75240579845635,131.76919881562625,69.8895747068752,216.01189648056405,24.922050424073344,69.20198503837018,13.305709284292451,950.2572174511678,7.118610992095864,552.2329840057575,0.10606468725825993
26.54733486587619,87.39948211075581,168.74371138190352,155.70432630536408,32.10716174806956,174.53803635649558,22.278001215896857,64.75230635500554,25.992847636494012,986.5421499163314,4.364811307562238,176.5941287327532,0.10186567902594873
15.727436207524537,69.5247037193686,287.08910887898446,209.71336879909995,57.96919447955366,276.6657238857413,24.51239777724039,83.85197555485632,36.55023125056705,899.2656891467535,4.491585240627004,1035.0688706672959,0.13523141201372343
12.05328391766475,95.42007683963529,89.70627079188351,72.09542288507272,13.510019986530757,87.94142220355016,24.150580549014894,40.046868535547816,39.41792796840287,923.1194174131267,3.3001337552120864,813.6775127610446,0.05880455986345874
21.858440946688628,79.38205729368337,256.5596266806302,181.80215098010638,72.13392982926514,263.9590852476106,28.93892116470558,64.42088985291932,14.066006964877516,954.7305058253639,3.121310315527036,536.2433213754623,0.10340448667322594
20.089791689251665,94.79311161581747,193.47941977678985,168.5400033701759,38.43863840402126,200.3519499971165,24.0079377933654,72.33478882395309,7.555491365223524,919.8064854195883,1.5134632215003259,827.0376229993026,0.10333567107583577
14.744528275337338,84.79034821775704,196.14963009408606,184.72198755568365,64.93742284591775,177.20543233829508,24.038666838326083,66.15829323082998,1.0550499914735951,896.3811203343162,3.667412554240522,1057.6197326709978,0.0946818619930662
18.657842493338713,68.1339451664565,301.2824244725573,238.57417262995145,117.66689449127345,343.4167779577436,27.331162478327006,78.77052509465007,7.311842360174481,946.5738454080521,3.0191609007981777,652.3326176329115,0.13010834651257133
18.625381044961173,69.11771798037964,180.96011205666412,129.4528257102727,36.58812097892849,188.90454360631142,17.02327698057921,90.40165125524138,33.298129802623805,839.5591864781717,5.012469900582732,1573.8328893472499,0.09546065830098192
17.49737136796382,87.73214536442774,182.66320896524618,135.28078040504565,57.04101711940669,191.30127194674733,21.8579648824661,60.393232965231974,32.183399778374664,929.2782235783005,3.3821972356372827,691.749028793504,0.10700244922476239
19.004458312080942,84.31737240112606,210.14695472069016,205.36509594677068,42.65113495320442,200.24226294104537,29.352193064565675,89.45311208605551,16.25904058485824,982.9522335625076,3.9367362269126875,203.55021075515043,0.10855404255289172
27.886557018222415,68.76944067897615,237.3590359572786,179.69491166382775,36.67237806560209,259.01728718153635,19.84296125899196,61.89304274927128,19.70001159661235,960.1067613706647,3.9860302924962117,516.2886101006285,0.11650158328007823
16.609417762567276,89.56033887544918,194.5738775520232,186.76777539753564,66.08478935822403,210.9795939107712,21.7888424840445,87.45523282952281,0.0,923.2237540851912,4.71330267187733,849.638472968097,0.09544242778099657
35.51687987474487,92.71221477500627,137.97372013987243,107.96164379698585,35.66636796988739,127.45867302379176,19.729478967095247,77.71469381168075,41.20644728945131,890.0608677261076,3.848659938471286,1058.3135284011187,0.08254127036367956
34.57409256660716,82.39610699073994,173.38175762257836,125.7872552517086,67.04615617923056,181.83387436981243,22.55652557820055,68.91776856630142,31.41382402816393,953.5709177189185,2.888785038113162,486.2890589064603,0.08959749827288209
21.946402420702277,81.5069657703604,280.7333594898926,264.14859380041565,79.60797157901867,298.85425887132635,23.423621107040287,69.1674338176094,42.49490948925897,989.5072065424696,4.954379599106109,188.94156972586404,0.10793733537598438
17.522474945135976,68.1587201562042,220.40550612344222,184.57154072547988,41.73834877910567,244.40591211549702,25.871263878486563,70.96786099060762,22.05136877791937,976.2204706377901,6.7214697892763,356.4102936486393,0.11585537393424121
23.52760890507009,90.81284166231438,239.2210308518578,158.48654057057627,62.7820310321696,227.62426383421436,24.347199644219213,74.60641890326245,4.976805090030149,994.0440106514526,5.031239152423394,117.82376186121579,0.11310692092728378
32.60825417443511,77.59076593563705,203.5956063080148,210.5131676550918,40.86631044081528,227.9066928204162,25.45763056472468,62.432352034505,23.699812042465496,919.9313023885871,3.70232321117048,743.0730613907949,0.09859094968282674
26.92503287624296,93.48414497369365,183.6917818580032,130.2560956480837,67.87545768452134,186.51517376113014,27.47948820474562,67.6770098594196,22.52923572106197,986.2263245995906,4.578336470831474,302.4635952135284,0.10366351923022842
31.327363010465245,78.81875703918354,300.54513916043726,237.8402400216297,96.99366903562306,277.7430513935146,22.370689901984356,66.39671984913656,16.438847157490386,986.8085228551785,1.1088610133582297,233.69975105616467,0.11773149661589316
23.448946005906464,84.38725940829046,207.2570738141126,166.61766200660514,48.76960010325675,192.00405275845543,24.752326290786495,60.04764369663208,24.3148198537609,923.9365774616407,4.5490750508300435,794.854445862787,0.08554847770076694
26.354611248761003,75.83991185778049,194.49817269031033,164.50110067500734,54.83974797724618,184.66650661863844,15.42847025025809,71.48410677521456,6.926073580663793,876.6811089676722,4.079362135637148,1213.142875813845,0.105576566603463
16.35651281129139,72.65706106496265,271.4737849844336,261.748944894464,86.1576479142355,263.5162575762034,26.860492849755346,59.01185939324132,0.0,987.5275259574179,3.119771355588278,232.79820212069814,0.10635184684792684
29.311901706998434,90.4723291980585,180.54864872329742,117.79645837641976,62.418273029229006,184.9001331543722,23.12316877712513,69.2999158507947,31.86132573100063,950.148950055281,3.4462229658024572,488.7092372085123,0.09172763044545115
13.869733200645832,82.40112388654217,186.93029947796686,191.22760658511308,31.78503040755098,203.2283409373894,30.29082716311189,72.09208732419464,47.707173194343554,966.5596286131286,4.061577897228636,368.57641068330173,0.09638400625497276
28.14914573573645,83.55814978881527,217.1790008675116,197.2844887790158,33.799505031432005,205.59933698992674,19.305617494440114,77.76260954622752,23.613368130649047,890.6558588270815,6.586424896811684,1091.6340202519657,0.10651462428238545
32.96085298145093,95.99706265097032,216.68017187107566,223.23681672541392,38.70193330413132,248.7841450440409,22.78901768244819,93.51223362064796,34.697434528141756,956.875222054236,6.765708750204166,403.1207176977771,0.11174398407469653
11.830982281744774,95.94381745444245,229.6472340618274,224.3552007076968,57.12453763321329,215.95577687348853,31.058957650221927,45.04830374262328,35.7450522037799,991.5224154953327,3.1293747091959405,172.53465517112983,0.10884588126030073
25.817012475715675,92.8136215293697,312.5,319.10477726040216,83.33645391266343,328.07640372829275,23.96299157957915,77.52301639847857,12.126877686920025,962.7552421128487,3.8674607281618916,418.38697464223515,0.13301562128834374
10.757776698668103,73.44066949018597,233.47907898428517,207.8898233803894,42.987095782398626,264.35321043548186,25.70348509092034,71.50141431250725,7.760765834436102,905.1235019402557,3.9133380768805592,940.4760479955244,0.10156535101086062
29.04575321987138,85.23390813474582,97.76396852912666,77.51935720680369,24.71358588793617,108.33487904881261,22.447043725341178,82.19906844344672,43.26502599631447,969.701150138338,6.257181927990224,351.35800494508135,0.07633412292215247
10.450303345882087,93.46627531501059,232.9816138382447,192.7143822812037,60.669739444317116,247.42002040238395,31.508819787763855,73.957596212893,38.1588512382705,979.1014689476386,5.06191179473691,254.89776117719654,0.09229554770238076
35.142254858318154,78.8594541570192,218.5606663911466,199.5924252600283,38.74479374815636,235.79925629623628,22.599053205224553,72.2708399344686,30.164258285326717,960.2968448702895,4.967021752753875,388.934060327077,0.11686774636214955
11.984829971096262,70.93207881213196,218.83916788423957,179.61722429857008,82.97615091314458,204.2976130142118,31.333222944069387,68.65993449331204,33.3978049597939,992.6847671461159,5.765272704158141,177.86067800057057,0.08912173694327256
35.80752713136333,91.51792416495773,228.9640321364752,215.83732117163012,68.64032167512882,206.62075186075216,17.722414105808173,70.38137658616861,13.71720155415133,968.7668656760569,3.726455864860323,368.1933747019144,0.103608246587277
31.225641106467805,81.97114298950298,215.23275228292673,147.80876950095487,53.19130573739213,217.0702364941765,20.442814660965684,81.78254806477199,19.679780761378762,975.6035582790968,7.254995833837303,271.90456639017015,0.0912417046881412
25.21677812952427,84.36738773041617,214.0360620138972,210.18226985816773,59.229513641321375,197.42252542979813,17.78546241219639,58.98286954901588,21.11368103440991,822.248936421824,4.796859616643637,1764.2184433857194,0.09718813019864361
30.69609903425686,96.48218459321748,247.318877155206,180.9571521845277,56.52457396289422,244.70672991760492,29.339784263312577,76.29643697584311,17.132098388667163,1005.4522198687853,3.259357596854556,55.26682945169283,0.10791545085231187
31.05833033050949,85.60913148432809,189.5626268069416,194.79058279636791,68.92170265134959,181.20968204579813,24.37045616548654,72.27190062524967,44.08498071914414,987.3406768073388,4.386647561163888,202.72910058523428,0.09308424422698859
35.43478482170258,80.32440218431694,169.28234988470788,120.56599083629106,49.7273268466485,191.13444651467762,20.834451673396273,70.46181828297209,0.0,974.4772372265086,7.017470983574169,254.72806692947347,0.10045010869748883
15.348117261336428,78.72954666756874,312.5,219.27052451279974,85.53873549949559,350.00437492250444,30.227084289964267,65.49300057356132,8.583074568727564,994.700955136681,4.03474415522921,179.01600581605157,0.12552834881919944
25.112200965390965,80.11095948696732,180.873794477605,176.3068115175078,68.31989396968163,199.81774014837,20.324118276491006,74.14874303292338,26.676485192936433,941.0513044576007,6.509204038280696,579.3578530136457,0.09171702548239549
10.756426729367636,71.43357341218139,221.6738122896705,216.68188009846511,79.69061042567395,239.07211965867913,34.78749387004077,77.1430425087724,1.1764110348871917,986.3500314469578,3.674377573011261,229.09770738165733,0.1001418689561986
25.868805300699517,91.04776619410958,141.88365412289832,134.15152958406946,50.11337372681044,133.16036078536936,26.877358368979426,100.0,43.79396013037723,997.5133425284038,3.4218053458008484,104.72370154997121,0.0939115853780203
12.967447818690875,92.2937888874242,222.49008741923777,230.1019595757041,45.922466005917585,202.93139689813717,26.715844658192978,82.82603251494945,10.758984007940464,958.3441557270088,5.9872753390697255,456.1961609389289,0.1119424027031584
24.383567732700815,76.24751690262886,170.0053891321999,128.90078087606796,32.00874690740779,180.79596514983177,24.954920655927072,66.38280561636078,24.143701889872617,978.3929687935936,3.2268493908376663,335.07403989150254,0.08233763785076055
24.60048490698164,76.81010193388838,194.5430195241661,190.78045939831392,62.744818105633954,206.32542690175197,24.37569762579709,78.79726014221511,53.55027568768573,987.0853315054231,6.280572450291052,238.8373267614148,0.09323298709816931
21.51356943645559,93.35569343370958,268.91989995522283,212.666216618679,71.84479216581293,266.86429538400176,25.96606172069706,77.96044228401719,29.81161974980241,896.7033031258367,5.432926798242029,1073.1998178323313,0.11882012574282157
23.15632148988056,68.6951403103107,240.26714508557032,207.82133772100266,77.10849716304826,244.63319954313735,23.726360791917358,63.76730414199391,27.577232324341196,945.6976382820875,3.227530917958334,593.7010697138777,0.1119662999793367
30.15377831019105,83.0932658692496,245.08714289540762,202.99097814345794,83.36806021595004,250.54948510893817,22.63562015833816,61.28351090112265,23.94858258535492,951.3047250323527,4.671403060810198,546.1091119069591,0.1016791724204959
31.178096778849934,81.44659572576353,128.10642474707353,83.56894628135986,28.6738531134247,122.97986609296522,23.188799765041665,72.81615089879878,33.313835951258824,936.1727548006004,3.8122062769928324,603.3409553857892,0.08653099262024092
22.272443251687445,88.01367631777534,308.5114251581173,271.42368636406576,68.23119147236585,301.89127993648214,22.496103491792024,82.08019323358073,38.713945206833934,944.5247235168209,5.428157802004307,581.0402598039569,0.11869775718197369
25.388209804155757,72.73835930433418,157.0726011195729,149.06226838503426,42.83493787387766,157.7947249156796,25.600289936693756,55.401685374630716,43.471624303667646,971.2590686284551,8.198036840919755,349.1608383762003,0.09913755905666224
35.00585083501295,87.38159148305945,293.0947073813599,210.97571171256917,64.00817010780914,307.98238196085146,23.183676064129564,66.24408047215229,0.0,990.7383832957225,4.13273171480264,231.26380863308842,0.12534345371686306
11.472274066532561,78.92528622837142,267.74385996574097,273.81156362691206,84.8276322292316,304.9481548812885,24.539009572489682,78.09530943191231,0.0,956.9966476052101,5.760797292945313,463.9096735270102,0.10880668639441556
11.396003411103205,85.94272856691961,245.53330375590068,211.68894793094876,82.6667939114374,254.0339496795396,30.705650962143448,67.85271536299103,26.672574466453938,973.8163242149268,4.843993155001528,343.972885050544,0.10369784277632788
10.543561345412284,69.1627552863105,173.9174276212476,125.44636249453374,46.61156395184342,188.3162214384349,31.846847896919794,80.68525788845412,28.074348908636193,1007.6540438741218,4.843303865513724,54.269906226081204,0.0848183228346484
27.078035266175306,81.39008871835077,224.2461589076428,203.70050794350132,74.21425314958341,247.06326737848752,25.925865476913835,57.145633077705504,0.0,998.3148418644407,4.502630782683257,164.45350937879934,0.10676388667321078
20.139640722921005,83.14527592548879,193.12059613442366,140.354078639462,53.61209132725214,179.2887255342829,27.2014529446152,93.76048697880239,32.46070306551018,976.214519987582,3.2566485965672025,309.4269904723588,0.09374935603297924
30.455321068113456,74.21546568279462,218.11864524193126,147.32024255040034,71.59045034297137,231.9214476329762,21.27726478425034,59.59826373690393,18.2467958090375,924.1234465137912,5.403251908708419,806.8137434600326,0.09349048377678996
27.465710985949187,72.0490859711945,204.17305371238868,188.6816472332057,42.10907159205295,208.36425283660606,27.606281936388058,49.62333726260695,32.334015826053744,952.0260449417837,4.2802648501451,465.4581492596998,0.08828694415131172
17.675494991518907,73.46575478735674,114.73614133804627,79.65877338026517,38.40342123690847,119.68215657824794,25.100330587659062,71.33060773489969,44.41568201800666,983.5431991297244,3.171359849270293,195.78732150899867,0.08201104898829145
34.052629873484534,77.9800912638371,272.7558742158961,188.87989143589104,89.67695068008636,248.0998980194019,22.14944499759107,62.93585471946706,4.962658544457996,986.1434477790692,6.625511872046937,150.94625669801388,0.11746202047534061
30.113432265048917,70.80749432984418,212.6113088391986,201.12549851956933,46.0625434058112,239.51810641478323,21.887917736264708,74.10210917053944,32.60097514048328,910.7439029159226,4.978217320864217,928.7061429761134,0.10414178784665201
15.845513286395096,95.47227407615853,192.4266466915548,129.32627259995635,55.60990536964355,219.01924675331645,29.72279301337944,67.48449679974979,18.66742675674329,973.3351543718308,4.389421876782169,362.34248992766766,0.09675809932690382
18.561568515389567,79.7448277833787,188.6503050251783,183.72797931731986,68.63624751280172,169.9494910139546,30.837137374882012,65.37254797902007,20.20922614850868,1015.946066822475,7.212101906543337,7.421717459648847,0.0890325113667144
17.118759425923624,91.46011847269573,234.5896454850051,227.19057158306163,49.822304146186895,223.61035697130654,35.98231303424912,54.790039250632915,11.827482077928568,965.7698613074438,1.495053236040604,381.14213561627145,0.10471801015759118
12.57073781012499,96.25809657015655,171.97884975194305,121.51292398808229,57.440066636673336,162.5283614583655,29.309682438187338,72.87881557524703,46.1677889543026,931.5301882554029,7.091077446712359,688.8276501031722,0.10959116063845677
12.285717803723557,70.34132312007944,103.90788874296452,89.08566313243142,40.36735018889214,113.81302558264065,34.21456761787566,61.45497475802778,35.205230867739914,995.332331682605,3.215661691554809,146.3740899310292,0.08092758184585015
35.14769643789658,86.89841457011482,237.0231568270805,163.22604349737244,86.88332212328422,248.7605470558751,20.1439742986956,86.92146926859117,40.0331741844017,967.6498098686368,5.180758570947935,438.85262858051186,0.10490930624249947
20.699217078763844,93.27086351549521,242.62181656450775,219.0944121472911,60.747655446431146,229.11588878982994,22.94968976994777,71.83652565875872,45.35900056812674,964.9749416402885,3.74148524258272,471.1411884655061,0.10542450097545478
19.116274860544884,86.39279858503512,206.685075432785,139.54797682243168,62.3779553389237,228.07547996455017,27.43483600729722,60.405656965496334,12.916451632265517,997.9440091138495,3.138598127185637,155.25258396852783,0.07608639792985629
29.16088555164396,80.44175751936497,159.27152290716623,163.69805162693342,63.38091335014315,157.41899090192882,22.007309453261815,57.517046918956694,0.0,902.6678992735258,7.164995746743182,987.043519615502,0.09846317917215741
24.036798892334097,80.50121437150021,221.11344371113094,162.09656171712066,64.58930494755111,224.47751208379847,25.943333691433235,69.52423873236971,37.50062659239945,962.8328053798957,8.141189821311514,477.37837678955935,0.10938722756458072
35.1480596183154,69.04106769421341,143.44004825098725,132.4178083229877,25.640898448349876,142.9848629646684,23.05929006078655,60.86052223774453,28.354414301949795,975.8789849248077,4.401793828828058,308.10719743328326,0.08112708578351559
30.628743323372372,83.50342178738899,165.3051368322837,115.93123152541109,26.673254808616804,170.32132974090828,22.451076252969457,60.53952045757666,17.211433278177573,968.8508800182731,5.403854463949731,364.3050705764714,0.07846591229410295
21.90171735961167,96.81274690681857,179.13176984145863,131.45380349345183,62.262374691676925,182.72078541164703,26.449151577002727,76.11525182986769,19.29946293148668,997.5543132453819,4.9025842529925,127.30658178237705,0.08350117683176195
18.91442473094396,95.8025182531861,258.8636202112445,214.9551365944845,66.24503351607392,250.74721043544352,28.109014788831367,51.73608755730099,9.948249647822891,994.7962526418993,7.91491230723514,121.89413707640288,0.11537752621918185
36.612314802805344,69.17157763642274,198.53611914482084,174.56059096366008,42.03073623683197,199.7549342412213,23.651807072685322,87.20048812518087,44.67747848868298,978.9345636212068,0.996329194583637,284.5515161380744,0.09815739815566525
28.81504684410566,88.46811310525516,194.27334607784363,203.89867654461824,46.02685409522174,218.9624358373109,26.638596658311826,72.28628651730594,28.25766667808617,973.4047019054362,5.478822194286396,299.7198717937408,0.1041038593732543
35.58464514011139,76.751181134211,312.5,206.36577851136803,106.04475519894157,320.538604412441,18.454928161285157,76.79763116072226,27.378979451622033,976.7053799419792,3.4911726345409195,345.28684844369565,0.12575222208135792
11.4358787392942,94.18668544877796,234.28979152610236,152.31783061711246,62.39414404734645,264.535807637295,28.00371768142004,59.249366449358114,27.26983306026208,897.1557905310248,0.5592647613518782,1046.792073020223,0.11305970232718222
32.66547669653269,69.30832762556908,233.61639219040796,184.59125356758165,85.76638834433506,242.38442701076536,18.63953534397254,84.73209468825135,15.31908031218154,942.414982301947,4.151045824627366,662.5640199953874,0.11004232708799405
26.47514263574502,95.14034895832134,198.18162940622793,157.84424534946803,66.13943208000815,216.4548324392993,27.743858717655066,69.775863689902,19.417397540926956,998.8226112793077,8.126487823638996,66.10105255955557,0.1040672504125449
11.535728671718264,92.28679656984554,186.8480832848278,187.5085715354537,73.52538176848105,181.87751832609493,25.89999349424852,64.41903877719317,35.396918768519846,916.7439011148398,3.6191114572792795,914.4340405437703,0.07945686443161097
25.0594819991074,71.40762708532544,107.34634466580916,108.9600843132227,39.94635959654443,117.82370993193126,30.23051440323663,69.81383544392659,51.20443274011925,973.5630246841198,6.2233779118163,282.67209079878893,0.0647892429666508
27.896794588058015,69.73490578220168,265.1036932628446,265.6895699180628,56.635905477984316,256.11148288943815,20.730771473441497,58.587528266853006,30.186336296086345,926.8132982843189,6.9576099547140595,708.5210889657941,0.11315356254435442
8.356777890769482,92.20652226548114,239.08215195448565,169.09599228255914,75.25464770414955,216.34244908179986,31.79838849394746,50.20801788935064,15.214599536191004,975.1156119663557,4.7771457552848595,302.0957944945956,0.11277061269863119
21.17522089341065,72.5169724582628,207.708367005996,169.24948749419175,32.22299508969654,195.28371688490594,27.68138646849955,58.65302997218957,26.47183279516769,965.3217628462457,5.016820113140325,454.51094858083445,0.11432273851224745
31.936585824693314,83.51204643630024,209.80533157485388,198.96973904048346,83.45566847248288,189.96052057377983,21.376243141415035,78.39427816296512,32.28980640260181,997.7853630755186,1.7106637682259986,137.34587826227641,0.10036704792896196
16.565411734978607,94.55660087848258,253.47387977971945,196.45351794215867,54.56063972805835,288.14040236041035,26.78497878850702,70.53943375113306,11.219442643989156,950.2116980971915,3.5109050462892357,533.0926563282721,0.10663847941151727
21.297894372157984,84.45599529293038,138.93116301267403,127.1630282203197,43.92986333246211,159.77003931955133,23.148707452870948,83.97082669326076,17.136225041057394,922.0852651900083,6.432613723793993,766.2124771673913,0.0691310715439114
20.827109684968903,79.5197657427119,187.1726000889764,139.4168485762431,67.81046280206955,204.12249515712165,26.67494910923595,61.46014219092547,14.83004398612169,997.9005413490735,4.909222374666721,82.3536751345023,0.10183201332567496
16.755894351832254,80.90546559076577,159.85152352204017,124.58311473788727,30.390358730435167,148.18748409766914,24.16895874953158,78.41151140518816,27.406739833474195,928.8718960083336,5.461214594598628,774.5515371462351,0.08422891311719202
34.63481496995107,69.83039795041226,305.24213079100394,303.4631368393076,110.48844393193727,343.316924656113,25.831406360161896,70.19616938791768,19.146787469653923,989.138239213144,5.039683643429491,230.40869912760198,0.1502824830680902
30.65752702751396,96.09381731948636,260.4494432593317,195.39011371088986,39.864760698289636,282.8335221437004,15.812660096200231,69.91941997563053,34.81724594468177,876.3002031174879,8.745607099733576,1276.9255399814804,0.1076408052768739
11.207063918887204,77.00897136735139,106.53203460989846,110.33838529610479,27.75098613430939,104.72750220234965,29.46984611706546,72.27719981347683,18.679486677495916,932.1674987758523,4.025064303860518,717.8175265564723,0.09151385931709946
36.914005077289616,73.49154125851277,140.97858533466788,108.90649632597142,37.78358686249515,144.5833341641197,20.232541881323208,75.15384791248911,24.89303699085008,929.5412177553745,7.689738077375358,631.8902246198097,0.09030417815320857
33.49680070492461,76.29537175337146,210.04938299879234,138.5089249298179,51.15178832621275,223.79498003035405,17.889086887930674,71.39753854820147,18.12465509423237,965.2395418780733,5.040305799972118,366.0154196700308,0.09238774177104782
16.23334469805713,95.96682265185288,193.04465606304544,145.16192936287018,57.256308827005846,174.90089440786574,20.0156785041527,76.40744806811875,37.96405707514285,803.4086375313823,7.849558154245436,1976.6931944677717,0.0982620112051885
32.270000810167204,70.7342955511522,150.44755626282225,108.09385764309089,56.976082371436256,154.26670178435407,18.75984370808018,75.69682117416194,24.51120852974916,978.1981823633345,2.5950394393353293,284.1860631813698,0.0925519384171534
11.086166424270104,93.15178817453426,312.5,266.47837077719373,72.42102455471009,338.46839322304567,32.99518011924484,64.06697521942911,1.679014975787922,991.0126240024313,5.132373973735549,168.15618612601637,0.1218613518715202
36.97403718375292,88.52747293764199,232.29366236579563,161.46417167967297,68.4836495177409,219.99518637620685,20.111592757766388,71.7847942946789,0.0,980.6842468579348,4.091363788937754,237.6532164212579,0.11240642303549184
27.30485734708957,92.07055619561181,240.40748280982123,216.46759770417728,88.79826168994823,243.03937819506245,21.283865572039815,61.92342215343177,26.1899873181257,918.3705713639754,5.05105020453007,864.089352708032,0.1159246843508029
26.85362545120511,96.301028670669,182.06591920505602,182.05856888029336,62.493917168360376,188.09822415316094,20.030952319545243,76.72289230331252,25.269126000293276,962.667769007339,7.00027727279903,447.9064872756591,0.10036970970623585
10.622781082539849,92.42248500998929,252.78037402556677,200.96230653008985,40.49119858203895,273.98645908403756,30.256886244659665,59.76734726705813,7.272268371471037,968.4683265139316,5.481857289644301,398.71455787763887,0.10955637902566272
34.01396856800213,95.35808818705773,197.6450286175661,141.78996793300527,76.23123118173211,225.53539607331487,25.149273403865543,61.677292600466885,21.460547340133633,976.7250944014538,6.9966888420484885,287.7814752075957,0.08879452811577097
8.840985592929613,71.68112244693667,202.4995079812917,164.02662611846438,32.73641998749863,225.19340245901995,28.189103964976127,67.04171838699303,41.53000633177519,969.016018576124,3.593602032106898,382.6091322384409,0.0978128936314539
14.984013683193265,91.07786838984214,247.21676465792964,238.41256691865456,73.47025599862953,260.9075314482756,27.306540823009318,77.49503278331433,2.8441816765129104,975.8287415275626,3.3188979764573108,271.25885490683436,0.11218018823496886
12.147634379832414,83.82459512835038,135.2167884136517,119.88253793899507,39.73188544734379,141.42461398197133,29.062391831870272,70.60622161141359,22.09258727139831,934.8009852988883,4.828989131647079,674.9665343151416,0.06659870392698831
30.52627028007434,83.76137225731595,296.5180596592158,204.73305452392987,102.77243528458581,311.58019065383604,24.720924369709444,66.91183842065655,29.306077763101946,963.2239751587508,4.730426078896047,338.9560005342262,0.12298713079192389
13.747922589174038,94.0687257132949,225.78612740286044,195.27674571828476,42.247014564639734,233.98095827979895,22.436324737958397,68.3374796309547,22.268703309853798,978.3683931580151,4.465453136116453,241.5607434341952,0.10488733384427068
34.408508586795676,96.18231074075463,280.7138771056879,235.02324501665493,54.69502111432541,256.8084854635299,25.115710951229225,78.2655638609043,22.939229884825565,918.6746211740276,3.074462893792766,814.588355790101,0.10787015514174782
27.031802140497213,88.44031136825225,162.89567883572576,127.19626044324288,55.06309416672655,175.04347725839952,27.084656182059806,46.364917359879755,36.59192682472643,1002.1414347896235,6.957572861733398,173.31225323519388,0.08623885882791235
9.04871860434619,82.00521329468174,170.50841046525704,118.34379005400005,31.949215992465554,183.99293170569814,32.207240309477854,74.20785764441253,28.893720145802217,953.089067650508,4.146893038859722,452.7440277266442,0.08555048493462725
8.157465189732314,81.23571187915351,158.5716555866761,165.3021937102016,42.39592108947541,163.030704903094,32.39152496712662,47.346622276995305,25.98976487477024,1001.8339618436637,7.366940619982827,53.790146080168775,0.10200959641213138
9.498079593417568,79.20390225947227,229.18155029990862,165.10636008417225,76.29729344211349,256.13259046191274,26.439684668845448,56.69417318169384,33.09613779227098,1000.7914721038374,4.822938057367304,111.6544913002785,0.10697559713349522
25.571830151784102,78.48637185760722,219.96583176257897,159.93653076132045,68.80761790022402,234.94752874285655,27.215416954577446,65.08500812370579,39.44017375278048,983.7876830557118,5.96717207546528,309.7681126748064,0.1107224769705403
31.242972514923043,79.35369840884852,193.44607570510763,137.00490939942495,39.20204968842774,191.64048184944073,21.767163165143156,96.28751089719393,42.2459138494753,982.4795677057459,5.8038773573346285,267.03872832351976,0.0956262807532937
14.918031798194265,70.60284382228467,165.9632070224027,145.72851069429166,37.50603588808588,150.1840208410281,30.810351770354597,84.12591218385899,12.323444441924337,984.5201876633797,3.3163054673684655,266.6886971379049,0.07294370154412673
32.63285644476912,70.2456464725527,153.33685318012456,126.88131312825784,60.14541859539291,140.2710830378394,19.587376489385047,83.39497636646333,51.57313729064625,928.7184419173598,5.46096525879448,722.4534240262625,0.09258060677526646
9.65972626444455,90.61622547229703,214.24247164313388,160.64390556550296,56.167446400380086,211.66075675229405,28.8191462866613,72.51010675362545,17.49460044056524,924.7359207055769,8.27099930004079,752.3446096887069,0.09489067506427898
31.22795175560861,80.93611389468656,193.38732768723665,158.91977919228225,31.15747729402298,196.38992340606669,19.62054982657088,57.680790458618546,14.666457783741984,952.9054279708803,5.252902055580642,520.7796524563951,0.09466605665475823
34.906067474996135,94.98985016779399,182.38631704875354,167.68757402849212,37.370267830609336,171.7564375711142,25.388456890098276,73.25681611672837,25.10213699115987,991.0339930440208,6.422298131207414,164.59772028164556,0.08630679058307301
30.391143574027037,85.75440924922462,294.02114097324716,224.2441063062096,69.2739600888995,278.53565804415115,19.516420689355627,70.89464826291578,23.363755382743904,971.4780329081547,6.047889320265933,380.2569902269825,0.1216493618230155
28.24550273538048,69.02010348334818,212.55038275702998,215.9720847968744,84.99302127465702,203.52822258721795,24.46544073260981,64.26095407768494,31.224405346866444,852.0976382532491,5.352689385056976,1397.5569310040983,0.11153439383201592
32.301426341006106,72.5681768982069,280.16881336301293,216.4411933852792,63.226504922357535,306.8208060674833,20.301537141134585,77.30680118683892,9.143881817734048,817.1311524408416,5.135661691904543,1851.1349240790528,0.12611160364058105
9.164387686864927,73.96877399737721,190.00405753253185,138.56456538582844,29.754438222554448,207.6406066058643,32.77005135030417,61.07285882528967,39.064379373289846,919.5217217944265,5.785168006418341,820.0852859487737,0.10544495698578302
13.851681210852606,96.29634470730016,228.90548085659952,236.1908873562579,63.68846221649738,227.92914091965943,33.95327400631676,73.5303762546351,22.762086582901603,992.0724161363657,6.173908583656103,170.84575453472596,0.11718596484131684
11.62278669986365,74.34242255839742,213.8928658538499,208.37961554357145,36.554578726302076,201.72045715551815,29.38088953792246,49.13574069353536,14.321498138831902,961.7038123264005,2.3661046973080686,382.9150070707234,0.08470449439884835
22.63139871559661,82.95691461235349,131.78555119076054,103.74884068370817,28.797370068025046,122.2610267360011,28.604822529319637,69.8662562000041,24.611638077008518,951.5013914577797,5.245145200373618,495.6380062438625,0.07070674391064097
29.61045572153649,95.14913101756568,288.08358197986234,284.2154089547002,114.68486231340297,265.5503548593738,22.69893942332253,65.04987622620155,17.94098536934495,966.3701805842321,4.468659814654829,441.4785965518865,0.10696174165713451
26.27034349271556,96.33858916751636,209.9089863150459,180.00235035505017,68.46383725404787,209.45134541414072,16.864964978749644,74.41166972784335,22.275886015509094,912.0245844027493,4.095251681426925,879.9770286773318,0.10659292413603694
32.68280189309611,74.8544526261228,253.98757764831473,200.3202563021361,41.31531025703756,231.4806229633435,24.868831920414006,75.15119865846121,0.0,933.6288095866304,7.132735882251431,700.2986098490695,0.10589208140760069
12.501176780791635,69.42441166875116,179.06523054358868,176.530496992496,46.94583225815986,176.0943161993413,34.038062074058764,53.59647171465232,40.847637814504246,990.4354938401818,3.4803367534850636,162.16657357194572,0.0865890052976798
29.304011666119685,72.454453143595,208.42444758767843,198.18372635437908,40.207030576899534,237.68376155736703,24.169381261423002,74.30681638398625,16.532207432481925,983.9248830563606,2.2894156914419965,246.69955541146723,0.10062649877274604
13.59820323519822,69.83652588237419,173.3240486704989,133.31218112542064,31.325923703079592,177.9823324775733,22.658812109407744,71.74956826038115,52.88318741925708,914.1347482096013,6.232289205694538,817.7106643799046,0.09520506254101099
15.852003788216207,73.65860299167775,278.46659080483636,248.57916316651477,82.63951467939368,307.8896949825301,22.272388654117965,67.57622042493674,0.0,892.9069757296932,2.2432910582029995,1070.1346650449068,0.10742591857156167
28.587236221157813,84.48852172640832,232.23713403920047,185.26858786641526,64.19358876090156,216.51850883618388,17.52944855217318,73.27071629815225,17.453800948269755,956.3792489565277,1.3297024596745852,500.2636692931761,0.09623876621806113
36.425938762061776,94.4610150925736,235.01934300071107,152.86146651046107,78.89990559585993,227.2683335292298,19.126303945907633,75.15343793140462,9.247433283304924,884.333052803207,6.434881841981937,1159.976674204113,0.10613157776836454
25.734764573335017,83.57934762713586,284.5758740219156,294.45814021705365,106.16858730185743,323.45935705933596,19.430542396515982,68.77720095715509,0.0,955.9967023345456,5.085700051012479,458.727183704037,0.1318080736413172
9.580509134747572,86.15369714427334,274.4837315116178,238.76012138165362,58.10009890775754,273.3550473351586,32.36483815797997,66.17907422687215,6.5255795218816735,989.2621563988304,5.650895329263797,190.41270921640168,0.11399950612409386
25.872960127898452,73.85415029667669,254.93379347348093,226.73124307010767,97.06553114694336,270.76557263532885,20.476670564218054,72.8368973319648,43.31844511453259,939.561591621664,4.00363036539668,656.1188912797371,0.10680575212077793
9.228165995824845,91.21692499954165,145.58029931479356,129.56014387720737,40.68939421997545,166.54847655323297,14.15246345430175,74.56520386588899,35.31350765397352,762.4072132949807,2.308068963103765,2389.594685360187,0.06909519400615755
33.6402256296377,85.91587834666191,181.8827106908325,158.28462655407827,39.051805738862114,188.73913215593822,24.17093876531861,88.56167132677494,15.841972814413692,996.7987453247204,2.665583015488198,128.3412573573192,0.10249750529916825
28.577770267918,93.05996804658902,166.47225986609905,127.52093698846504,60.17080893783585,162.53294143175586,18.21156041975346,81.58315088981344,2.599734865024068,893.7242072549075,4.310059981023689,1130.803638423191,0.0844793861140875
13.020707546252593,95.51645010316774,253.04335134795664,262.81852987073006,40.204155084989004,261.39052122278116,30.17738243433295,64.0309717263041,0.0,936.5175578996715,2.509674855747525,629.9895401257908,0.10221171916870526
10.659909168901745,78.08912249694117,225.19926375416924,202.37922895927613,65.28016453074146,205.75540164447716,27.06208349619458,71.80893751129142,13.173163275093591,989.8430382339251,5.3526952326821755,234.02208141728136,0.09055603852263124
13.32246363752925,70.62679269752775,147.14104498513694,135.1297072782429,48.61619343479251,136.56049566133495,28.73219641482818,58.74604150040238,23.423523490149556,1001.9855207352118,3.967575711538046,55.49956260251923,0.07298587996755775
36.42078820707158,74.55193977958669,207.22945601610527,172.39772869001916,45.58932435391951,186.87802646424882,15.90337840487773,74.90958120831198,20.55482100406693,1012.1432992203718,5.13306488525755,31.069849529090693,0.09263483759806967
21.298258631296207,80.69740540459928,141.96104988072776,108.6207250759963,51.939712277308466,159.14579134656745,20.395223233800138,72.4830469085774,0.0,984.5982797458248,5.079266630807576,266.2243663770702,0.0829229576658036
30.73834750190083,95.42511590290972,214.0088422631787,144.6142479414944,44.95708164396574,228.52294489254396,27.287263390355985,57.70225018861639,21.523449734825192,946.3239255176153,5.496239197964148,558.1487023190441,0.09097916745038376
26.45584192112553,78.97098484882905,133.89804146730742,105.79178190700986,48.19908660423098,130.49468013624588,28.33025097742958,73.20933969800052,50.3312404071105,919.2214517883422,5.699068549120198,776.8331804125822,0.08247480985332382
24.599981348800483,90.35242319629573,243.1080413358973,175.14450731382345,41.239934278911484,232.23876706294635,22.244391798456547,69.1483595351065,42.87641251007833,902.38452391026,4.180978936597358,903.9655575225235,0.10648482228974317
12.208777385286442,83.6738240729519,235.56479796837036,215.50299433911724,44.753047412269304,252.2355185586967,26.120531766936658,67.54890791197664,0.0,949.9236486249042,5.131144679940895,522.4849750822584,0.12589445881337624
35.434709153184755,73.30145434249832,312.06409133401075,312.56387880311746,76.5325156970054,352.5959167630361,19.918032370236162,70.37837551257752,0.0,961.1072113509326,5.224814631156314,464.0787749464753,0.1152061080350151
16.73893634292682,77.3012894496501,259.06033114153377,199.76192477472767,94.17202566091726,252.5280660237147,30.852189144112756,96.9091545911408,3.3274424141519052,971.4098935444254,0.5,318.3176238869911,0.11150884445604997
24.762499258418725,86.94256466566173,195.52095387554155,153.1228313989216,36.39551020783922,191.6867444366557,22.38139514198197,67.4687323846743,27.85767833155352,947.63555316415,5.963746342547083,568.0938430175565,0.0988818640006394
28.293502393082917,87.51274844586192,257.570171330391,236.4869714067746,95.00722005280332,286.8198866837413,25.3870576934817,51.00358430635637,0.0,979.245967145515,5.069895953196452,237.18634501072432,0.10592640594850433
26.827761502113958,80.60803265746233,146.78347261940775,104.17348899493832,30.4477187045071,164.8883265098704,25.759721077582903,55.39290342834533,58.216427837989045,996.1796258528542,5.815287957438427,135.38237420557724,0.08611248577683751
35.27723788117004,74.63072247720132,168.5430364826124,172.213056158836,44.3482403556434,190.20235744175943,19.291174989491992,84.16008623536075,30.371381602894235,956.8642331202585,2.483681528194927,442.55895697498613,0.09879024398897214
12.304730707681681,88.93529660586762,233.32379327042221,185.6181100730138,55.57390129531448,227.0913768997071,25.699398507184654,84.80500811108357,18.15423666994849,928.2758762732109,4.231608284707692,735.894584525191,0.10720510067149366
22.742229414961322,72.89731820676873,108.75418352927032,75.09256454017807,19.524807861604565,101.14988894065606,28.27447255937307,62.562450038773015,62.57757847735111,998.3986960766373,2.8352469781819547,107.6182934078318,0.08553493547999734
19.71699733148221,95.16342106408867,214.8086274199725,154.63506035467285,82.93276386435043,216.9565833052571,24.570901257798514,85.13277569011584,22.5379915257539,977.0015069060778,6.140282477183176,266.2475445033973,0.08448460102868849
21.750893154995925,73.44920379205783,165.65350206074564,169.4798379491062,42.99446740663579,161.3367732789613,27.161779763952847,77.68647618726317,36.156525788368484,960.2383330472587,2.2707902242767104,430.0992781115212,0.08367692803131843
11.457308259734594,71.11205852214309,221.73201942432988,166.04351616532088,71.52693907671295,248.55420271540677,28.03620209052407,67.67623701771984,10.478222986969783,959.9289317925849,3.1284213925398223,423.1671899368786,0.11471723352676501
11.888743686310194,82.43178336859599,162.77984876430352,148.9285079883865,47.82747366623634,147.9927214594407,28.513004062867775,66.58513391200043,10.02549170953872,936.4028021551989,5.761765430889566,618.0062601447244,0.09568400002195712
16.064190827656464,83.06693834518113,237.87907353942614,169.48077327837095,65.51879040111064,251.78789089843673,26.301771359366448,72.76728517666338,10.162714496522618,865.5332079083764,3.667125841900954,1371.2749249099109,0.11141904823087571
16.836433509064108,82.7375945285691,217.63303785003612,158.35865098560254,66.19187099876368,245.17348493274665,29.41356699777746,77.24370462331444,55.15968190666695,1008.0298916799347,3.1288968177796943,31.517523061541223,0.11097771537852605
20.409193196759148,80.66335719082635,286.6849625107332,287.1709759613142,107.38805197047222,328.0156431329451,23.14332687435547,77.45828415646585,21.492569847694355,848.2301682229596,6.432094973172329,1412.144754559134,0.10714773275925928
25.71863886406222,96.84963189205864,217.00339337174776,153.90169012923715,70.48879864388225,230.5731905801938,13.6364124088219,74.32278705495553,26.567513550903584,862.8320311006734,6.5058811618653625,1330.9942368508064,0.10895422722128678
26.404244405129628,82.10213776744688,178.23452641859333,117.18924295089026,50.46176266004807,202.73834087149243,20.63237971710901,73.75202575604969,13.619220184433006,926.7637751200352,6.099728146573797,785.8409500289723,0.10171188185875395
19.942516000981538,81.8604508414551,204.32237387530253,173.77480507858593,63.60483784986784,187.75486674019314,26.14321229633947,90.89806471014765,38.02040593346231,952.6367358272635,6.327677413092528,493.3288277575348,0.0939917387905631
19.854710173432217,80.23121581872228,149.4548468158301,148.72113191833805,45.07536809824235,147.9333346755253,33.37268322566325,67.81399139243132,12.216373862918612,990.6552647312325,4.383157297911498,241.36004187580866,0.10455913494501365
14.311227274211898,69.93794688634243,236.9735294019387,184.93329354548746,61.205594709506045,213.79246460754126,20.436248258354077,84.34425566214288,0.0,920.409694048019,4.431732645654092,779.1609909820144,0.10878934569139966
25.06088120386124,85.19574230333886,246.1591789824303,172.62279406604856,75.37172579523514,281.92510903253117,23.86477547178644,78.30702949506316,9.692816309410766,955.5205270883207,3.633453698639515,512.5477535306322,0.0924923302345857
17.1941864281999,74.61106539447229,312.5,325.9038536957047,81.52889063782528,351.7755061536484,32.408331351179285,68.8069123590336,37.44236367942172,979.2142266213372,5.101912501888759,323.96165861659057,0.12897288906386437
9.045735194043548,86.49066042664245,185.57486713644644,170.85793614012968,62.98477694902738,168.31884277245123,25.88833785875255,72.37631871314865,55.632183415422205,927.178720573677,3.849783010813473,765.0989345885979,0.08936500781546523
20.13360128054895,69.47417039650584,203.27693798290753,201.30032442215622,79.73093140339226,183.87073160036067,23.160335315473493,82.445638000871,17.739905378805716,909.6272783801089,4.020480829331441,859.0646341762276,0.10966516429462135
21.74984757761494,96.46022593633705,187.8787404447559,178.64549778727255,73.26638465749707,186.32730798386865,22.995649554105754,80.78990270982223,16.70520366031685,889.3319152148993,5.87982078116922,1064.5201248159397,0.10102015364388665
14.542193177922119,81.6011472913675,227.27235172322787,211.20349409293718,80.72349083953873,219.2347494814826,30.153943575663234,70.5157799195849,0.0,992.0402203211943,6.932170641925884,218.30241220539426,0.09907261896980535
24.601280060541356,94.00590577613025,235.75119339064736,189.502850808431,70.82902353740045,262.09239782182726,26.249432474283974,64.06282876509394,20.807781874204167,899.6376124837091,5.51686845768617,972.9051551482992,0.11950333121868302
24.407385112525706,81.79127402375511,213.99792444524113,166.8618850334717,72.18856120867734,201.18396430221992,26.829053515606724,74.39234524299934,25.33050261303562,978.3922383005433,8.029768557436622,328.96385420482864,0.10848366133798869
28.358063252200772,69.74959373865244,270.98296251031826,253.85235135679596,52.709458006248724,297.44779968675385,27.09179176619197,69.6564872223656,26.195899436405945,953.8433477267532,3.5300719703410532,494.3674636800689,0.1101571589911048
26.79050598383509,91.8441928367204,185.8176914789278,174.0526821142674,50.125179700306774,192.99302769862598,22.132709060612434,71.2112736380593,40.78795897803829,947.7755898579566,1.4916456494233343,568.4314621859246,0.09496743673023225
26.920558639109917,86.7973281603469,265.97536906120223,274.01722839888123,57.00548781662634,264.4720610751076,18.839556577981405,100.0,12.142365875850174,903.0526619030895,6.086330201261197,919.4452774298727,0.12082215266300791
17.17021040289725,90.67095437964441,243.59155934872078,213.74280628412146,36.75157087688816,228.10642941098814,25.048054806296783,56.571043077884305,26.80168421908565,928.9143711191333,3.4106996052358833,710.866995605046,0.10671679135514443
30.835534437592663,80.41692604175732,216.06517067171933,165.90530473881932,84.62935536732942,248.35023917951412,19.81334280453209,85.73445434694915,12.080641381544062,972.0841208854594,4.307353964804346,319.4851437012785,0.10046388186724838
23.925187124390703,86.50016558315271,200.9198346288094,169.94031067173378,73.52905274222312,211.8692684705421,28.84813319630416,60.29478400041837,32.91766280608888,1009.5857075522442,1.6143662817819773,38.09773313156313,0.0980323254088946
20.511127660216815,92.83064111010162,312.5,279.83922709073994,87.00770456796302,315.5767369193745,23.987211454951066,74.12218572947312,0.5165188272316188,942.6228147651808,3.181421554777512,612.709920951219,0.11867954810056973
26.154361947290656,86.30089784328473,175.81623412956273,144.29096272520613,37.54345966755825,174.54717306030835,21.956316802748997,100.0,35.51944262006966,959.1523103686045,2.0959906501573746,479.04830262780774,0.07506751729632906
18.459062699057373,78.08253541024119,231.5633255150874,223.79512837291676,74.85140987057609,260.8403532380229,30.275549471283938,58.15587047473222,25.943021052017368,996.188897414025,4.018254125843454,126.62563548483108,0.10774349312396594
22.86943809359599,87.2133582366198,179.15571315456006,158.34593233210668,46.34763156891361,198.02044284737866,21.427457787774657,67.61930722150764,29.158697412241956,948.622123034407,4.08980731101069,522.8485909239804,0.07858699181734294
29.36446496598439,87.48377146980795,305.94770409773196,200.02074334519426,107.33789194932456,337.39804107495047,25.478687217127842,71.44191285478172,21.025940157730517,964.0870046316658,4.961928740786776,425.876114390834,0.11574686615829935
33.70568371498752,95.85702191269212,261.00798310662685,229.14829298776434,104.37174897021325,275.11536495128854,16.423201757846332,70.38926901740932,0.0,889.7307152973896,7.031501335839316,1057.4661294056584,0.10040569383839551
34.71065872156056,78.7564573247084,182.74917272460948,165.10318935741844,43.361015341522254,205.04258817790577,18.47073989073368,86.06397159681607,11.613880817994481,854.8579016955651,6.018431276816074,1476.3031481671123,0.08239880558588517
22.605354830309878,80.3273712579098,242.2964163382281,246.19847912479625,51.148957844955994,236.19529396758438,21.84389143944124,69.17959248781406,14.604642445970267,916.2665790097253,1.880094654821134,844.3369392102662,0.11395807795002659
23.087978327476506,91.55156587442471,229.55145273049445,187.19660876110382,49.77722759395714,246.98049886296866,27.374000419098856,76.64089606621428,0.0,964.2303452395062,5.894427784103142,406.8226943263561,0.1036190332771163
31.196241912151258,82.6671071275395,190.83542856792974,167.8945413513404,33.07875698510903,191.0476252743089,22.882151955008734,60.40238711799232,20.271717996489958,961.7349882649831,5.001158455394627,456.3084161761738,0.09492726323887261
17.119070060581837,89.36061970035627,254.57487752807535,213.8426375299529,63.264797182819045,267.3035455767865,30.971968244422936,49.15411038291939,11.194313944625447,987.8694511998025,4.623912422335024,211.34380925281428,0.09944493409315007
32.28408850800699,81.33157446915416,236.13193622188717,203.70218328789514,36.44844329248614,271.44269276978883,23.535523216468142,70.88173163729499,39.22546636671733,977.1232922257143,4.759140846112993,249.1477470287158,0.1034606756881515
22.33010774900528,74.24935911256831,227.4516023609643,153.96690902225833,40.62260356261859,260.6893768570374,20.864038224510068,59.62369104001599,23.02026518022729,963.4037401364527,5.168194370555259,388.37197105139245,0.10830022615591252
11.359845005722782,89.61091144064932,214.57068110455023,216.48324979258422,46.76008755205919,220.61186587173646,32.91044398245199,80.85433394169291,38.25584147527564,975.5249275377589,3.554603776175582,356.6651472119061,0.09978708935535399
10.089715265115366,71.80349990635659,238.2193912966492,241.5937537122812,45.25351198653466,248.57380273250885,31.490641926193426,51.509451554095286,23.79221208764839,999.3714700842386,4.471768456455646,119.15149394041237,0.11348808222876583
32.41780312014443,73.75892624240794,228.13604974128964,198.30129409673853,75.97837864675228,256.500305706623,20.632790204907174,65.11690095936727,12.744583470325573,886.333052932513,6.931090423005301,1064.9211558511195,0.11440787410709437
9.611469590299459,86.17792450074205,219.62133331791756,191.64645242787654,38.741466241479664,251.77585732313793,27.706059323073834,73.97135139628703,24.062552118510055,883.7472609121041,3.5329695880340397,1166.7776251546538,0.1014375979932559
16.137731647876024,89.67082420557003,184.61587086728852,124.25061914352239,67.66144459635346,202.0901231670296,21.780989146885403,68.71156918187161,38.24901437888932,893.271859555739,2.9462016428848283,1041.8192222206605,0.07981712740217171
17.68977117454483,93.94594871916664,301.3549787047913,267.9588818172037,61.861735945002366,276.13039606931375,19.903051424480466,60.893679161739584,27.697773090920023,876.0471494541557,4.688926773827069,1193.5237414838252,0.11773766426469454
13.01683891055622,75.90500842506086,164.14566949923935,134.87204832111038,29.07802030591926,160.97108134954797,22.837293702983423,94.12980663833287,28.3934986310976,817.6212900051142,2.764980377838574,1762.1463304448187,0.08927061248154397
17.102907724257687,71.21100349941608,238.04847761065392,222.24621314166075,36.30873947175141,267.59995487485725,27.814126769088254,59.73236055313366,0.0,991.7442233983186,1.6989903813821905,215.0180731983358,0.10215082755175513
29.538084435027486,95.72535312615625,200.65462955159504,134.20784228139053,65.97549323166606,219.13253845305252,18.195051139901036,75.48138101311368,0.0,819.1780790773424,4.179959081265331,1712.651191039806,0.09010281825715176
8.425802463242052,72.47826955264213,304.64403013913164,284.64569504762767,65.24079444184652,330.7088456400749,30.609175136817438,65.42073468948574,4.407206327376956,972.4226202438133,7.407519392215063,317.8651954097955,0.12410963244478566
31.988029311099908,73.73234248538455,171.49253980547462,131.15021107496167,47.56768342642711,182.97924862194188,23.79225321026913,80.06928895145047,0.0,935.2027584373367,4.730512627421592,680.3609771984613,0.11133502408764884
32.839892683662185,76.4485541531955,179.9035035786501,163.83490622588099,32.005554999777246,180.59000858539093,25.23500199904906,76.43552300747135,54.941041449254946,1008.7896525993445,5.121438770006784,90.15816904941353,0.09041388111617732
18.795585622554896,83.35234926676233,168.17576350357538,151.50120216174025,66.6520880673404,168.31204138450786,28.578433737094123,60.86924263301464,38.7276339454597,981.8553153693694,0.9657329553279741,284.50604602568467,0.08985559614071272
12.45477407275841,93.60194141498826,232.83991921419718,172.4730486717072,42.22463101106497,256.64387105787284,25.35203313903569,68.46010131433837,10.539006975411754,911.5174014830698,5.588625886393705,861.1270565463404,0.09620454228327101
25.424371830407345,90.05583465916614,148.01413368823458,122.28645582060726,37.4448348471404,144.08362916448206,23.575523866658784,70.87035657125482,16.15316603663288,938.2376754063818,4.968058550357625,703.8714724805326,0.09607607168683194
11.470504120081936,88.53656906143641,192.74024192877837,189.7052198591745,69.94781906893391,206.46488294213154,33.687441438792014,72.53964183095201,41.510750150324895,970.9453902133029,3.603153309529162,312.7400440062394,0.10139483221450306
18.582661471269322,73.08023646782411,109.04837552395243,97.29695807652527,23.03338730829441,117.94150291431482,26.596517434440457,59.03956690386162,21.938186336642048,960.9655715164539,5.124090848524273,456.1507791042204,0.08278194689609672
35.7944462461282,78.37279631425325,228.6877343730712,154.93486996013428,49.56645333904825,254.103859875338,23.510152734066942,93.37298338030426,5.423438390023531,984.5326034527318,5.106218910884328,259.2190684732921,0.11633790150377796
36.868469704925474,81.87374285651366,191.65592372885354,158.53079090153906,67.48681894742035,187.81732344959394,18.078206502054353,69.94560092376207,14.762422340271595,911.5551936999108,2.8929217289557156,859.4848883284749,0.09340258047073988
30.39104184928298,72.27535265108199,142.26382947007403,110.21300981363525,31.06116101505435,154.42344855885366,19.057366014563204,76.6666132207835,35.371736798103775,890.7454567120541,5.397336708203837,1113.2635777373362,0.08237522499563883
17.017883787702218,75.9294613616735,270.9471368153696,245.65646275041462,40.83656390231689,251.06570634600945,33.91854243891861,53.26527165193271,23.669891064905528,985.5850685048304,6.954843760548878,215.90508436675148,0.12621061469348904
27.942286425816683,76.94166291463249,151.2833217474197,135.52346892195612,38.87655052636708,141.37659881318675,27.29966943286727,57.17867433730002,50.19758523912199,966.699108715173,4.38970534414767,420.9534018692582,0.09110157759431388
28.456784599036368,71.69100975154214,256.51385116807745,167.80090608453145,39.280941402667864,257.6255847752984,25.59399671475782,62.7805185374175,32.19749180898891,992.2812302343566,3.2383304356132054,114.056686861101,0.09341993978154962
19.247409159745843,83.95695106533947,181.61462546727648,162.1960634902017,68.55009004026361,165.96061509277328,26.84006494468423,60.82271586761006,27.769411818429653,955.0085271360704,4.4803558743568885,511.11735220213774,0.09727690376227734
26.585770402998623,88.4458176992016,296.74523556143794,280.1096565845351,92.12553943309292,337.37695241639693,20.81040916576779,71.20910242583747,25.79604427212932,938.6912528078535,6.338303751115971,629.826613754964,0.11980759730558663
8.311101704294611,70.02801731282898,254.14419361297396,243.34103552474258,75.16405168036043,286.0326701228818,29.31489251539512,58.7584357000465,6.813376748408501,954.6821416568276,2.59262608926491,542.8845415511516,0.11908317609099756
14.062672099465003,81.95256995113134,166.26427312296525,111.99400296822894,33.31892434163101,151.67182714012492,28.440077085065642,76.20346254488958,2.7473688146257196,944.12600152162,5.841404865811525,594.3635071279086,0.09135947927030234
23.227560786050574,90.68412466276605,170.81253905615134,131.7756164794218,55.51177714235597,189.52982358477476,28.103313393581292,61.687510331951216,19.311153065919676,972.8634507503454,3.579573974663134,386.4801833347318,0.07655657290841558
12.74878782349058,89.69171373962095,246.9429269278822,202.12511293509294,78.85225003554,253.66435373204388,31.422435789683774,57.92389643373382,5.86465324667336,969.0506320937299,5.235713546483527,393.8585271378796,0.10977737412700622
12.811299168419476,91.63711979034387,203.54776013115836,146.9428954678959,33.608970280181936,218.9137275239511,25.91175451236578,67.34090774893468,14.988029903338598,968.167170769223,3.7842037049179855,379.418935162312,0.10074836368334084
32.2528244259569,80.99897836194761,208.1995413155984,170.3683414521354,77.07789211838909,233.54425284063603,25.979671212535116,81.14465181693485,9.379447864031903,983.6475258941167,3.77936948085319,277.13140506931035,0.10387462223777792
36.68485707782456,91.79615539655596,280.2786097552716,190.15553130642044,82.64108442218887,292.679150555344,21.049771832053775,77.30894427046097,6.041564873013583,980.1642292739186,7.541570849223085,307.3678587624953,0.12220913936935077
24.123113412825003,74.98183906521382,179.23222299816882,124.61781907487641,62.3937336349692,166.5213918930882,20.940620230186383,74.25060851697619,37.41542476167835,944.527714935174,2.2636441370397145,609.2193347153755,0.10482701155117316
32.33302219556969,78.46350628110794,221.23135527543937,202.97488038881087,47.72591241582811,199.25083712106417,22.29847938439187,59.83076879279972,47.54415324862266,883.8091158089389,5.67365911958198,1065.6861765757506,0.10756032989621493
36.719328265461904,73.11431171611623,264.39805634928194,199.6281959796702,47.7270087115222,270.8045225357011,26.445906451933958,59.416190239815734,0.0,987.6854950417494,7.916383939658315,182.02760756137232,0.11381707738038596
12.106280768494466,81.55705164342858,257.1225410859467,240.29704340480498,83.72228597352319,292.4275314504136,30.1979215735758,55.05756334074312,0.0,972.6909550744679,6.033939467651081,392.6868507455189,0.12132664587373845
20.999122784376183,79.36974065004786,208.68603329063308,139.6617527906114,72.72096216677045,217.69197670217375,29.896629367271938,81.15120874290591,11.825401125482523,990.757043956804,2.4040253657294723,146.67641065201718,0.11600160324764598
19.384608759415677,74.98688637601505,202.22137262403376,176.9601257120986,49.84926365545486,200.85330146398684,29.828641413517598,73.44271810050239,36.15292226794383,983.5171487664553,2.49315508395227,281.5155244867015,0.10486359233930934
10.321429225739365,89.80164056769266,129.7258935406201,104.63424186503684,20.227259427447727,117.75615076053305,34.6378336173424,55.673528016884134,32.466904324311244,978.0242741378745,3.4470743220364772,322.8304353475955,0.07870325250945998
29.90457501104759,77.10155639123775,163.85441703340692,158.74028419755908,58.09679660373552,184.94983008398768,24.811593270623693,66.50700894524448,19.560199098434616,953.7988025591754,5.084234240735774,484.33517530080434,0.09466299263379162
20.579591792355195,75.91132557422924,232.58462799540337,224.1140428564199,46.871262833306766,228.34906776133454,21.96914051362719,66.17178582672491,30.863300916270816,949.8762175875263,5.206696849360294,474.1562544554646,0.10980938336381163
21.610481091521635,71.79581959466435,209.77255721955487,167.86500482741997,49.24578294067014,225.75604093370444,31.957743028636408,57.57519341328379,37.8799704121963,961.9802653181184,2.510946202260553,418.00197270740074,0.0984659254110896
12.369516240583966,80.72582935225651,220.41302059497798,198.17017411149442,67.67952660314279,236.6264482171787,31.42650292721354,71.46180797039096,21.65664751939885,954.9502680180575,3.22903657479546,573.5228428370331,0.11915719367020987
13.246872914695174,76.78597423628176,268.6293471483697,199.05959727657194,47.007094813788164,258.81652940614543,28.640688211490765,66.21208722296424,2.462309528436391,986.1626041196754,3.3393315234359635,199.05560875793776,0.10723955778209902
34.30600504253023,78.70891239888809,157.30051121355297,138.76464910601783,26.42631938673086,144.0785186847471,17.97974970009315,98.42787768290012,35.45911682649795,953.1795847993733,4.474655745393193,487.3788863248404,0.09769067004028792
9.294823580254088,74.84392061599603,204.85765155503418,139.81655125334345,32.04505130350956,204.08945475515895,29.952112370000677,80.54190834916945,20.772329139956366,926.5488061243418,8.372451823123935,718.1899446871078,0.09598135134189549
14.752716263367482,90.13150920477712,226.10221483722754,186.2724361309841,85.72890787764102,221.41799950904635,28.82141124131994,82.03767441161126,17.46946911763396,994.7481988250496,3.1202632818777944,196.7263252331175,0.09164778341817574
16.469720579121322,94.97009707328681,181.45866978794086,131.21114417229745,41.34457511066833,195.07970147161325,30.799317607367083,74.0741156635876,20.095196252781328,1003.7790041528154,3.0414759003555814,71.04437532288836,0.08998328464580296
22.215728729646006,82.44002373087774,288.24052236303754,289.2068408846696,90.84323884773251,318.49010382000046,25.326495600626505,67.51221281442692,25.638670355375705,913.094974017449,2.76034746874108,854.7033113053642,0.1181345240797013
25.00691001742908,86.64695427688414,262.09600674732405,217.00509550085053,104.13305313740985,250.46191997699157,24.63938480935395,78.26640099781268,19.433802382803293,1000.8679140033347,5.9439802282360175,151.47850342591445,0.11853006045779724
22.30540929966933,93.14799602159448,231.17333302110444,204.89112107728235,73.36579276350011,238.58423397037492,23.226108126750102,69.93078655331334,35.859513275178784,983.6699410188286,4.725585126560817,269.77910671876987,0.10782969742730267
10.43934470214958,96.9660594826761,306.378255633096,243.31113245339986,86.17614524407266,278.85080872901835,29.28129411796773,84.87772521290944,29.088153837207493,928.4585402128996,3.1867922132940745,703.7317733159753,0.11400557178177653
15.066356167615693,85.79197805716512,141.72190268615955,108.48760830510624,39.71472643422663,135.1408981394734,28.00193644637941,73.64124467339568,40.62642613007568,986.0845591911605,4.146967949199002,187.44588818736278,0.09465807901702647
32.46406315811369,93.8036045296562,216.2803526113826,158.1372540903482,52.82199633501828,235.84083450146255,20.189530049406958,78.47197954650458,14.96079038501533,924.6182721381551,3.3752814582761372,814.3892004084079,0.1114156356852445
26.490072313875313,94.34963915011362,234.9835151133697,238.44920075452546,70.48211022945881,258.09404516042423,21.27788701300836,76.2484170138884,35.35736621629132,985.2676987711484,5.332604306140642,236.7680610414144,0.12194746815596495
26.825322453893957,90.95209314642105,170.93891432697058,165.77421946838103,66.61452694779315,187.02445690953985,24.586382971539805,89.73355789637674,36.34413338512973,981.9758579278987,9.631877892233405,211.36766602889952,0.09474269970010357
27.435894405189295,81.36701034112019,231.70239375755307,162.95732640622583,80.40328131219704,216.78006014728604,27.657828532145334,55.53623383591588,59.29515758848162,988.5616747221521,5.791555930246026,147.41068319306726,0.10399396962454946
30.124187552146342,70.35346601229308,161.33754197727276,153.05930471490802,41.311551204960004,167.4294348980132,25.84230005672814,89.70903823130476,35.45091203082938,980.5140150481367,4.632620672806745,238.67197049350568,0.09540414870223711
9.685145969921972,68.45836110776388,251.19453258037936,205.32950334053663,58.55626074645473,252.6205899683161,26.4163096373244,69.0054142155991,27.786140698154355,934.4557632412385,3.603044122521685,638.1358934305173,0.10615238470044787
18.63164316304576,81.83881836520482,269.558405073112,176.8730823993757,99.97459825022071,309.41843076978347,24.35520502095185,58.454346225082006,18.92259760847367,973.1627674172836,2.38187985260727,269.82112733799636,0.11641833464334532
23.64629562258868,82.33512147250391,230.28333672308312,198.3538446906723,42.359803759710154,244.9103510249707,22.62842673430529,66.37516129612521,18.971020613515762,910.9393214371379,6.120641516525463,857.1101445073411,0.10547160998034501
17.815238015622455,79.8135092480262,124.02677591341939,87.06910061682005,44.94684645822698,140.62162337790224,28.86028368260225,52.40370042668237,32.5141103691736,959.0664944700832,6.022837521059376,431.2469004980199,0.06675568730850241
32.48988732532841,84.47685318744956,168.32699060836492,123.54758835482882,35.98312449397547,157.610886404048,23.080054365464832,80.07252396348453,34.16460907862376,957.5394707807678,3.961018205956549,460.6684152079793,0.09149244062549344
21.994602749031525,84.01271839582839,244.90216682732475,227.37118429909498,80.5501126457249,248.01691053128582,25.532385963220115,61.19116172595872,26.082311253109115,995.6310201950216,6.984001169296713,205.50392358915323,0.10695547482078839
30.290200094321996,92.2617781899481,217.72659884228494,163.9169537139369,76.5429060685316,237.9538135610336,20.622156157982005,77.1889517356614,39.65682866832363,904.7853937940762,4.837992489993153,944.9578560775178,0.10122200209594685
32.7084499895539,71.15105599460561,81.96653578204227,82.52024274226693,22.069418392352834,81.30788811066424,24.725339098637413,83.56189902274855,47.33777800725013,929.4160314507884,6.194569323711243,722.2949698077848,0.0733343450990785
22.638953004201444,74.53015231706082,278.8081858600787,254.51504406839078,55.223814518559344,295.014503862492,24.44329892579113,65.72519157370573,6.235434489609765,933.6918779266801,5.333154603659421,708.0835974442411,0.1294682904914759
34.377015072269145,90.99714438982929,223.49949197935828,219.6806442107332,80.72621417300118,229.74083667398423,16.853746357831586,75.83596598349081,16.572266254111508,968.9089480602318,4.4811554162202505,369.1424265697256,0.09907011533190835
25.026594275572435,92.58726914948599,175.71293346666445,157.45211012053176,42.50093236569893,201.71534669138524,27.072589366340583,57.30826240776737,8.799005836452622,999.3976060822645,3.0812076996465234,129.61727525183193,0.09026212748613376
32.65795466617793,96.84990219500517,266.41444654499986,265.7590234234419,61.32063051033917,251.35354102323018,27.824859469499565,65.85654133488838,39.95604067183467,958.37806006029,4.538034133747192,479.45455182933193,0.10883094843900681
17.8771330721542,93.31444847522545,182.78966602132175,145.2581712947908,50.72487181266195,207.25371832740785,22.16716203845905,100.0,19.463945893989006,942.044070072738,6.315691204010724,618.9448244900318,0.08839011208842332
22.465691797413072,93.8070712050976,182.24406078645595,158.4896829808944,47.159579960741645,182.31563503656113,24.485966102945635,80.19055875874791,42.17499778410021,952.1257715713075,3.8853567985810313,623.3692922411424,0.09003000130157492
23.410920189132753,77.11609033626723,234.5842992173685,200.88770971577017,75.24597629833004,238.5718198097004,23.739342154723975,70.36122208728477,23.960617979032726,951.2804500949826,5.591534512085721,564.6382466638593,0.1061073843416507
11.044411760986048,79.64818738627191,305.7185896287814,309.2393314959858,56.34376856327997,315.5475862551076,29.135656514452442,62.57459442662089,13.698189018273895,945.2094777570304,2.851075412356794,547.7413745046044,0.12953723013572702
19.55802269434468,75.77446803979598,297.846025565311,213.24767622087407,77.1190117943177,287.821016025473,28.322968743422418,68.91529104869772,8.5613780361183,986.8007586107072,6.204105005034645,235.74662883637697,0.12277844383688233
34.60279250399861,85.58268254758875,234.652241611872,206.78125859556755,87.5077934551209,267.71811221433137,25.832535426487865,72.6344791807461,7.985180428819094,980.9479383887835,5.3632944056819305,246.06719255023327,0.0996467736192993
26.29413497057753,95.22535527200411,239.78594960918267,228.22166737497125,38.12972519849855,270.4478109142254,26.158346186294626,66.88262597950673,4.504076551242973,997.3100904439543,2.636200634094298,148.84273886761218,0.12003806685404796
13.147690890672056,77.99458570883691,256.2416132709079,204.48590767795346,67.73352006509526,292.9421450532306,30.046471678555474,73.26341461486692,42.49073884143786,909.0961078908239,4.396773857661098,863.9358635575746,0.118462392873789
17.82681343267854,84.15305167456205,153.81748289819922,153.36104641399413,48.472963545522624,176.77164942068387,20.81362292987243,65.81462675549795,33.63679374782881,850.5584707044054,6.476593636773066,1432.3375653884386,0.08163982056497397
13.556487280218295,76.59268928315106,248.87408352426579,198.9016376097682,92.56318333411582,265.66064637999676,16.03885308692848,69.58504078061455,34.547903664174896,767.2212370677934,2.5337414268241965,2360.9943405118697,0.12079614404060637
8.719870822158605,72.92419923940852,179.96299325949028,129.4516108942524,53.70933567771185,182.28836239281594,27.913039465902873,73.37152299777975,48.77915507575522,958.3992299080433,2.872289570475118,504.5761328709656,0.09475338503508224
34.89635329661677,73.66038036474102,232.5905700064957,205.5215264622273,82.83040215321076,258.799683774065,15.042475632527283,68.27960195833418,13.948710547537429,951.4326509790274,4.674905481384312,548.7566043827317,0.10658718798142397
20.998012519449272,69.68041499160577,205.2932852862998,167.97655082284743,42.22323551442137,185.98570215188508,27.19221314357621,77.53640201376442,30.55859369597269,971.9154161571985,8.639995314777948,380.9711183990108,0.10164997417566432
16.9185171002028,95.52951216726846,241.7270830223774,158.59134784277953,57.5799614238891,267.97888866780676,33.24822450524215,65.25861427183695,19.416099179013603,956.5672144464027,3.5893594487289033,498.71589585039953,0.10451574327198335
25.355838555174362,79.68350864672126,222.57183991698966,150.88933755744003,85.80880440088389,227.9851222687028,27.379612496374143,51.81721781572854,4.256016967198217,991.7496602667882,5.691493199253892,186.75840686206888,0.10688417014252728
8.212119232497454,92.18950586806113,63.01515312560169,45.882018096702694,23.409737323092227,67.31940358651234,32.93666488556243,66.74565934715953,42.76552739259591,967.1828239740726,5.268243733682432,374.88924092474946,0.06318875593520902
16.0626410914236,87.75855470800104,225.61125225192566,216.07511218847714,65.31180561831276,224.14737710157902,27.861307417366685,52.85948782021671,29.970911015799565,991.2392472196217,3.7388641795220208,212.9457042652818,0.10205549823555472
28.387970505267884,73.56571368092148,248.7743142816298,250.46991184842443,66.88846843820062,246.82287593635402,23.307508624343875,80.28761319708151,10.198414032592657,977.6282363359038,5.090040033212775,337.28358749855903,0.09598350603616582
26.379323419008625,73.08840515079355,238.96308408358937,207.48121507693463,62.79157636041267,216.96158283874047,28.34415285497011,66.83753442351795,14.282889456883673,985.7972890932293,3.9938976082290805,229.5014022294437,0.11104745213193427
36.47237247873353,91.54765784380581,211.5373693562377,146.43170617559937,34.839657991743174,212.79545773909686,25.54568170817654,90.07429679852696,20.66889176577967,941.059965063572,4.155951377790279,619.1781408560304,0.09769053187787548
25.990373580083276,75.67663960796658,298.77475126318694,258.07194413162773,111.47114950637463,299.39875692779054,27.314721076043384,80.86135158289136,41.856727280173516,941.6361509312355,1.80971057500836,675.4153297196553,0.12860424701716425
21.84767033520425,94.4852703273573,232.23532312274972,230.4336842727156,82.33610233080103,222.06289935483736,27.550141383536307,59.35296183085271,0.0,950.7228558706223,4.756014777240621,536.4846480543785,0.11050717001544257
30.08154433233622,72.06160673599523,238.550331676322,226.5729703940802,62.99226522708187,229.4450607422361,24.095104282661516,52.516517935456605,26.742099733960586,984.3125453043873,6.418368311920592,246.96782319872227,0.10627472982308253
34.19650828695754,87.65354981917962,268.8912613691951,206.08882085751426,59.11843089075743,281.2696423824904,23.827773478651846,65.38676864916478,10.866224635838268,998.6519466768267,4.903366394603434,138.7675606191644,0.12375391593887919
28.900182454832194,91.61974240489708,234.7963166514966,164.25322931491925,55.348571320936216,229.96957604767394,19.539778702881527,64.15559100939106,10.170728874739007,934.2854104080062,6.7629139694803735,680.7725799404069,0.10810972893208085
35.93312548293201,74.82243526405371,171.76577899595648,173.53027386219728,31.053560342907286,190.2414175751695,16.501998718833647,97.05578189370402,25.066997543262545,959.6626967196901,5.844589402701031,429.48413303869654,0.09463543464927042
30.67814995140714,76.01001354024041,94.74979597768557,93.95726118159129,31.30982707852875,87.91324541733195,21.477027620106576,74.71523131111323,50.79817426084851,1006.6803971596618,4.692825648605604,67.53747060351746,0.0723458591838351
33.13724170959587,95.97104769803684,192.8106215657626,129.46966119425883,55.754558497180895,201.3735797075503,21.692449598349054,83.98022836315242,36.94626067544402,957.4375710132709,3.6697340045877263,476.4859844763677,0.10988671205003651
11.309018064325478,75.67333055503859,254.7139429607225,249.48461373222014,53.114442916190924,239.43395453956867,27.855384335823523,66.86538340583532,19.583165392412916,956.4544906198373,3.9247253123494725,551.7470928970885,0.10619557456292802
29.239991586819844,80.46875444710139,199.01185009577637,137.0962893215632,60.84815039415611,205.39220120100697,20.781226022606987,73.57834429910795,41.53934223248295,1004.9269231546286,2.1530811469131814,96.0753013078359,0.09537939740980117
20.76257228629369,80.54295220402862,256.72558528075314,173.37024156202176,101.35720026191439,266.51619330812616,24.859848042545103,71.78585134087483,35.52365713439568,938.2863089960078,4.319257997823013,626.880253350483,0.10192458152283224
24.04001026992698,75.33800774796083,224.10307546268032,213.6689166904323,40.47274288987284,237.67798964465743,25.95423678783788,82.30200375565416,33.630177809857166,1002.7113596048542,5.0627977654154765,112.74477404830739,0.11131823918349638
26.968969874988346,90.49794150667563,281.0699701797759,242.99180482147236,74.37708759305018,282.99705245781945,21.69759849264588,77.75816876262928,4.64661770582533,987.9106633842122,7.887757976038619,224.11924754265934,0.11449952725233561
36.12463838446151,90.38363095364551,201.90583131063363,164.71865572076644,55.22926158103618,207.4317256377566,21.564586825023625,64.17499210521444,32.1307485415981,1004.9383085218335,5.750976581901978,113.54211809243903,0.09566287966988186
36.55276436151711,78.97122241248978,240.0474079950511,242.8187261282868,46.01692090905768,226.9019688106055,21.021330825609677,91.40807672037643,26.480898687820876,986.9703019732227,3.2432628357516413,203.72377428505033,0.10565686835378175
16.358619119149253,92.21864794134127,241.96091989343464,238.50606367767625,68.44954719652928,245.77273289083683,27.584693230130444,67.00409042603252,6.471390511286531,997.3265004400798,2.209137104066149,139.97977639898605,0.10979177683600742
29.278851425699568,74.17917309757107,291.7467602982263,196.35997865024345,87.95998954368542,289.7796861461652,23.37122321733618,68.74782018736457,0.0,914.6058897726613,4.428206243031769,860.1982129994653,0.11002966846480271
29.74952260012279,68.12486749436268,131.33480134995278,117.73309909130299,24.86642363979967,140.07287029066038,17.757811605427662,49.498697693167514,4.9581454768887525,971.8896946718637,6.261176004289949,353.52513304157077,0.06464701130150943
18.048292978078415,84.56385349961649,193.74625293900877,185.7846306657092,36.55623185912217,195.43289755108935,21.951348485470227,80.7829171232372,26.98589441083096,974.7967919951277,4.402890593950102,295.7253333449024,0.10185260091632076
11.59222347106241,96.82825540111898,259.09247193609184,225.46129279502958,94.33224718362558,283.6636134512877,26.454838546811345,71.84625555916975,20.60672493259,911.2407095347693,5.775571515010071,916.2900986106813,0.09666155635700134
9.187461848285873,69.12068498497965,293.96149065559905,306.6612736585743,66.97820236207794,295.8716596660965,27.76598770864739,70.7864663991011,0.0,914.0453488903269,4.473974191346061,884.4637021049112,0.1294979773371267
30.54295069834618,74.03194413754535,228.67024229877066,211.38711714068967,70.33515843288443,219.2816808816487,24.62949143549499,68.26816014049582,36.389948643454844,981.1849847417714,6.090600782488078,315.5202046901281,0.1188749326649238
22.201292512690273,83.04852463212544,202.03145844559234,139.73651388647417,61.961688415112135,195.65174536386027,23.43931927401579,67.49636617945954,26.97855347260733,951.6216107759258,1.9249355591298096,528.884636950888,0.09715716375130072
36.580664915352855,91.48828135690124,254.5225851003889,185.62820936905126,91.57537291362061,231.9518547296441,18.861616241151438,73.21490273877455,37.06340145867195,980.42812707742,7.68752781626298,263.56327053301067,0.12145274886731812
21.48423022961594,70.58221814717655,260.1018004282508,255.02935974633846,87.1272514918666,269.20008406601977,26.07581355097945,75.77095787048923,21.542767985516253,969.8027632009353,2.7975297931973206,397.12624509502166,0.11434476095309593
36.35959239314137,79.46180495900794,198.68358273330134,208.36000355010015,71.55472174916956,220.08582216945325,20.955529342741738,81.62675425614012,9.202459011817528,990.366778555962,6.228718193513599,165.6464856024663,0.11316935868065757
19.93570406362774,89.66519821826671,233.18203227554397,160.74070101981997,71.42451865619883,254.6995867586479,30.159580795684693,65.56201947970627,26.896913358020633,949.5761773437039,4.31006880959588,586.0228326687802,0.10054071967587552
31.016782366239205,78.77475304378449,275.6930297872652,190.26450680699875,72.33200605351081,278.2976029044894,18.525796026624345,86.66873812186812,23.69770595499174,910.6156246758007,4.591509779339579,940.9413992360599,0.09745789218537133
10.45975889704313,73.47625619379353,311.18961633038924,297.2965004109268,77.29689614153381,295.32830921535043,27.194379792521065,69.45475435580838,0.10720376213652472,923.2200138252707,4.366016569253733,830.8581897271006,0.12543645879758297
24.108389593995152,73.66937899450103,253.79691462843127,171.501161765595,62.11868352701635,283.20464505022363,32.31932617925071,61.10227487536287,0.0,962.6998172916628,5.260088253092688,444.83198027413584,0.12193851944628167
31.259733822586004,79.89141482053483,218.87361149994635,148.2702475581526,55.724843816498954,200.0932178464881,24.115426429045414,74.69181460583732,23.67339923960714,1004.1334766212625,5.623544177905611,59.89767547623802,0.10646893043232754
34.81634834937677,81.90309516937084,213.96290786477127,215.14539381725592,39.011282080875596,213.92133087080018,23.962818580949296,59.235880950301954,7.892894290541534,983.7055158675225,6.7050507212815225,253.32168206101764,0.09939094483514938
31.854909627905517,92.9926181166644,244.5364945263478,237.2443979015769,62.59879764650599,272.45126109290294,24.409260419270595,74.799774755376,35.132840766964804,968.2099492800921,7.334307988675281,396.7415851869221,0.11405216615730232
9.072151088834053,86.6253201384718,210.8830245426942,211.43665151792584,52.16428366231353,210.52329434329334,34.28423159442878,49.15079366919325,17.259896112196984,996.404319583783,5.397278784198064,122.45340927232311,0.10629537498690167
18.80836789789529,88.02165668094955,226.14869161778608,205.84175146042378,35.876887849285076,210.19816832738675,29.675475520807364,57.98234998351647,46.94671285473157,1006.4405456028495,7.8846136305029475,101.67625186050722,0.10274963866895649
9.412255697101687,96.5066279745413,163.77285344012293,127.58143879979764,35.83066523325119,158.28439523176212,26.575403185515462,50.55276338442138,0.0,889.709737352138,4.9673505770804605,1118.63828395508,0.11004989100591084
11.169186442322182,79.94345976872825,281.5195264912246,285.0456362973914,95.14705284726244,295.5975749221693,27.800945928845852,68.00807373020831,14.794005088493531,921.8045163513211,6.739392652055264,765.1402809754553,0.11534526555784078
27.58386323135704,79.69727769422472,159.65743030923275,122.85470184913477,47.0169407438504,149.7601028626212,20.9047990484435,91.37249778433613,52.4922750551349,949.1001297889582,5.571695411231065,618.8111856467026,0.09655367653834832
28.684487693039248,94.77706206404855,195.06107864401602,148.2862777274829,68.57213716784678,207.49306860359968,22.709221581870857,72.66185612368896,12.386273465088143,932.4262827084293,3.8114316634343415,704.6273556805353,0.10368758391435647
30.43789979979716,75.1303920231467,221.54632970925738,222.55661812097958,63.289585558801875,223.65998865720988,30.565360524438262,73.98356537478065,19.380036509205862,991.6552693964563,5.1262214778837185,144.55200965108526,0.09732706257027958
33.09823989361422,89.16464214278314,312.5,288.227824061651,113.60029417775526,307.37417975160326,26.86203183389497,94.03351350600792,2.079464284539341,986.4649220987754,5.705709379516425,197.60498837178744,0.12305776265642066
29.443512585818787,89.88262100832591,195.5325174240503,197.14934332949088,68.244128619504,187.75645711121857,23.572346376471888,77.18268138002345,15.413607754108211,960.2329267253959,4.7420433634753065,505.6963808609074,0.1068977816951229
31.22527617109233,70.83585192591785,183.36587596864686,130.62260996709887,32.01039046988079,202.77194438874943,24.427712674342995,64.80570941464538,31.164458221417192,958.2543908296583,5.543141732395601,535.1550100154435,0.09575884879401914
9.419947584875098,81.57871076511394,189.12582079997696,194.97334892903092,74.56315593945376,188.96856019597496,29.40427309697745,62.20089549505967,7.1998028650168955,1003.541704357702,6.3576533267884106,115.20292035405019,0.0981655870476666
14.80151936279766,73.81631166832507,299.6115250472323,268.1813360925871,46.046355021249894,324.96459728851954,27.160521229441805,70.27816509867662,8.39373952296177,962.5199110349016,4.757928344407393,479.5684218299764,0.11039447304582636
26.03503542788213,73.37588291127209,76.04931699136561,69.75349957622845,22.754678833458406,76.81656320064762,27.316915421652325,63.81752121006889,51.33251601656376,970.908335917421,0.5,402.3952851901831,0.07296717817710136
32.88563383411987,81.45101520342341,166.52976605923735,169.13166578079816,57.97365397032899,153.70144473850752,24.075117436264613,67.15903605285399,26.794129420314754,922.3936738605638,7.8208862726880675,812.7353836946676,0.09371211563857164
8.130503623250114,76.39346151773388,312.5,250.71912183682858,72.80422967585183,315.6645293099422,27.61923373488473,79.75715210468711,0.0,952.0533799842692,4.2643354256034085,537.0819134485995,0.12464492887947637
22.924250921374146,91.08575298115025,246.21077034124855,230.9038462267588,73.77519796730837,252.83924314251885,19.298392228551702,86.82284902488075,33.52116542783524,880.554517799318,3.318095602501864,1204.5591701163123,0.11406290747423371
27.64133458156752,94.32054185032399,161.3674191997057,146.22086785564653,38.81380743918549,163.70088057092474,30.96781407371044,50.75682392054502,41.7487415442969,978.8198802225371,2.776601467824928,316.97436739608946,0.08391224638454889
8.858611384729784,91.27889755336261,214.5707675579281,207.0824811258188,35.43716556190529,236.89909345279125,32.26290520637583,58.007980655897136,7.19657729675467,991.9233051985981,4.194397375799439,154.22742637927763,0.09585028757453398
19.63931116904825,75.7148953060283,220.03939497005976,221.9707064256417,33.47137613074496,248.14125041082647,27.49551859913327,65.36354125155947,2.582477279152915,883.5222719654626,3.787053903629432,1183.4680683001625,0.10256788385635615
33.973411560127204,75.94989741696965,258.972928961947,238.77934446650508,44.98761379058476,284.0142305568027,21.38396319796796,80.88371890327815,1.8751944158005873,954.2556563647023,3.4733829650075556,557.6524513024822,0.11092181251935052
27.476771456819904,75.38712215340655,308.64176680779485,208.96770506823384,53.88959277118153,322.7452991175149,24.69630170714996,83.67371451933658,16.882832461138996,965.0064639528805,3.572172714279768,404.22818832323003,0.14187120273561019
14.892092537457323,71.91610478563085,236.09425073062744,170.75661606768855,71.47102867778841,244.44313134389836,28.64493649974275,96.10373014294464,23.719455874844066,987.736640892185,5.75353708330768,204.39307486124838,0.11284957647708635
32.730652759325466,95.37015267500763,189.67725151601863,195.66939733287933,53.387755646604255,201.27677558367245,25.451981933010867,66.9816814907647,38.39965295928292,977.4328455319334,8.454654193805583,319.9925042926515,0.08982232499379614
18.092911278875917,79.65938614655501,256.0208887715769,265.6114797427435,67.55516304402737,248.84144197186797,31.902416702311406,62.32077949473059,11.704613413504237,974.5015455602431,6.277028876426822,306.3995001656703,0.1273160745679614
32.746995463177726,74.51599476183034,181.75403182352363,188.47262876706344,58.702984247533855,200.46773801885513,20.547350997880994,81.44781935807235,13.865881663969851,990.3928276956193,6.820676732558226,147.69898326403307,0.09253068827410729
16.66936588244826,92.55346046473906,164.9997918672152,109.678622076433,25.444046056328087,183.84475542209535,28.872548336734926,62.07979414106346,44.0327285461352,1013.1299701133029,4.12066194339587,39.30365795781166,0.08839415923954229
25.11928727561132,79.57666377707592,128.67122306884443,103.32032440694506,28.017627456630557,124.39989056485825,28.150399868580436,68.07006149023049,27.39758883790587,975.9784363493224,4.98839765799104,300.51419301304395,0.0870424133926069
19.511261964687186,69.01838752218033,138.41024694164665,132.0252551335931,47.66131701828743,155.80904503050274,24.47910235913972,68.26633702485277,37.036683796562684,930.7201352365001,5.567668327614516,717.2183399777965,0.0689435245660714
15.969926471896944,72.69630553723931,171.8444088604531,163.45055210689736,64.87028081556291,191.12246128312532,22.95777938463658,47.41723727324894,5.974466084201424,898.0073233296815,3.6127957914430135,995.4316574333099,0.091189679086306
33.710169302984205,86.53825987032893,157.77717828162312,107.97695172796247,40.95645456522766,158.74304155128027,22.22259398076221,75.4542571169057,22.78626689291454,922.8929445074754,4.0336858730115885,834.5788708002543,0.08334875483111241
13.440216776245249,90.70425295097999,232.32849303540254,207.6541743367447,39.582036533334524,261.89230551213325,29.39878724973692,66.65736060718257,35.29167085881232,917.5780425635061,6.338193524999538,867.9160821191289,0.10754141881510877
10.45953614583713,74.11709726617268,156.69657537546493,110.80764597427276,54.79400082908645,145.74501230590099,29.999834407289978,80.71244297673701,20.751395193632398,992.6489114173327,6.762526959180196,165.06694494176836,0.0882577895904918
17.91588121782415,94.60447208871813,62.5,52.955233321694834,23.205788019886462,56.68728998763907,27.290088528881395,70.22283325225844,57.84255732177249,948.7653332519616,4.921338485127464,512.7421048073318,0.06348702420276553
28.811535281605458,92.67891648151277,164.4710779371934,122.67474689256409,41.67944934577582,162.327478089485,18.557064521534816,64.60687359963042,0.0,939.7975745282424,2.6487170745982924,622.2456236984294,0.08883182917057339
31.41551657331217,92.60304186777134,193.0736842805957,129.60350409738615,40.707426507946295,201.05900425162832,18.4140750436323,74.68775123529892,17.648072463262857,940.2986663058841,4.267934430208215,650.6752373787232,0.10501860093646195
36.96355773193618,74.60217325717721,186.3941922730684,127.1222874523694,30.00814473628907,184.13148861230877,21.051381399857696,54.248066448747565,24.470551470867754,967.3788944021405,2.205603957889431,397.3115150607971,0.09715031846589693
16.594499653323783,69.46554367085167,292.6429006321259,296.84442740060723,87.1404829731021,332.3009691122932,27.481055929937213,57.90597690405381,37.2416694553172,959.0480951441325,4.9353643377025085,467.51492568983224,0.1232389947384501
19.830316582807185,93.15528264499493,185.9895387022092,176.29174390775802,70.2049825125647,179.23394433316338,21.2524790268284,81.35307646006726,9.565625994451846,920.4698260041729,5.2597256002885535,817.71364899953,0.09723995523702729
11.967817062859162,76.86820663341845,260.7128398266265,266.63873648993945,83.29045402846118,252.97054145417144,26.025175569895495,68.70645514454696,25.957973457712363,945.9947677857024,4.312721242132002,606.3611139878453,0.1293879869027091
24.671285959067973,85.94857505403225,215.7175366826236,180.77042703115612,49.4666520158606,228.38164521343302,20.043763044884077,85.19007195907339,38.49634621633837,933.7426534570274,5.235080200289768,687.6922932625762,0.10445790034827641
36.9298210806246,90.03903962732117,214.55143038303675,174.92742847573547,66.665866945697,193.3035377155444,22.704593802830626,54.16740244895502,11.994940733880371,980.8958667584596,5.55042223035091,289.19139828173263,0.09789059923436386
28.325549293499098,71.72050449682249,174.89765222426482,138.7573115452409,62.61635057180038,189.21989208084483,16.207650840139987,76.60926535465049,23.162492934769933,932.747108650012,5.2623516772328225,662.5815528432718,0.07761991118453646
25.26117237198778,90.6443122810524,213.7275340876283,191.61161550892652,57.483626420526605,212.52368613257352,21.34652296658086,70.16765664285747,25.065301494034312,969.3530155673116,2.637245473865526,462.88916909047197,0.09123523206092425
19.378703694732025,95.21683230987091,178.41186032179584,141.05665490642562,63.32499232239373,204.1811282875936,19.056956811993594,86.31292037653718,6.0159464438426795,924.5885804364219,4.34412421407715,761.945375225539,0.09025246319699995
34.54366404828109,89.12287400664586,225.1678823793952,213.5738290554674,55.836550351648384,241.57235295704737,23.75271510051236,79.72545560125633,14.398269465170372,986.1423317965457,5.537717360879283,235.67738236053353,0.10538362625085307
22.410581287780133,80.79545970593618,204.85418503548226,198.81650339976832,48.576339447565914,187.04287954944846,18.43006288858238,83.67847119001708,43.4135528588739,932.6414756924155,7.6416811883508,719.6721684217443,0.09616609769390827
11.896640486078784,93.42366602379938,169.43527000708664,169.492511573388,50.1099993102613,156.41534745246824,29.990072255025265,83.42204257682081,37.424531661903316,973.4722740199671,4.310533649570345,323.54852840896353,0.09260761880178058
18.59597543277487,83.2962712721042,266.2613836516964,198.9293040292133,70.87121968262514,245.50418582242105,30.078165834052704,64.25659623989218,12.709523109996894,930.1535631170772,5.791512360806598,721.9691352863932,0.10727793630160894
9.94783339658524,89.59835690668586,238.00869066773794,204.8799800960722,93.84158580635602,270.89091579541986,34.44749258711129,77.79281428331817,20.994781827386564,953.1922857484909,6.380673441462882,515.1779446494303,0.09756717785431354
13.857392092974665,91.79467237189952,194.26352995955426,143.63415047226957,54.218437556023765,208.05874373139937,23.10592155809169,63.07320124472928,34.574050989013436,958.3490212065775,4.4460701429293925,437.71141697178587,0.10217219498708273
8.512394648997454,89.73123298927118,223.94131901843218,148.92597761541072,55.15518090387972,225.48685043971133,31.888464893318623,55.68045058768816,32.99495436588688,975.2114317802447,6.867133945477212,337.9042974041894,0.11157163448242488
21.14511757850474,76.34779140539646,212.47554059156846,198.26732704367055,52.84976060723008,201.87740351028947,23.198851506865623,80.96838450949089,14.782456700578198,959.0809714656989,6.963912896575613,405.5739085860596,0.09360116153280636
26.401667683602117,71.4174731262691,173.28711980350297,150.6891813867872,49.73080193728061,193.80603667458342,21.373437334983905,59.85384274792486,52.027746178669595,984.7257257699191,7.284692521310143,301.0951447707631,0.09492590542619038
17.955481408988327,74.91181735149975,220.19147811772487,206.8855078703359,52.5658732803584,209.26755471528782,27.38141635175628,75.82252320278455,41.71650130041118,977.2768843808325,5.625177904173957,332.2925486545971,0.08805596257848933
20.19107137365304,82.58337317243024,185.61607892629794,127.1561397978488,61.38818406061104,199.84722733890558,29.048938674214384,69.77398099784175,37.3164526163535,946.8046957146732,9.048247049383566,594.8433026344045,0.08126054239783488
35.8170689124927,82.65303074649978,169.4199748856617,177.5877917775573,41.535972145627866,184.8085759377521,24.77612692391056,82.89762574742028,16.942605779462383,996.6014108598566,3.6924903970241854,81.14592989634487,0.08817225971672751
29.80693052567255,84.8966861301216,135.52830015334044,141.9983435149678,33.344853952804556,131.9590298511077,19.13131594910229,76.10050759116928,19.367396375440038,927.7056693574175,8.623339655122091,715.139263577279,0.09305502329759369
23.684842471403584,79.45795328888883,198.73629898973513,166.14353208390415,60.46418988766453,203.94889063342868,25.48437093000628,72.17299271895025,20.290498202590832,935.5101670195551,6.182939079585179,723.5060328720792,0.09233249266968223
16.251685378242932,90.8198500620508,245.01519964585282,244.1388993721237,40.47938211223759,234.1726205627992,21.504304997168468,79.88920593151428,19.159196517788242,989.1188502514013,7.212697199448093,346.0800208002448,0.10445311672868916
34.01290716441686,94.48145876006902,181.9336989977237,135.98223567541578,57.09784095191827,180.9753476581561,18.976731047976443,70.19211966102107,1.1825671669556606,962.3524729943776,4.22393204182492,476.6523415296556,0.09437263822737552
14.817816389539125,75.15502655090467,312.5,295.32077015291213,86.32595446552243,356.65112486562566,27.230645861580953,63.153420235833025,15.545397003178842,995.3858162163696,6.320054465334772,185.24062799609962,0.1277622057578825
17.434939184983634,89.35917331335475,260.9509493493033,261.39204588822895,68.69704105317676,280.07461145766894,26.727250462588806,75.36249402836314,35.16929155533158,949.4053145084451,7.368553494595853,567.5804829806189,0.1085223750481256
34.36287961826551,87.66118372380629,281.8831732996906,275.0803475500229,92.96880485146615,313.35643072011675,22.12269269384981,74.00896775361377,21.364636102509575,985.2976003926905,2.84275444129703,206.96925812954365,0.13675389928479328
23.3567196032671,83.16962447910014,256.4288172703546,249.94363793537545,87.07398093253178,265.44226272533837,27.331959750152517,66.06129302683519,6.39488536738328,1015.8545394156833,4.506012692732245,11.46251797405785,0.11091103664609626
29.527220533121323,73.46737678235064,309.3099154135953,258.33893638109646,111.83570633202528,296.8632644785667,19.321962844060277,75.71458872777511,0.0,898.7738546269848,0.9457451611838619,969.8918965048073,0.12645809632306795
25.131599030749218,91.06173549889857,177.31656749303954,173.4148900380472,43.21218584121311,191.18626304852475,26.271414024799206,86.92846385854392,32.900300038655246,988.5860295065955,4.479000641671518,166.62467290097163,0.09065376239781868
26.94973706127536,95.85816228323614,88.6297973837356,82.09617935144767,20.54079070787575,90.85812688077644,25.794765382287512,66.93400362677106,39.40597466236696,961.3516408087072,3.3311852517718448,398.8699245234634,0.07510902650809259
16.682115453929942,88.93325363477479,194.36038624902253,136.6315730228769,63.86400962745669,183.51745120236788,27.6682707208735,65.14518729048103,32.49155967648524,959.9437832474017,4.408018161659877,490.16365809302806,0.1052715747782633
14.999789787173224,94.61793990214629,244.57759544404357,170.1462158319529,72.26074768316423,245.33761357265774,26.333608266230932,53.8586711403903,27.339181272477983,944.1239816496151,10.062558043688387,593.9016430741274,0.12159483491914441
17.35227806789129,96.541372683492,224.24251525406564,214.99673945205242,69.05556926194471,237.40780560282366,28.573388744816377,68.71775962257576,37.74198064531008,963.6966604525155,7.892046312234958,426.42646180600235,0.0982837980381848
12.507805358419251,78.2094695529379,230.44029721505584,207.43904539545696,66.56976053806851,249.7587903949387,30.966550793292054,73.79559447777028,3.452103983798793,952.3379552485615,2.208994433938862,522.3479937032502,0.11342264201022623
33.355116593433415,86.50848303486377,282.7121668001603,242.4964874102755,97.01925473535609,271.63131967439944,20.619915370082047,83.86604886074305,15.917459197715637,968.7562747306622,5.800328942878929,339.6193583413951,0.12362352474343988
16.214161064253307,81.74404939150426,235.76954538979166,238.81208449454715,46.566895279785506,263.82596446607715,29.555081146423987,69.43811109916614,14.182443132111398,998.7873182667812,6.238075956706629,98.62571484488805,0.11532002359720796
24.283192438017153,96.61223365903368,256.61231304621776,234.50160633592301,74.14249089958683,255.30045361801743,28.502602008306045,78.756254124164,15.028627384036916,962.2318571832072,4.191785243931738,414.0000545879518,0.11112977184532544
30.96725832909985,70.72042689622403,169.68852957402873,137.18616769094717,32.1602944583213,164.22187435981303,17.936498045560395,84.9631055823541,42.51285335392685,932.1629192041144,5.120953685685389,652.7799179087646,0.08977763296644209
30.730899171895693,79.95887251461951,161.89698220586482,132.03876266690858,40.76776232305413,153.6046210217281,29.60007870438134,79.44943933341756,45.31234076488893,990.2644389095318,5.296767973346997,176.3688623705002,0.09476036497920778
20.713201498941594,93.39063229128985,297.37236281789103,265.28521409504094,93.96920746411458,327.4197089915591,21.769536710451,84.42739718641482,31.370800333071163,951.2926439249978,2.376099528848651,493.89630678345253,0.13157190701421131
21.811461949015044,76.23748800526894,221.71174342402006,211.53741676561444,60.586702991658065,219.17118042530623,19.14307264582679,92.38532384441109,28.127092241921005,864.2080323210079,2.943607162644933,1364.4703064006221,0.11755546866881077
36.84635071911572,90.84599266852732,185.50520749435995,162.45457579362417,45.42983281752297,189.37294598765476,17.89281558924301,75.9888158629431,25.52396701450909,969.7167994512425,5.110134093193782,393.3986114064086,0.09731223218551598
27.5633268323917,79.10071172062742,185.59694198931075,158.40779787051744,68.90147280214973,177.37591725739296,30.461701200218172,54.36005861621038,23.36728165984763,960.0936393394859,4.97892455036718,409.1525665088108,0.09207100719545953
31.6245148504186,96.41937765681459,184.2105105847538,173.2979317122272,63.222231452864975,197.38575615819576,22.881414218324707,80.33205606219444,1.347098376366901,1001.309355243123,3.5245871122489154,89.99258291455432,0.0763079059039633
34.17406510735773,93.62236525628752,181.2187156143746,168.9150195103447,51.02624236651842,198.48131179507922,21.592617680386656,82.53143774891844,47.91321833132287,1001.9488824428721,3.3701229482630795,157.3226770754237,0.08231886581262718
30.840105250650836,76.73829037221584,152.50927653648367,149.78526812324603,59.099371341290535,150.19972367185778,22.83966785135168,89.42821965273005,27.2951323127424,984.5255507541275,4.638397350591829,209.00818185012878,0.08480445228449501
13.37020100365346,90.3356002925978,141.64564655564126,95.61374554534989,36.27422093279407,160.9476770469122,27.797775117707378,82.57468346753116,41.34160891669747,941.4795800316625,6.395071715369891,634.9104924492931,0.07428701255211392
24.302951278389592,77.76883977116479,206.91644778394573,196.98049642649244,71.80377986039825,187.8082626542275,25.382276124133437,91.1489036593389,34.147480718544635,991.3678826863904,4.662325612295634,187.72759861944576,0.10733866874919658
10.954930562121802,85.58452236625052,187.02037315064672,159.9967110467322,35.90493053089143,174.53410303111104,28.412162337214422,75.4688099334938,8.267211391650903,952.6233856095439,7.720915495144169,559.1585920292922,0.08366661646068795
26.934741670355955,87.09594228340546,272.0246309388314,184.9433574745156,60.239342918600855,284.86331158540145,14.627403412694742,82.5861831892305,0.34610947228076583,987.605838649442,3.54752301420739,226.30119060157745,0.11163953935269907
35.70513341744652,92.05826686348544,231.3204993300125,213.1859000710118,54.249606272113866,248.75089578764332,23.110989412965367,59.66137725637024,43.507223706330535,1000.3005484674588,5.1475976426186865,93.94889982230595,0.10387322200321832
22.86922986470323,68.70907438557843,229.93255067056586,215.35852372180733,40.57279149639243,221.34934040039442,23.90774509435646,75.95476926965563,24.866650134668284,933.8949981330187,4.162268227612789,690.2407195762238,0.11647489734576885
20.55620229316525,74.38457884341669,179.51064628894412,154.2805807355804,49.44642360964388,186.42499683329723,30.066013013940754,62.42215602013422,19.364618092180645,977.1046891381042,5.858329703543598,309.1704292814309,0.08708438384095343
9.039439791126732,88.64561650706878,210.6152458776679,203.7743765625426,41.7155157370315,206.31797071614858,33.18094448383172,67.57034454725932,21.512507951436657,943.6318940835569,3.3931418119946466,597.0724056853537,0.10226824305146531
35.83346114754739,84.34217387211658,234.71672184823868,180.75516992079656,72.42101653074414,243.75855249933056,22.35271861263107,74.66295697299171,36.08604529525678,997.1701032612352,8.26931595718876,90.4076335919921,0.1087526904694971
10.987077839774605,82.37254726783314,252.47645365230042,184.5004222746421,49.86992925069346,268.84498675625167,34.39996335890937,69.19736520137386,31.1432491481695,1014.160884115607,1.7568976744631888,33.874440365231564,0.11435681263217116
9.191293705840561,69.60108874453144,211.97207534074838,167.5201704288803,38.34078072255594,242.32690331248025,26.719273695474236,69.6512739482355,1.2129622652930934,963.7496542855913,7.887864431424443,459.8445276911918,0.1082927860578362
15.135931733643215,78.10000062038223,270.62285563287713,220.29247250612394,106.15768273961685,274.39106646005644,32.09264929830593,75.6760824686811,38.92082931014682,990.9796281975277,4.9619792443958985,151.96693716787638,0.11270357229980103
9.90038258363309,93.0879067254088,217.0661321120638,201.51843198494294,68.28033911247928,230.535956059534,28.087794475355924,42.29822129096468,36.932300648170624,958.8390572767323,5.794364247144443,454.9407038281272,0.08905423643741187
21.19841742994111,68.89589227404494,256.30902259255066,253.28662022919102,98.45155805259077,267.7172889969183,22.252492527172453,76.09794172984047,14.266517870993608,958.3010712455728,7.202144825565524,462.3281613263322,0.1123394220353527
22.96654623645626,79.49665082557955,192.17405623720916,180.3298456752286,52.362039457688766,188.21310362257609,24.88943043673444,84.11335344213806,8.298054918117824,959.4869293776891,6.343790691298925,419.25205764895236,0.09743687645151583
17.064528521828933,95.40930034245241,126.03724833823459,90.69577669593994,19.958075883791988,121.40740020748244,29.049539232500354,87.46085369856186,51.904542350178694,907.2077909499243,3.4859516019724897,863.2155210754765,0.08074439536974656
9.477853994671696,69.47554130180542,230.08461606759283,183.25936738539949,67.5511849673921,263.8996183950962,29.913402767583776,75.3888911697836,27.63372009428037,946.3678171950904,5.880161199472683,552.0608240789458,0.09863977361566188
11.236410679227575,89.74146678029447,252.93286982399795,180.43357945032787,73.24486238684817,240.71952321035715,28.37520432841292,86.14866676309506,0.0,860.5620888507624,8.16145315074231,1363.5860628154278,0.11842233881199965
19.150626961707914,75.47076586927906,245.43403325704514,226.95031763017872,37.73398582992837,269.3807414766702,25.15482536113491,73.5654996686795,14.703723881067575,970.2186752371397,3.2028749181105196,316.04284346998446,0.11130015935803542
9.755325073969548,93.1316561324565,237.77599973853867,178.1581264100553,86.8620719919079,222.7121406269412,34.97829818773357,64.04598720908376,66.22619418110654,999.0337236102099,8.61317132014916,125.14855833684263,0.09540063429429944
28.24750204268749,89.63597138982159,199.2373183689173,171.3749303827852,60.765921723679824,219.37778401556815,22.718023926192025,79.1197372913239,25.36192860587873,989.4964980656085,5.4942644747434155,239.81170785942,0.09567240166273612
14.003595704219547,93.68544995489252,176.32935409438707,170.463218082623,59.277131338130474,166.88376278227415,29.785513515429397,68.13964635874584,17.421037970807085,977.5608871942682,4.020190010543537,331.53566709356187,0.1069661712098368
16.760075494725516,74.26181892250672,244.25308011885568,224.31609586618268,66.79839989649966,278.8855194215612,22.145528090020633,66.46000284780989,3.2345886025720354,853.7318484732353,3.1920791077051422,1439.7489954672806,0.11646798054885596
19.42964753816483,83.40748988973954,237.98903747658042,183.09676989835373,72.49160586422664,255.00451925616846,28.558148415209114,64.0010788265137,45.883129129954234,954.6495788577696,4.398083266065106,437.65835803428547,0.11490846194136625
20.08167935900529,90.59882836366921,188.62171212447535,147.71847144513498,40.434359838988826,174.0091052659742,24.412016654232225,61.34885761585265,39.42313552499402,915.1491279366787,1.2804990040731083,885.2695716416513,0.08724424821257382
8.048160522569216,75.12529254685445,272.13787612626953,248.01168719923692,107.06977411444464,292.0840257808677,29.195962568955977,73.92700089348766,35.290905289817985,979.0144978633641,4.052559955694182,294.93793911322354,0.11025784930541307
11.250040758962228,74.6916428527493,172.52339093928663,150.05861984169837,43.16190227072792,181.30572705446596,33.10764769025538,65.62779997280047,32.844270620489375,983.4938695197915,4.326730961059899,265.95981673092314,0.08348346501060198
33.02017234848546,68.78828187142996,187.49049772711464,129.09796869998894,35.732249416305436,184.5631264040456,29.1199916856099,65.1011454839311,45.6867138709246,1010.6769691983261,2.866055431597644,86.31962923272907,0.09461492470588165
8.035758812845335,95.79694352528811,298.4879272837499,298.36752791271397,48.94570842602404,288.0957714400405,22.979496288678636,67.9495654006842,0.0,854.0157697880807,6.146121350827848,1409.4296433428563,0.12301851207424773
22.736853318573377,88.59048952158408,260.0957635533623,222.39365997371655,80.38077070476888,280.82284578327534,16.002794059972924,84.24832821401792,18.424500180721534,879.0208807594345,4.406220681979103,1088.9351748652161,0.11036382738522223
22.195558188709036,86.43125026629536,198.76620137211555,166.83329908024155,78.68059958687245,215.72897722121925,26.743380777959867,78.4097771837328,29.490872518773713,950.9744425307882,3.65556981969403,497.6887601755557,0.095331504392367
17.659730669308495,89.57584695815473,231.0357021488442,168.51183498586298,86.39548296231445,226.83119019894926,26.741189066337093,59.3019087818785,41.08134865580168,974.3065631253424,4.214398916876622,347.39400287474774,0.09860168068708776
20.50848358424704,83.41677464216774,224.40627889285858,179.7039933126726,73.05011017975528,251.12336735570605,25.72631826299532,58.54209869184757,26.12170376817804,960.6665964426094,5.439193451968524,450.40065244205425,0.10349010285585457
30.636852988270945,81.8078808116219,79.38597341779776,62.16953299058001,31.56779122735785,76.78265368918355,26.225387762125084,80.56478934651008,33.70942786128711,994.0680097837445,4.931798178840589,120.0411598621873,0.0775816697829824
32.39490748023374,81.0364349925821,171.34296919299757,129.9283922804435,56.6643305376768,157.20136682056994,19.715040454140716,62.47663525180147,30.259662204855974,938.4106538689498,3.53824484144236,596.2607730501132,0.0791599686377189
15.550107759042252,86.5727371510056,214.1243358112026,187.77904064974163,50.27913073956245,224.82347819213305,23.575535054584133,78.61444029455754,0.0,895.4283146854747,5.0261762532728,1029.2285526200108,0.10572654341465729
17.352222788064164,73.84451428637911,198.83609283870138,166.0102709266496,59.71138005617102,184.27485714479127,23.241236748164308,89.57610258900868,0.0,888.1526037372033,4.7087832763807365,1064.187787533913,0.10947376539747258
15.03200273782165,93.75370215543123,229.02179490818773,230.32242665791043,38.92034414518891,221.96014056359513,34.60534207733219,80.50807437206561,33.11685131539615,1004.5236751998922,2.748964398332137,90.45312973088025,0.10131565859234964
21.916038615980888,91.5408187653587,273.1407823140626,280.3892806310577,56.108749548287975,280.46002612673084,23.14146007408257,80.86555784705487,8.407724358295441,911.2444262702987,4.280691551686931,879.6892037774777,0.11440541558457429
27.814492372105576,78.13734473210899,200.58987743397032,147.99307963963108,51.02706780225737,194.8911000782454,21.832635750383346,81.62198655291452,20.990258900200434,996.3229088755173,5.842808886757599,120.87852948913701,0.10581795637680232
14.619333388439195,84.7796696075632,163.78392686052345,113.0178165487603,32.831245376286226,156.20877048002225,27.070659251804024,92.86254710052134,42.89661116142071,1005.7229167086169,5.829848867813714,37.48976980315231,0.08040157868316325
17.59133651959113,72.08979169855043,232.9092495922189,224.5559641523832,90.45618890109493,250.56292146046425,24.846192062017163,48.77908972144857,41.018768336836146,911.4853936311112,4.386064201673891,902.4216535174572,0.10808672688020948
34.98115391008537,96.19804119007435,200.3354999882765,209.94049767917144,79.91370707511167,207.69779662772058,18.71537612683724,72.38434233772385,32.966994324172276,980.858203559884,6.018191030614758,275.48933375999144,0.09215106756601278
9.408509405561784,94.18388794127821,208.86349162557153,207.91107993975194,50.69826660532451,231.82600907336487,23.11758669736689,81.99084913287251,52.59156870943145,920.4991445378145,3.036080105427681,817.0874249856679,0.0876068557915158
21.36231855194742,94.7350276884768,202.07798070901273,133.26617672813964,66.1415874480471,211.23411353713746,25.825638405710315,67.96661919701218,32.228639904507254,925.8504469698893,3.091821891252013,767.35967898502,0.09700250935360474
28.635183206306557,77.63272838340009,312.5,234.53294383830828,78.73208833306566,319.01931341982646,23.82639076611955,85.3366704731747,12.65820195369992,932.1711767920615,4.347741066071375,700.7983867131811,0.11579022677447938
12.36316633516675,72.90490651410282,104.63145361676942,69.8244310308554,19.343980754477354,101.00221621400512,27.891111957260776,69.29356983108946,42.91111429505358,956.9016744942261,7.495619044956843,446.2283706248832,0.07358233681971636
9.373846580158974,74.141392740523,197.24997151003436,192.97196497647988,46.2021985040568,216.5837171829881,32.78963860130421,67.0857277223326,6.1300708414906,994.2291515880795,5.09385292776877,135.08216151587956,0.10497653211315755
12.007955777517392,70.6100403403076,216.48221538424707,191.0591481068074,45.102537894125014,205.4887618655587,30.36889822249339,64.95813477954592,36.867646776964776,972.5469582242123,4.30434154260161,332.1136979936717,0.11550073034051433
34.6458726123898,71.48320827294015,177.60954205252776,151.94272827037227,41.208886928871685,170.6041071335386,19.22439672572324,71.3953730313408,0.0,900.133552880177,7.579448402171964,1076.1343363079309,0.09424050667283315
8.268533672812579,70.06783149136052,261.65795827308085,228.1081625126874,53.3142277336064,290.5442509288516,29.93007361428016,62.584841477099346,6.957513399901201,912.7041054023077,4.283510816633631,831.6982186758066,0.1209104788078527
13.461337269529203,96.70486900694134,257.3295506026487,193.2494754715084,45.8268623403122,279.2792804313688,21.39311070679635,77.59717440293068,16.744522668116886,970.8077036307945,8.822519827114789,346.3425810477919,0.11601556441015326
8.907221874147693,70.14767281770314,214.27893574223967,190.84868000876472,43.78942347230709,225.6825119088069,30.10353405277569,60.17152309955078,11.011724787463605,973.2729099877498,3.8796903774826577,342.90690263757284,0.09771688096495629
11.208254559303896,71.84372034759099,203.13297889948197,134.52822616036116,76.4672278436095,184.79619184929018,29.686307257993175,77.78300302851834,17.753714318985384,936.0549511819773,2.978888287347658,657.4193684641443,0.08082468673267049
25.98432931222059,91.99038327213135,211.06882495508432,191.73591041509818,36.15723348497642,196.67697144906086,22.84809736624552,80.25378135303181,50.93030975014578,962.5112147753899,4.500548445266624,471.00293356003846,0.11483492488448276
15.007528353433488,84.82696628554535,211.42733398427617,199.53952177080785,48.87970794335406,216.7107688141026,28.690759193259286,80.04155705509098,39.846258189083755,969.5760924979116,4.351648330493369,360.86896680307916,0.09249243928776223
24.50714946248963,90.45809893251064,212.74801526037854,195.56021064836577,60.0188688440548,231.1687449049788,25.96151605566209,59.94154359554034,12.800382498842131,940.6264790550923,3.34610404257129,618.8469295834615,0.11365006876217221
25.11566610021766,86.29644822540699,207.2667115908267,162.2581248869494,49.45967485447835,210.58820542361903,23.827167373716733,55.943500633162174,16.866495596790347,946.4611446090026,9.483553340685187,604.1875318272623,0.10480201146394902
32.63362465960359,93.58307703953949,229.2891323962863,224.81917883391435,64.06379029420364,207.35149479780102,27.62834037664112,69.85547014236947,1.4515709122793936,991.4112900619816,5.37352782204945,245.60820736703664,0.09775639893239493
8.137500394444343,86.51555830517748,254.32726990805995,238.10566595463493,40.90981683087068,240.61076433897762,33.27638653728206,94.36689690576956,27.425816303883067,955.7294696933359,5.63564923260885,542.7411802509641,0.11155131347534947
32.74771432092864,83.14162769419137,155.15365928673785,108.8121981877372,48.43003687269596,162.47562033612718,20.714546153916523,88.0904508578125,27.98081435083219,945.5880588172182,3.9686173191535414,578.0102291406924,0.10456592747845864
25.954453506382247,88.66974111907768,164.1334717050092,119.49863596830463,47.74145373864491,176.2061885653667,23.797365400524114,67.41764459451358,0.8829821808304033,963.7449223697516,3.760195107458766,420.7395600112941,0.10221967336499722
12.71956109704377,80.97438980197117,129.2407651924905,116.94264890701041,41.38826509620689,117.39676385173654,21.657751145082727,78.91892042824722,37.1256390982773,986.9691360203808,6.64600504029186,223.2383592246439,0.07754697487502014
30.415184255923236,78.0358508642373,259.98653668454665,199.0889681345007,75.86782923872295,236.804301143758,22.43243831288115,81.32991842413192,22.586702751345385,975.6755041408172,1.7834848093384301,323.7901011456903,0.10697633628421505
32.80925471192698,81.56192112105616,229.18283132618987,159.91763223172887,59.467420415977244,221.23649622218662,19.349348901756606,62.8366384712661,35.06968989869731,987.9238419724054,2.7428439489773364,184.60087848956152,0.1058078849203141
15.373641028870562,72.92170904785826,241.93004246330523,172.251189638448,57.46694591833942,222.7874303946321,27.961444290608203,83.32710325785948,17.610171711852594,952.6258185142274,4.354844689906401,553.5783292148284,0.10532611776960699
34.645016746177745,91.10058016427806,145.19175474849325,103.99314021018412,29.997893859122776,150.34411038151617,23.78667083638787,71.2964220626803,27.63116934593029,1003.1989075572466,7.2318851501417605,91.03090596832105,0.09472147969475746
21.179265478661076,75.5604096587424,305.9140728106736,257.3093322296244,84.13154966874757,284.7832098083864,23.76920313616136,72.07782904499231,38.90685928574189,883.8181557196648,4.125869448654947,1150.9368690646002,0.130456111527637
25.499309175666323,72.45241484377438,186.2241212593988,166.28960775086907,29.14651695157321,197.78022813980124,25.28405632301102,72.01060153592974,27.165174152583454,895.2101031364572,5.549072803093553,996.8661468917239,0.08248261112839064
36.55483647491167,75.14421501171358,225.0769570222295,162.18165695886145,52.23140524309766,246.30313876760212,19.598884274033,87.76629397385256,32.0318839206346,945.2616785512529,4.849911622898564,588.019111788668,0.10842825810607412
18.484546280536783,92.42003440139496,259.3858997005853,242.52546453045304,82.86551364217148,296.3818942309644,31.581216969403005,59.18320484246352,7.999020394268326,914.1577659982821,7.1332651432862555,798.4067946964516,0.11067430790688824
31.58162102878327,77.57583757233421,167.31767887686308,127.56384215887729,29.64522251520082,190.2572238521469,21.072283505600918,58.07247314767474,40.25099294300803,923.4005079438185,1.9474985672167415,761.9172449974413,0.0913320841159919
17.23357441702533,87.8954462156711,189.35044874103335,146.67526100719866,31.37968854992595,183.3558573337325,23.17883312150456,76.6864864317968,4.762997802783531,955.3430246315319,6.124733766700999,476.46110856444585,0.09792186434247838
31.17719214500324,92.83587928901645,225.62525539671037,166.827189392125,70.63077940529021,204.72161713278163,21.188345497987026,54.612742739879096,14.225198504713946,971.0336645979573,4.441981926463325,368.90360432191324,0.11379279334821721
25.421283647016633,70.25459534082623,312.5,301.2757669928989,77.95115008924611,306.9853293837319,23.965516203174207,69.81655108610524,0.0,981.1425278477735,6.464791549054934,336.46573657441803,0.13550032330582978
14.274315161536641,90.18570775016325,231.7229038092679,239.58422686979887,81.20874202543892,249.59338102814883,25.70449527712529,83.30514667688794,11.166964600567807,883.316041806792,3.325292209019432,1179.3126449661702,0.10219225994140495
20.006756719887854,76.92229852499187,296.98472419820257,251.54604341975963,114.1394934041757,271.7262631890133,24.858791185237905,77.90390608689705,29.209341973735683,993.4017662431525,4.843907525753109,216.18237701890718,0.12186514165153561
17.21143339654329,74.28204856133723,276.95032392626445,184.67387045583945,107.80571450688375,274.1609257992579,27.76210427222245,80.2138772394748,4.272563071504866,989.7427257865595,4.615487920357169,219.99439842653462,0.11157597250494818
10.265143399330553,87.97814212113619,235.0671684913926,177.29417608255494,60.27080204747781,229.07498594336954,26.84018745015807,76.73136369190183,30.51376660840237,920.9012150196892,2.995616151623257,847.3152529479955,0.09258513594588604
8.865208332891227,94.38410205926378,167.20687808513273,119.25530905870774,36.13036420375413,159.65521502334184,26.79417082262116,94.66800822973715,52.67794601808569,929.7384743564432,2.495256576695465,793.1073063167121,0.08845078133923924
18.047881006808247,76.55555705265947,269.6543472075784,266.1771311941012,81.4769871866784,290.29171941431997,30.005177445604797,62.113461766948014,14.138188214813463,968.8981914447693,3.755259548646343,352.0517245085784,0.1302065160532535
8.551990286707111,84.49618035614526,141.76114958426433,96.95634675190777,43.52751027271199,150.9436219057881,31.127936421088233,71.07896763321266,48.642334138204546,936.7077792570261,5.0338760321909986,633.8051906600577,0.06775291071683087
12.799144969871476,76.40518930163526,296.71042285052124,307.56720447269186,90.67062071306816,306.7610503341908,30.85665567333956,62.933470749201845,18.459725944501944,935.8992120806056,3.437557996251913,693.8908320862171,0.12184864271976874
29.030316304675196,84.07428198606641,226.66693207757945,200.6921507435842,52.234182606595745,255.61086221749412,24.075092979408492,82.30793831562191,22.746514147116073,997.9101164200595,4.205867586549927,128.53679510359828,0.10598314324767524
28.534645834824047,86.03399888897587,84.15548930175787,72.12932609102828,13.964588038272387,77.9098655259666,23.378246530944562,72.6816540147394,53.63141044449026,896.5443742273446,1.4055647619295724,1040.368354968455,0.07277461161204957
29.4188312072641,85.69972627491521,199.64136191507473,197.43337815653965,40.42761729523579,187.1482658832736,17.44909886547098,95.22916970206366,52.65286706261659,932.2482229992823,4.1328301431292855,693.7198256759077,0.09181346008563124
17.197441962769382,86.08284471963964,249.36405771281372,164.83439216355828,47.03127244725105,248.33229392623974,22.240257020126464,68.89963482987906,8.036357655449654,941.7432806631876,6.642455963925012,595.9142316557799,0.09837154992311149
33.81056425641317,71.9173139743082,204.81547301467836,196.79922064932273,37.06649793427447,217.91762388674496,16.339796866002118,92.99942776436815,9.889665545157126,939.3059031792129,6.069324586746149,697.5167643299387,0.0901818079474755
25.22108589282498,88.11267361801487,252.41695721634537,175.8441575432329,96.3149479387362,264.0331409251267,23.928756208486067,78.78839033865086,1.8687382327180444,945.4174748328611,4.643540513351142,545.2498011535761,0.12168404594737135
11.65476391065217,87.56776033502648,174.16545828105188,171.7813490485365,26.727764143950253,159.97283210174996,33.11411687305183,65.18409581068873,43.79160080389053,968.7974006940512,5.2385749050254935,402.30835132552954,0.08160746098072746
12.16784118221049,87.79505554428961,151.3675480272863,130.42894892989003,45.48056476645491,172.49939635246662,27.056954583305746,75.77885971195465,49.23538214283235,959.3308080889237,3.3091312879305166,479.64579350028265,0.08264038583147608
28.099767380961342,70.14804602942249,213.0943965142864,143.72189097636726,82.43949865622913,208.03685760325317,24.033605735029933,75.38575928726797,14.980286522848013,992.9867017251709,7.723989629924521,116.89924445671375,0.11790586354333288
13.015374156820265,80.95832643001043,218.2449500311624,214.59982626301917,52.38168670930428,216.00644506745795,21.834170618087597,78.09221030804802,0.0,845.4652134626797,8.521972511725028,1493.7324268495497,0.09853306844126057
22.711488345879257,79.86201882932616,199.2474491135506,131.6877491843022,56.142854792092585,210.3868658648451,27.38698661128255,68.02169998003005,14.991531534121126,964.0001841512075,5.0966825352707525,397.0794729704459,0.09965042512676518
36.76145980193261,70.51463302565277,278.0312239987763,196.10884484351152,90.06707949840427,315.92448302409036,12.83857713951047,74.7132532128417,21.513129067288496,852.7316701146508,9.463234504910687,1477.006003291566,0.12628622352494553
8.116220537266845,74.4486699090075,174.1562979097138,168.78005982180437,39.932719644165374,185.5935007163757,28.644555782202097,65.73364417461302,27.875708228800434,955.0728905199956,3.5756717312363837,485.75269266750064,0.1000504292224242
8.48081425502915,80.78791632214306,232.32494703328413,194.2116792626698,62.59136024110001,264.54686813394636,27.412235527956234,53.23876179815278,22.856474146337884,981.6959801011276,2.5480573678758844,263.882282118415,0.09580987559206659
36.799452875984684,89.5442829858844,220.06516522484796,220.62753773661564,77.96374322477001,208.37921634184886,15.283058830379405,88.19303626102273,14.140058942138836,891.9630959006118,3.5226772426305875,1020.3282215824321,0.09907141383387982
24.9545261898908,74.87480023255523,138.83086905986252,125.52694415597567,46.69422405136712,146.42526220942233,27.3261888433687,57.78740920355024,49.38670651166709,955.3625857237648,4.404917522865016,578.6853748292529,0.08575853415157268
11.680389290036882,92.06274739362243,150.71515748324103,135.55494612821272,53.06866871508041,166.8747949158341,21.084049046426472,72.95629021050182,37.54060340383339,813.9559420058958,8.961719792165333,1850.0987879160084,0.10292300453277187
34.02176379286871,83.82815028644444,217.26221747909824,166.61710023480634,86.2172609608448,223.18394191223015,20.32373814588533,82.22145989810207,31.207619463592287,984.6985105753504,4.293913570669273,258.18016597781263,0.0967757386427835
33.53102870370307,90.0522288703539,312.5,219.8350654439667,75.80683397938898,309.5448184241672,21.677419590448316,83.05203149864045,10.510985245400223,892.5638999861268,3.2526195369527615,1049.1920469070685,0.12132127798104562
23.549811980229883,81.70412351676886,245.63015726160722,254.09677243263158,82.72155969016275,281.5387396845563,19.481636354333002,58.66817154816121,26.020998864921577,888.1441060288639,3.182774052760614,1086.7148244009961,0.11569727329190219
26.03196886596194,82.47663253724448,130.38492540943506,90.21581706894989,39.206244016302925,121.94208883381486,26.74023165093265,69.6893339270031,42.32083651129916,936.3655561306911,6.852039801677904,734.7409974046776,0.08533298169173219
15.922428553525414,85.97186229200956,62.5,53.85026500183919,19.790699487831194,62.670773867635255,28.081249228481912,74.13244761170269,31.70388057796327,882.4466536152762,6.595143146956265,1092.7869519140818,0.06937683748814596
9.46507119478815,94.9111476368089,253.31934631688566,192.27633400868817,84.853995429833,283.29802870744504,30.429854458966755,68.17627752544986,22.598044483094075,966.9458477404933,3.926139264563501,404.23425033023256,0.1028499413658486
25.242460657835068,82.2625648609744,211.85599252025676,160.09030811737023,71.4871669468337,238.36345384232948,21.378177198049993,88.33820781829544,35.09422370115929,982.8749784894111,1.4235885910611201,215.21883159877808,0.09763215039339207
16.547900602880127,83.33106860514044,273.7299651421851,243.0269033759334,101.6732419816604,313.4469582494614,35.371086294259456,55.485061965446405,31.267627221594893,978.0467085760127,2.768531619523287,284.27505679495994,0.11531585861987086
27.245010353150207,85.45791194229835,172.6307706310946,167.30919353478362,40.97053309320049,193.5556740039023,24.8599959091514,51.621591970776905,35.34699162959151,956.7986093589209,7.898238907499177,461.0131060066101,0.10346201342592233
32.251110128435435,89.38793898163405,234.177291559593,225.01435405178105,73.38421724868321,213.74280695142312,19.172808641286256,84.7650132546562,5.3946484850880125,921.853842062753,6.039854192189047,761.2736232665956,0.10594478044282545
8.526655773516557,70.0836597291008,258.9753398180598,258.3332559591008,56.99337841534557,293.274454634373,34.511105083835005,59.02025473674712,3.9839390836809816,986.2706193679671,4.91783047600495,228.82485662656114,0.1109461663380506
25.275699465886095,82.95493571713719,194.29348475634262,149.05440254908973,58.02422912451224,195.66166019989842,27.2401803348625,52.62244975625002,19.32875606775464,963.3233290999796,8.163899711671904,336.70553552356813,0.08799906044983416
14.707135650918715,81.96615608697526,195.36238815511342,163.38167318818398,65.99220054995199,207.65161949690517,33.31432572213348,63.76341551662848,28.537600398780857,982.9581729953536,8.32498729106073,245.16530828404782,0.109248521896186
33.34276643921024,94.72886454288954,217.9298082215862,142.46808804469921,75.78514998580609,217.61794353792496,17.202111185848107,90.54389081063853,20.476987247148177,915.0084535518657,4.735308716469662,856.8128657314371,0.10341575125267967
15.356270690293027,82.3116908326539,243.8004839946831,231.30401459484983,62.17671189089592,269.0136033175663,22.76465717311678,61.15574808337959,1.5739464163338255,845.8091320171551,4.768370831043,1469.3447206006392,0.1196991666199629
25.71233386382713,81.5812955061356,215.9499664410711,166.48387215502223,59.85702374821763,225.4474068956308,22.341782541934684,97.48653350592494,5.66170451911357,997.4898324718571,3.7523159721982617,183.54831916516807,0.10292414269853965
24.052684362598733,95.90379966750636,265.366483554641,232.08884009554873,61.9531127932634,294.92463731993234,25.649268609716025,63.10176916686056,0.0,935.1353580512504,4.287714082526756,655.215841766354,0.11632442030776839
19.488828501718217,81.06671744442556,193.56990720331518,138.92901563415492,37.2155735589132,183.58999792321487,23.523093059311933,74.05163409380795,0.0,906.3856259367694,2.124615043559782,931.1634760341883,0.08455118074133548
27.651002144394027,73.24564847934062,150.24690639351118,146.90538557470254,32.322519506987376,142.1705001846655,24.90359396369706,59.88580065056627,30.48623669664945,966.5941754269907,2.1173045228686918,376.9305087042446,0.07004812853705113
29.047319406747583,74.29056756136787,312.5,305.2840274097847,118.13570350779878,315.6544376238115,24.653434906366357,72.69335556186705,42.92845562714283,998.195610787116,1.6992140359693773,123.49235495842977,0.13792245858601673
24.44119606426222,70.76043861177224,186.43497983954433,186.61790348455048,42.36592957846016,168.01294540291158,20.609066981251594,74.17526819741197,53.986445880939755,903.7081758635939,6.751806612455001,1013.924655748591,0.09678927802578158
29.99424487835787,68.0164757485094,188.2445624807793,125.8179215813209,74.10997043895425,202.02655657219168,22.2029704520142,59.34268461507777,12.089844446038537,1009.3339519175382,1.9894759987573858,115.72505308606743,0.0970972714922632
36.51909520379519,80.52642416901398,213.37650061305746,223.4016719963843,44.887912291458576,207.8315776600327,18.281492367393763,100.0,25.24207436890054,879.9768916261879,8.30993213767108,1218.01915922177,0.09350368870654704
20.158899249123348,90.30803485764842,220.02572214936575,164.82385723542407,72.77741786949089,228.6781977104801,31.969309139576605,61.47118099815177,0.027449026842653268,989.093555757292,3.4853197958410704,240.69803890908955,0.09316268039244675
22.922908504680393,89.27052684119525,197.33248454225256,152.6906421799805,57.91231338321591,181.05273021616298,25.715296599228115,66.48313714755722,5.718484355790302,1008.3374151483549,7.927229832208566,98.61339123391531,0.10583622559106673
8.361626460295184,68.93232354628266,215.79497181921622,161.78889034416096,69.96450894759737,203.42152331831878,32.920563790042436,75.3539077615026,4.668665262661875,978.5767312688546,4.142902182842145,302.2480772945885,0.11243098500385287
31.084828133000972,84.52950420422695,214.67855509525796,162.51447406234274,66.76277364433076,226.63932624776717,23.81549803266276,91.09015040735449,19.41573646908381,968.7597586766561,1.980863812343141,433.5604991279379,0.09734461605099318
23.086671944333823,72.4742106369908,225.407633017707,196.3445967173812,73.63777629449345,220.09154203570486,24.9131975923815,83.33381060613783,18.45196089416431,957.515848026409,7.1108020165178445,505.1267768580401,0.11071788371134016
19.83088148045639,95.29121225817622,98.79229371730088,73.69156440799149,37.184111553562815,94.21628265043812,20.312337766411506,63.73832855660494,43.971685504507754,933.7312892188206,7.323358129739805,694.5110858891014,0.07530777326190476
10.728086929592479,72.8535849896812,310.7104820170591,250.90136289897214,90.37554198342961,297.41568545882797,25.104263530211632,74.05567927077732,18.34167354300537,951.8826745820469,3.16910819951938,539.3523318498699,0.12457878838002598
33.80003622858652,86.17253731322697,209.30225098993878,190.93443653113454,34.945563395674284,199.61257003926363,13.480956827108699,62.401509714463096,18.551448500581806,851.9033305633448,4.203025920124588,1391.0141065718844,0.11636857968338274
19.455209961176138,77.46091250275765,245.69779763901593,241.8674872603824,53.48997284291061,259.3862945082283,20.265311348013327,84.8048017348129,18.68835991408703,965.4179301280924,3.169567314190237,418.0584991432046,0.10792966432772609
27.79486634806739,86.60527845296622,147.76159958996547,136.9892766061922,48.32613228978816,139.18002015276664,27.132781674417014,53.94189327516176,16.428572461152037,941.924029837565,4.583051949976106,560.5178822460404,0.09538690510319468
12.331850534676372,79.95549929745818,193.11665360420417,171.43528042107621,52.821007736981656,191.31614782523,29.626583990524512,60.266719571488025,5.865046595511657,945.4038274244818,4.994092465393538,526.7296683129831,0.09855333826068483
35.88493925668995,90.02964851688544,183.05087335064596,129.79980463471114,52.5608608767874,196.22535889391133,22.83290531450629,73.70166070808186,5.0577838066784615,1003.7126936607676,4.1675104935922285,86.24713340914329,0.09428597473242016
13.174811092833096,74.68969463450787,290.1528548920939,283.31866436353374,86.79780880916833,298.3983503440998,23.90108771331854,77.3291954407553,21.215788783109325,990.5974342603557,1.5259954882964646,152.83682439773176,0.13344241161729675
13.78671779408522,94.26796373451354,187.37598632487254,124.58815867230507,46.030282304294055,196.61741076101904,22.928504661519472,71.04785003683124,21.824984329945465,959.1622952911044,3.7544172328379597,462.4219242482499,0.09743352875125336
32.9105029561737,82.50607983008722,254.57066601367126,192.3731119749145,87.43837471370446,245.0819886296954,20.80936036606139,90.5433484744797,0.0,943.0145669883992,6.066333774397275,610.82323911949,0.11081554609527736
34.464899580116004,89.92670128367273,184.1456440330069,123.89752902395924,60.93079589882023,208.66992488424899,29.53436186982574,75.6049063260622,26.431819104794815,1007.7065807452855,4.4239808233273505,52.39886226426436,0.10367487998878264
14.15227481817574,92.64217555063559,194.03571968396946,177.92524244076643,63.755258081277226,194.70898716790265,20.350898023013272,82.16652912223147,7.162322070613328,851.274305770241,4.210606870388929,1433.3122005009955,0.10802243550044416
21.624225757070008,96.96602971768934,204.3891584066324,162.96937518536248,67.20878487867088,198.61332194028145,27.143654911083075,57.991067051286905,49.24730852359972,942.0724402200598,3.124602218944623,646.5433528632892,0.10831637027215121
29.271352232322066,74.49442430222479,280.8589230081317,255.8117538520875,104.64508581029085,316.2700502329975,21.6578382631244,91.66740836495451,4.1888357249778565,961.0550473096222,3.70190753544429,442.91353875633206,0.08906282023530414
33.47260628051325,76.3198799933402,122.17403371516075,96.37239076371905,36.51148943464058,129.97147423077115,20.69760169970596,67.41126719745012,46.8964847300127,942.5920025157704,7.336106591847528,625.4506466635008,0.08337647622937142
18.992528156081853,75.26255951522477,150.88348890294506,125.57976838619652,59.11133020572825,158.9537134696154,31.268171100787555,84.36088744924089,48.701922075333044,974.4387825712762,2.7484009377562058,288.08259854376576,0.08592637276765956
22.993565118633448,75.6232686326337,119.30140838217585,99.40007284719404,21.4501750364902,133.8184407601339,23.85917705797541,93.13460892287539,22.780861954318,953.1717585452152,6.097481574033413,509.2033766672086,0.07920557535143831
29.509775905072313,84.89089750464194,162.29156067859415,108.44845660926872,49.98413625085547,148.4375532161234,20.178718550587327,80.98359048316789,31.7969726615315,951.3752443449619,4.884699397626344,570.4241930801605,0.09351105851110848
29.202943322931066,96.81215317122945,176.08666410706132,144.75919320344448,57.97330058696722,195.35404541141665,23.901191156579458,83.19917805153064,36.889018904763,901.4966250928551,5.240659193618524,1021.9983904614935,0.09549631097742302
30.705843770756463,96.71806452568988,135.94260396214722,123.22187610708215,36.61003692657749,145.38600527012775,23.051768656337366,42.72938744436142,36.34180199182952,964.3144438964761,3.4817586941736876,389.6432478731094,0.08916084381667416
24.528080740604263,83.27642370950693,179.9592793359332,156.28039904175768,39.96033528173058,178.15936238103,29.974653015103044,66.07025343301379,33.42261948925729,996.8689996105722,4.166800741113749,119.02233290732599,0.08981103283798977
11.03383780733848,86.53178909767554,115.93094261999592,78.84619989844748,33.331231485274174,111.76761155316933,28.82110620078345,79.96477143856863,17.665917703613307,984.3521575674991,4.789703675690476,210.2173144156702,0.08802637512651997
34.21522543546316,92.93914576734657,165.7672304782826,152.04541603157634,39.98088776803436,153.53385337074184,26.051950056785515,80.40354263771243,38.44545872397548,967.6564307327394,3.8627994637034466,365.45727794755135,0.09648599346456183
33.10160364030982,95.05507029515165,276.6876866621767,214.030404791859,104.38901202749012,314.11482678173,24.4379167336565,60.25243323207602,6.204384088082861,991.8123567598424,5.396577787265788,132.90063597314972,0.1223716521598123
31.144825638731657,73.91195819255677,236.84607018072185,155.31747614228726,56.65313072180837,221.56429415881996,25.263194592089423,68.85222392764973,24.71485782215383,990.1167500141879,5.623390229021528,190.0798854997454,0.11025415622007083
10.896011837661156,83.32771013933113,226.04005027529305,160.9943636973145,43.83521190732141,218.09692016275312,31.30943915626076,41.58879362297992,34.893825141978006,990.6336164578066,8.710871922515857,211.97410580755943,0.11076644147115129
13.927523645361447,92.15227458518385,166.52773885271094,141.38602412516465,48.97535588065943,178.64709394708441,27.532048312802335,74.10428975148567,40.052966784867465,969.3657296114259,5.300742052852268,346.148910888609,0.09809407147778439
29.564410588121905,76.79286022240316,139.86241871443045,108.27598288634672,34.82548321302796,150.70708624765848,21.80410096163632,55.72343521842271,39.25143307517754,938.7822937229341,1.3579632200660923,640.551150172683,0.08327385137644659
8.671062742876448,80.75446223193353,159.70886288995266,148.17040949314043,27.785275348342484,150.15702335105016,29.638407951188746,79.59405206692472,40.67559500927486,973.1230285035132,6.893434345509624,333.1582291393997,0.09516421140584329
36.39751437751111,96.58301194384823,214.50617532186592,160.07767660782335,62.46646939137295,236.7145981662258,22.10946579715932,86.13967596944663,33.15023951005189,939.9060118134048,4.4330328450548535,671.6737264410248,0.10378054988700369
18.93719573031474,96.56635420490525,260.0755056530001,249.44322038760228,73.98149518484281,267.2462599775329,26.103442361199043,66.37357796697579,38.421191572808866,958.9297823729811,8.421465653286337,443.2279386641346,0.1296245564238826
28.860063477033883,94.27709751219027,261.7850375234327,200.1584502625634,50.60285708431996,291.1348496004322,20.233210757805473,81.0261906982965,15.221483879543529,987.6686484808715,7.447664014509554,196.040890308495,0.1229434482671285
33.739561566153256,91.15500200001367,248.19728479083332,222.9669096930904,74.31263542442457,228.79355550226748,15.688478279770251,77.27823013557871,20.22976218301083,942.8189742632688,3.8905187093191804,577.4006611847093,0.10586911616723667
19.444266756352384,75.80478452096136,179.7888234632695,174.33880433029825,52.46952411728188,163.7350299034394,20.930087150769396,77.67501422953315,42.01267861515125,948.7876941042139,6.099425010968115,514.0441712576664,0.11304529591831104
17.254842169390315,77.30465214794843,217.8941582868661,175.2353741357319,74.82554157746543,230.80386321131473,27.709092372787275,58.36013186933868,14.960062110517391,936.4057681428926,3.7308807340538017,684.2708567646565,0.08539411979683277
25.653492738049156,83.87120239494136,200.59954016480438,134.14532102937235,48.222621440683916,188.06326232682574,18.854450932000887,83.14136548679839,4.881056885109555,922.6143233029549,4.8048434875464485,785.3856125935964,0.10299704925040323
24.84869183869347,84.26254386229834,206.60717849192915,178.54542135660046,43.83995260057457,213.06102094048316,21.940618745570944,58.03565270129908,31.40737584495219,895.5214445608452,6.016772665837117,1043.766073067007,0.09532192905856379
19.865059351119115,82.65958176135494,312.5,327.5511326930625,121.18905366959184,282.3522468191023,25.52152919942737,53.28347501716429,5.034644730760831,942.5352722404293,6.803400370883718,655.9039300258634,0.14278878115971963
25.451467920163545,86.46343811757288,128.56665481648605,133.40034275250122,37.32346310461744,140.77821334038185,23.888379325259375,71.67001337312257,17.602090601511577,960.0759639697202,6.411370491995232,501.5801863256757,0.0845269508991399
35.12605971742835,79.84136765635668,204.93282587055361,151.32421792989504,32.130390997619465,230.52535821612332,20.902142164256027,73.16585347248238,31.768205060114518,927.4580628058764,4.93498133744309,686.4920907985261,0.09373878284804289
21.561567442171295,89.72605056215045,277.2541120264745,264.0231586899794,98.47453910600962,307.6746246395083,27.086179481794392,73.05407372008199,34.87887842146755,979.6184234426837,9.270163020146189,307.03042078620564,0.11640195287658811
13.705523241768308,77.67294786787231,143.37209191498977,112.97444603992358,28.558217486019846,163.38514462698848,21.34222387242925,68.43114599969331,9.048048018415248,980.0660176646783,4.142963268251239,288.6089607681654,0.07960633091538309
18.938973503607112,77.58963291144423,184.47929540335417,131.73832369887012,63.9237508206912,207.6819829883222,21.558473237182202,93.61013806811013,42.6629806177441,883.2631293608504,1.9070388629412638,1140.3350523349727,0.09249143815191616
19.42910249520044,71.68955289486301,190.21474178828467,174.3062992936355,62.065283518310686,192.30796078406811,28.785385481288305,70.57774150876378,0.0,981.2855499720508,2.2535412686232155,281.62300793030556,0.09278569215845159
11.802152097760375,73.47265409083866,205.50218056396747,174.7482638042009,80.5986603086894,205.4173188723005,35.48892922130359,65.93767440811938,18.170373462682168,980.6231629768738,7.453213914220218,216.86099612421106,0.08969470974497648
12.723273516082092,92.66510548871938,136.8688086863558,118.48626325957602,53.56974347831494,153.84682556757863,32.672300944303714,67.83449801862749,62.07741738068533,943.315016760304,4.662024744275752,655.654362469174,0.0826201450880633
27.85230012841664,80.9421878188328,246.43096968356863,241.73820071982593,53.87046453388347,278.89447925951185,20.30720876137,85.78333168038478,13.110493819771706,978.8387526307571,5.086303496497366,309.1724421547344,0.11522635711002294
17.84485487205818,74.60816581003218,249.98103079232388,196.13948401700085,85.39661870999237,285.7805610011842,24.02591221287667,78.53944437454331,18.851921318466296,920.2980252757909,3.8234570161361936,779.8687806607751,0.10359727288681304
35.69205336381842,90.02089190064923,242.08543291756405,221.953100862045,55.4893150909258,264.37649222954286,12.854709734143484,86.136411209768,30.130178073968715,898.4240894131906,3.985135537261458,992.4545245660129,0.09705186408250208
15.064305615399615,84.06545264868893,173.14798295211259,137.9083144704147,53.208285939309626,164.57667427770315,33.82191216144704,72.30231131949827,3.280699846273329,977.5194936010074,3.383227450291269,244.20601641555712,0.09057124960486503
10.868810648039847,68.61352433127551,220.99220620603145,147.4215932991314,66.17313744718808,251.09986041108408,30.9612184786369,48.984878846618564,22.932591081691616,929.9432011840786,5.648071463994159,712.2110698324665,0.10518150345534905
29.85163232700748,77.17448226276474,171.6946546882123,137.56279487575478,28.09540572324609,195.17997099086548,24.947502006462468,54.17352188897226,30.20899787618778,978.693772872219,4.624716148433219,276.03172327907276,0.09816583480260803
33.55004550561823,73.13304092251889,200.03683362809102,206.04069620102644,30.264660251643104,213.34585246966003,22.525851923183946,73.21873100843841,52.92928955451744,964.2691454933915,5.583009680046122,371.6527889383841,0.10478550577946345
16.06528734927315,87.02031296850238,312.5,263.53281026105213,51.38781364021949,348.2250208085535,31.168684029967768,65.08831394920676,0.0,951.4447121980787,5.4109890935714695,558.3931164725086,0.13717631111641307
13.86055494771886,75.97590017827733,221.45143554647947,153.53054734815046,40.30095285513691,230.37462300722976,33.047966631496045,71.35972513528525,16.05919492127625,984.209457620342,4.033418279460786,289.1357868471278,0.10783456530877998
13.387217911261528,69.88345659708837,157.290337867308,145.51412536846453,33.72511253420745,178.68681563893705,31.654640539736416,66.87645659004592,17.481112457549564,952.2924003313879,2.1742848744549823,522.3278802150683,0.10781504330705119
23.138356739628858,69.5931146867324,225.68343369986235,233.6617357449171,85.02370730333102,208.4150624629499,26.89547149720618,76.30227214677717,5.631307889649959,965.5493528099,2.017560727201156,396.0238705450829,0.13025860850066528
21.584082596156357,84.87009164080274,149.07687036350117,151.04142006276987,41.690564581758615,166.36843432205887,22.645654092320544,61.42752403053071,49.5495103514435,924.1667712681561,10.247972865051118,792.0386834137071,0.07353484039433965
15.523755355781493,68.6299802154186,156.71614704091607,137.71969508042977,54.728872786103494,143.21911105919665,28.10736416011389,69.40666296782194,31.892350473874856,922.1940077906265,7.460712199961957,793.449326902544,0.06931594103413122
9.310020392693366,92.61497128094658,164.61050986922712,131.77273748747126,59.190307716317236,162.10460507376914,33.447724266055765,51.83125320757755,21.974915573218126,974.6365833985274,7.212328620404185,290.3157187111508,0.0862238075240863
21.96324886946214,72.506516458461,194.45119405688249,171.558662538489,64.89531987973133,181.5846328494574,24.335374078362207,76.40028008102423,18.06463237432959,944.692955134283,3.585707747423588,567.5960680916938,0.1016754538350014
35.82063808143265,85.59042372066746,263.51511644612674,257.28889323696126,65.31124162616122,268.72843972246153,17.146973800882172,59.49957053566105,7.024326378900046,911.9945010893902,4.817117520773616,877.0093523522795,0.11517864231916929
26.923056821827235,80.89595281231162,245.58657656750862,244.2346069442457,89.87605427739881,235.2870536263396,28.853405968341043,72.40037621073596,11.054965853758297,991.9953639001462,3.332346973710292,187.243992115676,0.11502812302828389
22.369690142229935,80.84269411572518,242.8164330790331,237.36218205749222,81.46793352899554,276.3294945668671,30.79825419865866,52.67140283210195,0.0,967.0278815005089,2.4382522287013964,394.11709631161307,0.10643959097628533
11.210070146858868,70.08211712844133,161.72043838713958,134.58222079027456,54.30376006194609,168.16181736785285,26.529269912557783,66.94130613773582,26.860991103451063,950.1420093128179,3.740207663323738,549.836365549552,0.08346472159387405
15.32065242593803,91.27981525615425,189.60094889488425,132.2548518241763,71.17497931669733,213.19350386921815,28.76771372244899,77.93510593653329,21.171757290985195,985.7562599906817,7.187132934173242,179.98798368812925,0.09008134972123963
16.548444537661737,93.89852205784433,230.2667220108261,202.0980489993598,69.00307714923623,223.24695285868282,29.34599616179395,70.79700295654902,9.093041102325948,978.2859977780563,6.313341660463145,319.14124656475616,0.10301054014234529
30.179303025609794,68.31948335414262,185.25066739724602,132.0043517255499,52.26729158948992,167.9286907368845,19.11812664635568,60.24889644567245,29.53809373498772,868.8866321265618,3.053913597080361,1296.4857146544541,0.1010726294578321
33.42461312067396,73.17952109521642,202.74834465161177,136.73010453975186,75.53199795365478,221.78920219086433,21.048726123051566,68.43708065461851,28.18609050403061,990.2665610044996,4.233331109716544,280.9267011647778,0.09515115140124951
34.14761375342671,94.21322147506889,238.73460129316413,202.79719739710274,62.93412506304509,256.78160381650633,27.85670519672486,54.70085058785209,10.840101591649766,975.4763666325364,6.148421709485845,307.03198010132087,0.10535294114262873
36.55248963927187,83.93531477120169,199.22803260660157,181.72572642444726,70.3061131637394,206.47453618869315,20.569628103501216,58.5967125211471,22.953782847515942,939.3260719151905,3.7722514886627927,650.5477198981908,0.10395417311591114
36.488633810031445,72.35114776919809,227.96964612176794,226.06813365007986,37.26428085215218,251.64102990067232,23.86059054647434,74.08815932416027,53.18390898524766,1005.4760043553092,4.943255240698915,160.4229742377187,0.10573864678803005
35.63697485027146,73.8809231256656,296.30308946764507,285.3796454266795,44.54101705205924,328.9026792781631,26.399112495859278,76.4836934389136,42.3610354588853,967.0048304669921,5.523325404716661,400.76642518016234,0.13264060307073078
10.082842074583647,87.13960108287631,208.07372671731682,206.59561363918337,58.692005784784484,217.84816210778015,29.81151877091232,72.55684419042704,7.9775881404564455,987.0408872899528,5.503674993319436,218.71693787493845,0.09263637730779276
11.99601254190635,89.01968784515932,275.63355715262696,262.9619957420023,46.41751060823163,314.63072974268493,28.406487393664985,75.30107823386552,0.0,948.5361165534628,5.257461769842514,521.6020978901594,0.10868435651876603
16.829529267804954,85.38337744881812,244.63517003203458,227.82769629496602,96.4194670397266,264.188366698694,26.266084580584533,70.86802382667419,2.413675340314871,1017.6902448834778,3.6233450871914816,13.935581436474658,0.11290930592710302
24.034049367869383,95.64130301746324,143.30456699232835,93.72907252743853,21.69277088977995,153.22394346528424,24.25011365538019,69.86600688819617,49.360124050734335,953.6755056093289,3.8082457424661325,470.1529415174654,0.08769753195563679
10.8123587724589,82.32784450619154,161.55981520349044,145.47506940001847,53.240002920817346,160.00164318721366,24.383576475379854,61.76244554907297,24.788088225841022,949.766134498893,2.759430267262874,560.8858970755736,0.08291938990143687
32.528111776262136,76.70788545213327,174.98687251317187,122.17456077398121,36.89531256027591,157.58699066323982,24.903830189198587,67.67613913113614,32.34708277696872,972.9594235906092,1.9895941316959096,325.8131252815304,0.10251459372557258
25.885929193241964,81.8397543892981,173.92492082002752,117.132669071288,68.15908959955443,167.00891260782743,26.145827877410678,57.869853844809754,58.86577187620912,972.1869856847462,4.5934522649575875,342.3478591941019,0.10643471576381339
23.728567666763944,78.43032251633171,212.15217936132595,151.17218816398588,52.05905007865534,231.45381152007644,25.098027552255616,63.46992268692632,23.02020118114417,972.8078707438643,6.269267306256944,294.2943072102308,0.09649320134457384
12.794028377651443,74.5080608875659,247.39886907075777,242.28188475819604,38.79730256112757,266.5643185470812,28.84048196009453,69.8168831363048,28.48390046574614,972.0643321927212,2.3154916905228955,396.72283071232073,0.12220697937694744
15.344408757605724,69.33293423086405,279.4245875019028,264.76590580844254,43.795316909884704,274.60606031999856,26.01142007400854,70.01280306538393,20.89262311422048,882.9420334212391,5.291351839423663,1150.4060177327383,0.09977648053705286
12.649048724485484,78.2141623133886,232.07542110292079,238.92372590443077,66.91740273297567,245.1634870553352,23.311137308305973,100.0,11.365426559122643,915.7076868862802,6.212336184090111,809.051229575735,0.1170779157327293
32.70606157604916,88.63087108358252,194.3826888640062,202.46716275780068,77.10733523420727,184.4345463179713,22.786820502304728,60.31258762310615,41.73002264652695,971.7365025664484,1.4938792161215777,396.4269247392728,0.09171454637889756
24.94260794177533,68.53469628338063,112.55460448517296,113.37778322706731,44.452696353303615,108.71727245506953,27.45322139214428,68.78643567796675,25.371297190721272,973.5980188518224,4.312954019754806,319.2325412684314,0.0847531747264741
29.31875339806937,80.7361768829721,220.19614543753357,154.83541615574416,51.59597393021914,250.33043350219285,15.845697653571776,65.08612076510533,42.068774981032604,927.5337308858263,7.763178360825072,757.6527374803696,0.09593758919209804
16.584953024390746,86.67627264204619,217.9551763514162,218.25009070935832,58.99521619882197,218.67336987606376,29.266202725521058,64.70917905988365,13.494959069150774,958.596488879969,5.793493831963271,497.31295550804003,0.10202407144698272
18.766326475560035,85.70171916605491,225.81310434361455,222.5286197531328,39.54302499067821,217.06214620782768,23.354087398800512,69.84579825980774,13.958518540416398,994.2304053707289,1.4331771316878812,175.9184908281289,0.0996778598353281
19.74079396836948,90.52280464077276,312.5,312.0107324824622,87.67006687435405,319.30533178429624,26.566727685644903,79.19541811381546,0.0,961.9084963477196,5.985011032340899,361.86849564519736,0.12583035556936295
30.040434180577012,91.50507175413412,278.69649397632026,198.06242095540844,83.5881573681347,277.7918367811632,15.57421246480387,75.04396463597769,0.0,895.277334180203,3.454073770389008,1070.2437099514166,0.13187640039099313
30.398236642562473,88.63946880666225,255.91971257916597,178.30354557459506,54.45086421259889,277.002956710384,25.85931676869996,69.39935058447846,10.210578278197072,939.6384596472241,6.044352474166967,632.5066907122031,0.11080759723119922
13.99759229790692,70.98113318819773,168.56281016308668,171.8537549245285,51.07935388927659,192.25077780009562,25.697203691675938,67.13905742193705,0.0,973.9730579326251,3.557852820118607,322.04597359993295,0.10928186156650764
35.30462684540487,81.77565087612646,191.01692920682947,137.44253707723357,71.61667604568964,200.17320271531315,18.02825820429265,63.5668759959938,22.847475501341634,999.5942722913752,4.704541600058462,110.75878731991575,0.09320935430599447
11.499004785866905,85.49877276714065,211.92443632024154,168.99886463479498,31.83928007235348,222.0516262816929,29.25720495941856,62.073212314534075,15.591720993341013,946.2585123021685,3.832423016586691,519.6999650528288,0.11189087354595208
33.987540390285275,75.1214151254741,177.89631046614898,148.07981074437905,36.86606501754069,176.33232876954304,20.192990159870067,72.02624072126576,40.16571990925514,961.9378886531816,4.80568390092931,445.04362724460316,0.08048251355898574
10.91147372384447,69.23400271175652,241.68989291592257,169.12903088547532,48.937343132568344,251.63730099586198,25.344789613885112,72.46242714295575,25.091227137963998,962.3420695743391,3.778895686960179,387.06314946292116,0.10595973091968526
15.671654523388021,74.48411930540536,234.5121091274519,154.36846709558617,42.440020060431415,229.78251970513824,27.511376424263634,75.58037173283735,9.20862216439276,924.4102187333523,4.39763116520194,763.498348335851,0.10069631402569267
32.54787754597075,81.19193765024653,162.25127701393205,169.98030933389353,31.0752250221292,146.07044692548175,14.805481448243999,77.8096497442945,23.784047056521587,940.0489906991111,2.68391098504078,638.0440372195338,0.1027370423571052
13.205270098036536,80.00397925258342,276.5075021214729,276.6907983733604,84.74350393459004,308.72727424922493,27.581448195204104,67.41307880402324,10.004604103965598,1003.863774408089,5.683187271745185,114.66405878895553,0.12008210155477068
19.993470007989124,73.12334245848768,221.7821833571097,225.0945383544768,38.96127402010055,223.414726750599,24.595168959350275,55.115733247649246,44.02202081357128,957.678044497072,5.115513375559065,446.9102877651963,0.0888068689686679
21.04591969837966,91.9080507378213,130.2131093295541,99.4600578843237,43.573590686619795,133.21089132263637,30.170953748327527,73.2605821739015,23.133463393720255,1001.7921813537648,1.8902420866125276,144.94025561750237,0.06884797480926678
15.11251021767308,94.844913393365,214.09952374941818,158.0141471976404,79.59270711079398,197.1589479308093,32.80707422950404,58.79536174489637,12.08866146332746,981.8234435579197,6.587249988363469,298.32538255830707,0.08987089373392203
28.59711083874361,73.83910125252874,230.72698946281193,189.27610670311003,88.05624743764014,255.94028766795446,28.490965114627592,76.67846029059568,3.4621893063209477,995.4744171022372,4.482681672621906,134.73213896581058,0.11283876161437023
32.688704832663916,94.95761455144942,265.3062847384537,220.55647611340902,83.58314085360384,250.0735300883861,23.262211494322987,86.55463028308357,0.0,992.1950582138888,5.091172313224638,139.48674047632417,0.12111948170211095
33.36267905581158,68.51796781608024,199.79284651033586,130.3128413635372,39.8285246694037,200.32335439702504,13.642674578951093,79.20671006990906,29.63612737783204,941.6615739471976,6.176211009652534,566.4105028548975,0.09542677197615809
17.840342226360267,94.82391170850141,258.06358003902704,248.18006621886573,44.21252191807854,286.46770584981357,27.767389420951474,59.55297565557991,19.334012960244088,952.9792813750211,5.390836036247971,526.8416439130184,0.10912506750355853
23.394661434346617,95.60593491234633,226.02376600517744,237.02362286899915,47.01435336743546,229.28884544465532,29.689475648037632,68.08143335070692,40.33786289175366,960.8095310520606,6.8973656852296195,422.35234460248165,0.11046157388684445
15.203785712103894,68.34950402746183,150.9139362147877,130.00878663878294,58.9302767764483,170.95350863351803,32.71414435045499,69.3157044998224,47.984044683685795,985.233952039371,4.27206806003026,277.650312291559,0.07492259525060545
15.099098544954217,90.1275596065257,145.90832799254096,117.50048400228471,56.98979403365387,138.95267020254593,31.352798617340337,63.762561093660516,69.07050151909598,995.5983943003945,6.661972895208671,125.22732019280764,0.08618472021614867
12.6763678227058,96.13584560452546,272.7946601741341,220.17277681079756,66.96555706426729,294.29311835494474,26.19802389049932,65.4011967938073,12.97270946076345,974.3021855810644,5.0212643120531775,299.45651308971526,0.11947155186629567
35.26055131341793,94.27116434571558,276.4658755857551,190.32763851863209,63.987442254854976,316.4150925616968,18.91161075220297,82.50603350521175,9.622175205193624,952.6344445042716,5.713740164112044,528.5458795359185,0.11512015611660203
33.75167602956182,96.15059467469018,232.8121281869028,176.1141630716554,64.60598149142903,241.52009550866376,26.869371513934457,75.48028553579438,0.5747855949641867,949.939672021405,5.526532511036227,519.8308453259882,0.1090155968004063
30.543402686503075,83.95938166523155,291.45200272566814,247.98284452439947,64.97107001620067,312.74139833166447,14.72667271535613,76.75576542444352,21.73087210329466,894.0925920818285,7.033314585557147,1055.4912900625652,0.12276887236394145
23.01218411734414,70.26652805667626,269.497159118747,221.7258772179497,106.42863577193233,269.0408101199289,18.76433514578656,60.447870230763854,16.353439753883038,908.577969683592,6.098542272406728,956.312788115305,0.11988685014110796
22.227629549844284,92.64388673634605,250.8481031406527,217.73963988758712,51.50045698654884,272.8811794488069,28.437679547350232,73.81363821591434,27.141779104062337,962.7776167364312,4.002698135442277,435.0507939500201,0.09989894648092985
23.362624319292443,85.80101941846134,171.1010922299831,169.32613389221677,41.45534286204177,192.86831894966113,24.74805703115312,64.52828244066374,12.247972876926536,978.6823584629208,3.645719320800274,296.9244537796569,0.09805501272667057
23.560472393735587,85.82736558146038,303.2381042182838,224.42558728604095,78.03611822120918,326.21260312458367,22.867209915002654,75.84964282170097,14.788347202657926,987.5652265396607,4.710442534329301,223.55989676267083,0.13209526863994384
20.602329456233022,80.1003546859019,243.48173827708032,160.9574190221344,44.13496217549361,276.10395183698944,32.73288358570905,67.32526544822312,21.555733527747076,993.7392582747086,3.431817406057355,106.70244012974085,0.10810262941347476
11.820890153869957,84.58341731911216,197.3747279360856,131.31146790362232,48.49619569814621,206.68354440143636,32.28425361040601,47.283122841248534,27.47931640799246,995.7448492339253,2.906054037612575,160.2671283624873,0.09903855422099184
11.644251733187543,72.45381359349732,183.25316640140178,128.94930152282117,66.7376292632202,191.36841561412146,27.604446223354095,70.72725986543246,17.263036416931868,952.275970750492,0.9695055552635248,529.1103628164547,0.09226923074383457
35.615241759524814,89.45333077041836,229.5058557423595,201.55048047812966,42.4792962994009,224.03371251576144,16.0823796454685,84.27942153736976,38.41399136694705,939.5360230401384,2.0113270359083213,669.1602051665452,0.11350139935618496
21.978892028004168,70.17550191319472,133.11371242474394,129.55610523185743,39.40238936671535,143.41762862913671,32.37088919470152,72.47481279734366,65.78755682095859,974.894115541606,8.373731450000744,346.4530478461394,0.08048417376547898
35.64296022225048,89.16364224426997,251.6503304343098,252.8387178427331,63.33014210506279,281.9712082727062,12.592096987519438,83.09997992094758,0.5972900403892965,816.7490037856002,3.618299550666401,1809.9185797421787,0.1043702255929006
12.74372945359319,92.62037425612077,168.98812593196533,152.77291775833754,32.552889327085175,179.39425529200588,34.76133764900062,44.419069441303606,40.458440804099574,998.1354068936906,8.226228539678061,161.72353827503989,0.09407713746079296
24.07808000915807,81.70159164937016,235.197072107881,190.80534191672206,36.00491825605579,225.37990048986524,29.676115879651437,81.02991791814523,0.0,1000.5827121818587,5.525678282080044,96.24279182859293,0.09209375056296985
14.023800347194637,82.78508061565444,190.5856497987587,135.65998679215514,41.61167524825429,197.45193211654782,18.792048682130556,81.07658772972137,36.44130177242307,820.528468685203,4.710435561055011,1789.4860852269367,0.09834354420749578
15.342353577671446,77.05421391474027,203.44573103043152,164.90646417662072,33.66156918157893,221.54921802862253,28.375652766713724,57.26628449292426,0.0,997.7757155818216,2.098910789721779,119.28335602198743,0.09547449794656036
8.871582784074185,96.11429892804205,178.82117302841343,140.01090813958353,43.66672095361309,202.9335681919232,35.177436656136635,55.98042027350796,20.302313827249115,974.7458553557251,4.808404012036887,342.7423438731934,0.0858279272500686
11.449646011466129,89.2606097622268,208.60519510762663,208.1901442699125,73.544275522715,195.91136296269363,34.94120091316135,66.35928136241613,4.013850807542248,983.3370754206069,8.205930780542813,239.82916344757172,0.0987813194211523
34.58860382124668,78.70066804571,311.13564396753435,262.812467347748,102.65028086940488,289.93930194624795,14.917254710653852,86.86403816445949,5.0954809806289045,955.010058811321,7.603746139230129,557.664337257935,0.12022834010484935
17.324456752987622,73.06941420075715,285.9196480190987,211.71731205175902,110.60685155006392,286.8448504211779,29.649346134000915,63.40089452932225,24.693958272652623,983.2784717799063,5.2936295748556415,322.73913089999905,0.12124074738910935
25.635747145523155,74.36780817386065,234.3906144164395,179.43080316871522,60.180693671197915,218.31207277177276,22.64009418413841,82.14317872648003,0.0,939.2976468699216,2.732396941370971,670.6249834596039,0.10708166149476082
21.48540982768892,81.45374629719146,215.40195338841906,151.76964571116608,70.42574397519789,246.6583337775986,20.735081189624175,57.48426675729888,17.29751164900256,930.5477341429036,3.0771023785515257,774.175980311531,0.09760234884579969
19.613086112113074,95.3344836091158,258.87672620131093,263.3900295473232,81.89188063592499,260.4496849599367,29.286860423776076,58.145921550041265,8.467959537562514,994.4816758074297,3.265334681893571,105.6329535226568,0.1236496872562456
23.424696649035976,89.29024402706662,273.1651863720445,183.05846412992622,55.797151419203985,282.289621957657,22.44880316913918,53.397317366267835,37.740952302271445,981.7925129712384,7.10067886925286,217.29377178984137,0.1173522330914024
13.429929393844905,74.24206869719535,175.1757475562902,114.7643763892177,39.57143520822911,167.6032407628763,25.633878588415048,62.51884570057103,35.200052984310744,930.0413575954316,7.737096784995766,711.0466766334898,0.0965385076413247
36.66951305706772,92.92727286914804,212.79472328505653,153.8922019249178,60.105440729665226,215.40816825108362,15.480436108132603,94.69642295893487,5.422534808140178,912.8444140500078,5.152607102941654,881.6355205972992,0.11280845011352368
31.730928192412026,78.96781516728075,125.56875518826267,122.34786728978766,43.844130243037476,143.92357757992528,20.4685949472809,96.20314638802931,29.09527103630461,955.5272523396989,4.254455216058323,487.7010654844826,0.09282044398774521
29.506824349213943,92.69994329982305,272.82177217971145,234.45940647917664,72.42140798479065,278.87071863108815,21.9337709685945,76.79888790742882,37.41829774882625,938.5132715740219,7.587678893989771,587.4008380324412,0.12175770718716562
21.594019613404623,75.0092883414528,312.5,281.35541092212327,64.66730751371307,281.93936920347545,18.79300492036897,70.58130399101928,18.840479751610363,893.917004921315,3.038567626443081,1100.3980382038262,0.12412992338402735
12.433436541663744,85.94115774615321,220.67079789782096,175.01239233250942,87.90783632424282,211.9834040111875,34.41208880384542,62.25392994841423,8.125878379245535,983.4537407324129,4.893281989680658,325.9575821986929,0.08793894035016622
34.69930988993347,94.87344415435717,110.41616042151587,74.80376806191481,19.752866069145874,126.38385076119468,22.43230325951305,78.78755630071977,34.43151786102628,961.8866989645514,5.633338799183035,483.7979965321026,0.07845690046843094
17.9002249540701,75.47892626528603,247.11119249551825,245.24878092137143,96.11939083018278,283.5024864203422,29.37646130855866,52.86902243676225,14.406683899550046,908.8997336618579,3.246958907082481,957.0248404438283,0.11921540856699
9.45309400121108,88.0948711269898,171.46220835921267,124.61148170153066,60.39954707366093,163.33889002744408,26.2268064590172,65.2935630729742,21.21093983878102,901.1426989012112,3.6553544014956465,997.3951222208105,0.0935482031622677
17.92970662750823,96.63206597875717,183.49919458344365,121.70101114867882,66.00895047108189,193.37439126896535,25.684087591811142,85.80166067105358,1.8219384676581036,963.05609044577,3.5152723574623144,399.0242002782749,0.06635111235436872
31.039253884380646,72.3673503300471,247.99548615621688,218.0082822473124,86.48331604165787,227.96416724388354,29.071600821754267,58.285618649312966,7.636351345717941,987.0630696220281,7.350108340778554,223.31786036526552,0.11581545138534416
26.058553604658037,70.56366643031956,229.39437294230288,156.74877380568842,46.34746657769111,239.5704015179124,22.771330248962055,66.29268680821492,41.428833646635184,975.2353006107579,8.245861098702758,395.6661282976127,0.11276259582072548
29.77431895760093,87.55166058089966,192.26122789973658,132.33431462463852,59.24445034139643,179.08752228120758,22.49349911367615,74.13713726887349,20.443648509121886,962.0365389370323,5.006626554425809,425.10219753269115,0.09356358244173645
31.015426132008944,77.85234248472187,184.18638503658346,178.68857111181046,62.47371083859992,203.46432318499575,26.006402035887852,74.0263009663368,25.823237787598693,985.7639964554335,4.317206543322983,216.3901749001604,0.10368249823356818
14.146683721335735,70.06608984363115,222.95846942770834,188.76641376414025,75.00801113439938,253.03417277202612,25.866350946044737,65.05687878116949,23.66411428864736,988.6855089315204,3.7202860650120666,244.85538776598696,0.10991373897190031
34.78971616670223,81.78386291862452,196.19338904104828,146.47864756805146,42.7488409544649,185.05876716959878,19.967531831510442,76.79561836731119,58.843112564524645,904.8336879363245,4.803143364210592,998.3252607541219,0.09176189357154016
20.701698484690805,89.85934970967472,161.20480998651632,127.26322902481562,31.480050620307054,163.73218579205906,26.863713056586324,76.58842489212535,30.95240007327697,939.5201433533914,3.8096008474137784,606.7889453776172,0.09861881203805664
26.531395828660774,76.26854961204047,200.0385075927487,188.37554076859197,46.415084141198776,185.13778911476254,28.45763890779181,88.84840711140302,41.40340416484037,971.7011210933713,4.625345563760603,344.0580843817362,0.08760386552430026
8.066954405015519,77.71635944764891,233.6462978294259,158.07145369633398,63.07541626792943,230.09136982109476,34.8206444314782,62.88104066046963,10.980352744818166,990.9044386690778,5.543819081407062,171.00917263279732,0.1011795126816032
36.80768645392416,92.52528261876219,207.76149332568502,144.725045345607,60.9666102117219,190.36654567841558,25.53326614231236,71.16041393274448,19.94478709360988,984.2463305391831,4.070436702977337,247.32977624114943,0.09817547549221588
16.1459951929605,83.08208545558315,145.99123675425741,130.88184655145483,52.44554013736313,141.0474817799089,29.487689633771826,83.68437175277765,33.28960533351567,1007.1089359239049,4.458741487294624,88.32439119446184,0.07727275242228547
