latitude,longitude,wind_speed_m_s,air_density_kg_m3,temperature_c,humidity_pct,pressure_hpa,elevation_m,wind_generation_mw
9.94108674416968,91.22673540175211,3.670782369153084,1.0970940521251988,29.037715468796787,72.58771028022146,951.6616440300577,538.8337630083859,0.04265972630058908
31.769623065175733,70.61853889641786,2.931578279918062,1.1368804753887993,21.11314174448602,58.655998358810784,960.3124853401274,466.30402595696233,0.05829158970472051
14.868711530991732,95.80568978941868,2.5846186688918116,1.0621891777753547,27.71330478032256,59.71207881181386,917.3456241717207,868.5415543315112,0.035103607440858574
17.536307354523526,93.86471727253821,3.9061936616473587,1.0688434913098777,27.758506801938918,63.76634463357261,923.2312203789708,803.669724017726,0.0739656069806538
25.688630580240435,95.92754618328021,4.159705880349381,1.0453874150551588,22.635846369111118,79.52341000280347,887.5984927451703,1111.3702278221404,0.04007573037922929
24.934675211946256,91.44210676191653,7.738668992640666,1.1483063672515916,29.236927966791797,71.09213796146004,996.7418325020845,166.79211946307672,0.12730746835450288
19.90535542948477,76.53502168074029,4.029161585117613,1.0303559577114052,27.59987627359909,73.53175115349406,889.5178013281454,1140.7077914185056,0.046118410984974365
8.124705975010317,84.86510856140498,2.1762387004169197,1.0775026825999097,30.62515533579535,65.78856577583892,939.5772907389617,616.7921319262849,0.029378020923731332
21.038474676473655,71.48471024491356,3.1342410063041326,1.1459867781133148,31.35403607195293,57.671178289607305,1001.6928184662065,96.6908756184655,0.05755404776248258
29.42759585588067,89.87083521831562,1.0,1.1286329863762843,25.158040465465966,84.77054103986718,966.4504625883108,337.31378441383106,0.03529613943553433
14.821940144438205,72.4555503137916,6.407240713066395,1.1241263140227993,21.82370227732166,65.24547386119823,951.8320254363083,548.085412031869,0.09102682371232022
28.542382297940723,93.13789411280273,2.8785523566198314,1.1495825381482996,23.55881508886031,75.19921893485599,979.1123022083663,331.2983764662179,0.061206164946465684
8.439431774701069,74.97615162287153,1.0,1.1139513931364564,27.905510577901136,66.8450960639317,962.6639792666676,422.9256300403562,0.020702999266533094
34.332226325121425,72.6519453112049,2.793428550420051,1.1520340319101743,22.91380095063009,77.0902710049055,979.0672394166503,294.0366379484152,0.04733524409452543
35.55113702201793,70.05622654703821,4.917260271758361,0.9331129309565691,5.835141090349426,77.36053138458604,747.2693692326399,2558.1550790005645,0.06722973176497368
8.07138301931222,88.62958871347354,3.748236532547344,1.0607669607835637,30.431656311523426,76.7246121908041,924.3946225423737,760.0670503013845,0.054452060476530825
21.276734000388856,73.39990953024568,5.356350107631116,1.1040545751236286,28.50438839488211,81.3297072819419,956.009238780449,498.63983323342904,0.06130605280137001
20.000836266921404,73.73236654978987,4.192115764902813,1.1289388173518222,31.44756001572538,75.39993881395594,987.0944860604436,193.80957148543402,0.06645310302644081
32.41461732166569,72.92120151202057,3.6731321538719564,1.0439880859039998,22.832227362528847,73.09369410596628,886.9988899846974,1113.406876576828,0.057497156886556156
23.680926148374795,76.86805855158633,4.937425040537662,1.1106269796282813,18.5375819184824,70.17244019602549,929.9252908980707,691.0036128956245,0.08659973751240377
25.729598628145474,95.29513158972341,6.739403456900348,1.1684767788972845,22.122135720667142,100.0,990.3859057140826,212.58410910691447,0.08631770069268377
13.872674089506251,82.11202865980535,1.8655879683034404,1.1048166716797367,38.64433522514,50.53271989478232,988.8270525851536,213.94573370536176,0.02806531491676648
10.234875371915345,75.56546023986724,3.5930430149380013,1.0940698927831372,32.86021233958667,73.31014687949067,961.0431489484482,431.0254066369319,0.06979341904819225
28.07760181829613,72.94133203142931,2.545248522015317,1.1200023127825662,23.831331528685844,74.14591681068615,954.7946335378481,502.4752913419243,0.05032594026050431
25.999603767113424,68.5481411714577,7.4380837218816005,1.0915951954954077,22.512128391737217,71.11613570399673,926.4440879984647,747.3538034514622,0.11074865738900516
32.13753328551506,78.58478676498207,3.6284658875739186,1.139274604881365,21.860068054302246,74.04958175932858,964.7774729335587,453.53580908045416,0.06550416503072327
32.49581997581961,71.19178275255638,5.18754608141121,1.1165644553839706,14.067955141014146,72.55027836767708,920.5709885341735,792.8780324737884,0.08357620311279919
26.30002294521516,68.78334787440572,3.3010856977987046,1.150935954848096,22.488620015671646,76.02852142148232,976.7293174926469,331.56410660542895,0.07560160696750415
23.612480105558355,70.98641147213915,2.454131562036166,1.1197368180616751,24.673254938298253,73.3969664027919,957.2744421665882,454.47237354039146,0.04720708986608742
34.50623980134368,77.23712397537979,2.3953057605170023,1.074139233384317,14.925886308540818,100.0,888.2380762022905,1141.558355767956,0.03410441335930615
31.2366599397172,89.77504734171036,4.721833674671068,1.1037155655707187,18.4019863000225,85.32683174082186,923.708780134043,818.2957915713723,0.0794114459254533
33.590324854059766,69.94260128388726,3.04090852117495,1.1089440666742316,29.06595276847868,72.312660783329,962.0306896949879,475.60463309037647,0.04734370751205527
36.87938604994579,87.68154378894089,4.577800626237964,1.1332091155140824,18.73255660738611,80.14279970792597,949.4674937868626,600.7831917389441,0.07108051121609511
19.70166784522886,85.99573333523614,5.77911650398156,1.1147289957992552,27.202532407570708,86.85360386965796,961.086541673767,456.0406452332307,0.08974307793931356
28.791105206431773,93.57771595853686,4.062227402601523,1.1677500242544008,25.84822265121873,59.70197849674416,1002.2599848044292,133.74989692355268,0.05881568640666175
27.953966641715773,73.33562324568972,3.1162780153674325,1.0280620576234867,19.521099352839585,72.00790301539459,863.6963211611269,1410.5651364048576,0.046384250434916105
13.050138686651199,91.03376346469025,4.945815164800183,1.1335788462751735,28.648285017532437,48.37481221094002,982.0427647123383,225.3863574215561,0.08136563307656151
26.459909391098254,93.08109129439418,3.00829864556884,1.1199754998929707,28.364109369170325,73.2328618631998,969.3443023060225,352.64434801022225,0.04746239903152449
20.41458900048821,96.31803981790037,6.573715385641605,0.923228491674353,16.535576500209306,84.40683395529649,767.711366482576,2275.000655073338,0.09956529253783343
21.068432113297625,91.4479313825556,2.8312352280228015,1.1682443435236605,23.643278279374705,60.993704682089366,995.2900160530165,186.87955996618751,0.04241057706335711
13.224001705767652,71.58927782375632,5.2299088968841065,1.1045085026821475,28.433716253544862,81.94719880252563,956.1782304216024,435.8951919579289,0.06924891807895803
29.597441037943092,95.46674129473949,6.19888647240001,1.044074878994998,17.967095099879504,67.73423350383648,872.491601800817,1192.892595804174,0.10801944269620328
28.240288700669417,91.63476953130973,12.881473455207262,1.0032642840418124,15.75547703753955,73.04648498355668,832.0185839091886,1617.654258539048,0.12957155792615388
23.436414031062746,74.15743034918563,4.311442221103041,1.0827592667824568,25.221084589172598,71.04089994377951,927.3646606428165,684.010151104115,0.0672029193667273
12.544856545548821,72.79072461584256,7.500570752190333,1.0317102031151966,26.79100291764005,84.68826158525012,888.2914145496794,1120.4121431592546,0.1227229935953689
24.149078775356678,95.15601036161107,3.400189280337761,1.1174335505240438,26.686524925490893,60.23745437134738,961.7631706177807,401.8761252627045,0.05728936340078172
10.90386924226359,72.51526015707047,1.0,1.141877037789426,33.060638526692046,67.27002428497241,1003.6944313835098,23.29221879139832,0.041443698560976745
17.84178875812544,90.53599817686352,1.0,1.0493639103545325,23.69483397527591,78.6619937652311,894.1646963564459,1052.9088470581187,0.03325566595468612
18.798377440988673,79.75251837363159,4.305378703504321,1.138658961990492,20.16347018474988,79.07027250746994,958.7107045317248,467.2461164278602,0.06900229445941859
33.61933638367869,88.99035269929,4.694102474071993,1.127327117529627,24.373705885391452,76.49241621089303,962.7941185131942,365.5340445225877,0.072092590600124
20.051300187887172,70.66369002483282,4.08607228917825,1.12102115477945,28.40881026956153,75.22883503304635,970.3931658273825,339.71615833289775,0.04472032797209506
25.35562619014811,89.02669034441561,3.133938565802435,1.099093265645182,19.480055919428928,68.31673361034854,923.2416255042542,781.865180667585,0.05063894416013105
33.368590649215534,82.84542994225333,5.1368653001988065,1.0947378039083187,20.510310946912067,90.0205802054648,922.8205766773838,775.4048601754033,0.08005670277794719
20.34702372391326,94.11097317482658,2.218640747836629,1.106196632922805,27.955293180042087,66.81980079224627,956.1204828423045,477.8439933048237,0.04537621705864945
33.62740208205123,73.46355410007473,8.08305644932758,1.104780861555242,23.782203912840686,68.41397523118748,941.6626474310807,660.3244256860949,0.1380486908101272
11.957378063272552,71.17132626127504,2.6278046980950305,1.1407558420982706,32.24535201346724,78.40450860371047,1000.0392008342527,183.41166565150453,0.05069323629484992
18.58045155763884,73.6903886560611,8.207346434320128,1.1154170460298996,28.021828532627186,61.57905135839127,964.3030107317956,406.6364737747207,0.12150212180067697
10.747090222927472,70.27868565023202,5.883958142057242,1.1176985094436402,33.93077753322778,66.95123763373076,985.2335743919504,191.34297354163914,0.09707269589548123
24.266959249157257,96.42436568499056,4.546711981379431,1.1552419441390094,25.474811973830903,62.439285378365994,990.2862246164847,185.35537139695137,0.07787281521600137
35.76117975182627,71.56284215142709,1.1476747133244065,1.1164249079715878,21.02925498950858,97.97187966179416,942.7650212242252,615.056959356231,0.029654353131673607
27.05160322431669,73.82467742224613,5.730116208639097,1.1283792590134545,21.68249925757284,95.4087956869669,954.9757606864217,497.68333855080874,0.08505089876867876
26.15619290311371,91.48088667101528,5.5383925067252076,1.1289962865198875,28.18342950558851,66.66918953172258,976.5662872433935,332.1321835309334,0.08007405385393632
16.06660033505101,75.15587747535182,1.5804177333536298,1.1475649152959544,23.20290867143599,76.45653566500013,976.2214725022458,390.774644754357,0.04108407055048799
35.00209600007053,74.44650686552559,9.00585248902327,1.097667013156559,22.27910316190753,71.95662583713855,930.8630443159012,653.3957934197933,0.12254703305317724
21.674508758495143,87.49698363182284,4.0390150542973595,1.0799427192357889,23.70717351812041,67.41898365323173,920.2592018503043,793.3125503250518,0.07036582613395803
15.743059538328755,79.56419168275504,1.0,1.0811542459938808,29.158840239591665,68.2851268233445,938.2107509737251,704.5418190286916,0.01759375427651943
36.643299432557214,92.22889546020906,4.866915165328536,1.187430828551147,20.281645503989886,72.8968337949825,1000.1777038027562,91.92776390686647,0.07874439142456328
20.27059408004743,86.50981102421528,5.683153436113026,1.1666743099198789,28.938937546896838,52.036069642852574,1011.6874355642501,39.38421025590801,0.10196874374502636
18.77347048987678,76.35822679544982,7.395317067491616,1.1409781583700997,28.14297038363174,70.43015394711368,986.7979297432502,244.70086901753643,0.10397691458755424
9.013876751666198,85.3397749929712,6.608362620969298,1.1497322728898287,33.90609187341405,63.342806963483724,1013.3893596186159,40.11699060902487,0.11351928997128719
13.170554221195793,93.12738702488889,5.604531687080273,1.0395089941076208,20.441515833511307,76.31294348287744,876.0595985930929,1301.0173895210373,0.08332636454148118
31.46654929709613,78.5700058560214,3.3403583127517105,1.134728659426076,24.612819393859102,69.49584864665381,969.8942655075547,380.42226940171884,0.0568110776143428
21.99815803346236,89.35765092420277,1.0,1.1679980035316713,21.906205216811298,68.56226271344663,989.2561361524988,142.79284787663437,0.0314561251289888
35.69136708083062,80.05915643093746,3.1810097754723827,1.1511254684554422,19.243152458673514,82.77889388168552,966.1660219714544,376.8904819472797,0.052841648917694
10.432688293483858,83.74912853557649,3.6885298481434625,1.1755799389887198,27.243936949219723,73.76058817263026,1013.6901556000535,69.40535444055455,0.042974195636319004
25.86235982955452,89.27730080614887,3.7241128613458048,1.1433322864706668,28.55612024927925,81.4711888248614,990.1898895398654,146.1186682389247,0.07104107151250116
28.879540278756142,69.75529376798548,5.8585039716586005,1.1376404269235405,24.965820594487454,74.97122322858209,973.5358312911198,354.45544007916783,0.10960839210708055
26.014310667473502,81.19353614790904,10.56625070029336,1.1243835195820826,26.41586474544643,67.03282916003616,966.8713589705226,307.87374360567577,0.14405080108896262
23.36644924364981,70.76119196378596,2.890186349315263,1.110097350563822,30.12887752393855,72.57747099508737,966.4182663093592,352.07223825494884,0.05658392756029314
24.770651289822617,89.0251607896907,13.887350730340657,1.1075873735061599,22.370404243135848,52.034585437415195,939.5661633398491,668.673799656805,0.15020109727096742
27.996938149916183,85.62638169036903,7.919762176933033,1.069124213057183,22.42136291029203,92.84184485010343,907.0942611634574,934.7442969125482,0.12193876350321832
33.03464276548834,77.48096015128907,2.0375172341304686,1.1242708228518636,21.50325831964138,75.19152061402671,950.9202321572416,522.1139589945216,0.041035615310523785
17.753994684255886,70.21216388839223,7.691800012022468,1.0561090532831496,23.710141722990258,92.74745973516437,899.9586504630889,969.5427455857257,0.10990707272473307
21.329968332808363,94.84827139886761,3.451403661765237,1.1105855937717817,30.57144265831412,57.4065395423738,968.2541999855705,313.8243202399404,0.042046525750536995
26.441378011897957,77.1351078958822,5.929652223158152,1.0414606460011835,26.62122741693677,57.68868698200362,896.1788901395798,1061.6547281841783,0.08035622735548885
17.11226261746698,75.98592654450547,5.499273044279104,1.108658597924666,25.545710384356482,73.2763356575936,950.5800925678695,528.4329518233054,0.0861745659509016
13.184703112454166,70.92914415660992,8.21672823515723,1.0469288228947924,28.611932776221966,71.09699448431122,906.8668128153854,879.0966514964543,0.12233072085457045
36.01889394656586,84.74324306380083,6.820132689590347,1.1499753827096006,22.435526919814503,75.17757890049928,975.7388760690905,319.20182280464655,0.10894025117766724
13.647137775090881,75.70395020629879,4.596904837195639,1.1017559643938297,29.154438186121304,68.9501553022199,956.0747161748643,510.4001433247021,0.05567372782498506
14.749259766665272,92.44273938414156,4.170056452055986,0.9727840268936307,21.006831336225357,66.51404645537836,821.4048622982984,1762.0768220903763,0.04769640047899994
25.94189691399518,87.80023672517765,3.324767595815065,1.1233193631602556,22.87613598964944,56.63314686646017,954.5423496367378,507.49435267812856,0.06268816305514058
10.24368098772358,68.1135322684728,4.351234311081955,1.0932894914851774,16.085312954389714,79.07178649843407,907.7126518384168,929.0761695236539,0.06079541259749045
8.987381960640992,84.40456373831483,5.5618638714994155,1.025005044971219,31.39947951875638,52.69444433388672,896.0778957294006,1009.8941281357897,0.08898870410816913
9.85639451035511,74.72320562777215,2.600606391921853,1.0805700662018138,26.00201434705958,55.52852697967103,927.9119417840375,744.0083018831565,0.03057269659829647
11.574645727787281,68.4456464808062,1.9401876322739873,1.070900778260491,26.186307840550445,65.36326652693232,920.17521544459,839.6491199786965,0.037675175497768096
20.446709001891428,85.96164772663593,4.775038574023107,1.139842862252017,26.262758374312384,73.42265899126517,979.6640831639552,320.0024624952253,0.07440338058340663
32.04855866047025,73.94251644595738,8.545403857140252,1.1703922471528951,21.005578727524284,92.67368726329593,988.2581973421168,237.66926025849943,0.12571128467030232
17.91718489977029,94.08943848864365,3.8774810167646514,1.1374965796029715,29.28628159211689,76.79219591805611,987.5199750243579,193.90401982506202,0.05359306962780142
20.39841102477517,84.62804148764677,4.3243375259643955,1.100140370365682,24.85171539182195,84.43597509701544,941.0848142391334,645.9839072067473,0.04847862080928904
25.407281692240144,74.06636818188105,2.0538921724660226,1.1298639934820285,21.979399630196497,78.65103713429318,957.195267905177,496.4073068384732,0.043505353489509936
16.762188343089075,96.39469575093,3.293641896296325,1.0905688173192665,26.89928650924963,72.33903663296257,939.3070325945599,613.6422701038755,0.06075507000058868
20.543598484271435,83.84680543172234,6.394942184991597,1.148371374579101,27.722882199073187,93.1518856092097,991.8073090469761,164.61970875945218,0.10451499708360258
19.203038919066465,72.79869299166488,8.377275116438232,1.129001363913724,30.432962965479017,52.96836978524076,983.8610365889209,271.5815211186713,0.1138453442980895
17.914622707850576,83.00002293490314,4.264650545565513,1.086444055858368,20.2413737731561,69.19873519484828,914.9905498127679,911.2266526751671,0.07477594463269166
19.263401914979088,95.82112268846987,1.3652520878918197,1.1054211732619126,23.503747276779283,67.69557921043038,941.3248358723488,556.3156817171146,0.0376533980014435
8.322413601949837,80.30209669442435,2.3677471231114366,1.0933436518965203,32.07474770590185,73.98324681945192,957.9400502573244,531.3833943213191,0.05664995195842529
33.70155937552596,80.3350198449474,1.5244842737511122,1.1538379587968,19.85964610623801,63.81048014877252,970.4845813995971,404.2632136638725,0.03560507088847516
36.343057126012035,81.37267494451916,4.8330878133487385,1.1735264852923373,19.06542412682273,81.7884991869901,984.3690064309609,250.7165152396347,0.059153855291014204
33.01238955106801,76.12300298348018,9.758898877602608,1.0715389080647637,16.159672651017097,81.98472746198206,889.8827716209371,1085.8530305138777,0.13182635703698173
8.166525947573009,72.6917247782659,3.8613492671038196,1.0254601701550796,25.57541685469932,77.73068255117845,879.3319884273242,1210.5604855969964,0.06123450379452534
29.775680854144035,84.78890339768436,5.340269839934654,1.1216255202118193,22.21290940353345,79.90319388597756,950.9676410177115,512.3442482191692,0.08616394610955537
24.619905005014694,93.931805704809,1.311117302968448,1.126507328561087,24.12698201764185,85.99430895397667,961.2961534779716,437.69598704933463,0.01745180382904782
10.731072419224759,89.33616251514117,3.8832375691246455,1.023335940738722,21.534651642979433,71.93364922054064,865.6406525707424,1270.6295941576589,0.05742848090357867
35.05291491150833,70.789434821489,4.280320675849789,1.1396920599372309,24.380154542712894,75.73547091501658,973.3754987993727,278.4670033366309,0.07748564562396054
30.51029674745647,79.62462030560741,3.796896495280986,1.1397259007944014,27.277713426398847,61.04010774589172,982.8841011012331,337.0569997940694,0.06196368043999253
12.213592306994716,68.15358051725956,1.0877853183386645,1.0822916600029215,20.704101230355167,63.3591790360757,912.9310285226243,881.6425671727476,0.025714829798830764
35.95720146111138,76.93027119072522,6.0321735194090556,1.1714845899400672,16.759713078723834,93.41648869092933,974.9026390974132,332.4407596027676,0.10984388390894569
11.659763831508563,87.4119211858085,9.579411983181814,1.091328010167777,31.985412500448092,56.989023376115576,955.894173470316,490.37351380814545,0.11925003598467551
21.185716476769223,76.4167942212393,5.362370021166818,1.1420484577527412,32.97502806294396,70.83060112546812,1003.5644518853031,53.2266986773382,0.09270392705495521
12.610296247116016,92.37619125375983,4.677644490192179,1.04702215566539,17.818008709498795,80.33782189842567,874.5064427720127,1230.1417814827312,0.08100489591100975
12.355533056679228,81.84414219268064,3.1336710581780984,1.058634910802825,29.139763643029855,78.85197439325181,918.6108115620327,830.3515484948197,0.0503614354060523
36.066366412863694,87.40587672235833,6.572352643973047,1.0566331349745979,22.081462483807094,55.460969775344246,895.4653042202466,1034.8248218394917,0.09348832024609124
24.591560660377866,93.63209147516302,5.365625290353091,1.1559018584540302,23.491867675273124,79.96776255277064,984.2724031417666,218.97488268269862,0.08194997190833636
15.516072613097073,87.80149895083326,7.09327747185793,0.9975184269019955,26.83714936772993,68.13367537843709,858.9847981010722,1411.8714497276212,0.1001143600327904
30.51558175512947,94.0224599242787,6.7178687259392715,1.1336746982485912,22.048106001177462,66.06723461455174,960.6471983740169,456.2429236478677,0.09192925208435111
33.382087579772715,91.43389532183382,6.5457234526677475,1.0639386631917573,18.679697186209594,71.91603685204937,891.2673056512616,1096.7472387648857,0.089435359063479
34.61051416684558,84.44486311643732,2.4290212684689143,1.1283310029307168,17.92910878110079,85.31733172363948,942.7780392567802,633.2518861436649,0.04269594000057035
35.05656415803929,76.61975990050675,8.043169032989637,1.0810434781894505,21.58888885044086,79.70018297794213,914.6238095811834,857.3998787182588,0.10896635573557033
34.26187306290356,76.64612973488933,3.655541765452303,1.10208212341151,22.49718617695522,70.47273509607633,935.2971427597174,669.0857673124887,0.05707140258225223
26.529039481870548,93.38460160589233,3.0000587431499466,1.1268219416741483,29.906919875449233,55.17408144649274,980.2602672733727,330.3407288475914,0.030647115277663093
17.931532844404657,69.56264266241655,7.922870255192988,1.132642299072275,33.403337308802485,53.43221791472186,996.6914317578655,107.07471716442656,0.11157853425937739
34.84146264572758,95.3016685948079,3.4619548697904006,1.0524305303624883,16.84915243496087,83.235894894774,876.0967446679109,1154.8142510637954,0.05109169654682013
11.552399312011195,77.48473420557315,3.6822131531991897,1.1220844298080772,41.12109557840359,45.937808838573545,1012.2595329194584,26.78341798969685,0.0368704320772838
12.895194636473708,89.42726073458876,6.762943344060087,1.0406374755217722,29.99236239472667,65.32380144124825,905.5407366125951,924.449571321439,0.09212393424526484
20.58099867437512,77.570862826486,2.012158722005821,1.032716304029255,23.49539143857153,97.86394726679896,879.3880081055161,1153.8011884223577,0.0345678190048736
16.22628332418227,95.64574028776165,7.555428759001051,1.1630807263819807,26.506607912021813,73.5409828452857,1000.4505281880956,137.12162192559327,0.12156001217029674
25.85625161249227,69.05774687454505,2.5879555034260533,1.1539283771523223,20.285654988218504,80.72253354819709,971.9717368591128,345.75979328771626,0.04353101777138815
34.25375576597408,78.24624742256918,6.249894799411635,1.18510162425593,18.945408418317527,63.62786138851444,993.6701032225735,121.78224872692718,0.10047968811935248
22.239908464800983,93.15637036379007,4.9964203699557315,1.1580208838626724,23.6715362752563,58.65690804559614,986.6740357385448,290.5832168816201,0.09177579098920613
24.062247209137436,75.94763963497223,2.454832405331641,1.0391294723847282,25.570562938764134,77.55882631324562,891.0389351484523,1023.2597509514081,0.03760118594530562
20.270878140451682,75.99296482120499,4.813170129647664,1.0689915648395998,25.26309879219184,66.99231095651713,915.7017846534445,850.5600997771066,0.0726028164023424
28.51950563930222,94.06380266598987,5.081192384519828,1.0915155803458194,19.547319748373297,85.55309099177543,917.0871000572115,771.7889546275921,0.09425669377370953
10.919974615540202,92.08688534200499,6.301002480557892,1.119762612989025,29.683795436721837,68.1526755705399,973.4019287776345,347.7677358581616,0.09474466970785791
9.409106691870285,71.06736466359528,9.47367603511133,1.1504679859518576,31.744048614607507,100.0,1006.8977840916571,31.587472409038607,0.13431362611327718
26.598815758561724,84.82521738621105,5.977213080510227,1.1536514064215537,28.144734716941908,63.07548754500718,997.7644861983567,157.63862985541243,0.08551355991908605
23.511477809470406,74.47846046185784,1.9463489175937243,1.1371638139991591,22.709184230982153,75.49488633020678,965.7617187614964,404.2342080659519,0.047591609735421855
19.813382841561953,74.23900988118088,4.5895276086543015,1.1482412066875909,28.95831750442615,59.287721121027005,995.7669558271217,192.67627656264915,0.0723751413676235
17.68578661449599,85.84671562020331,3.2497774919895375,1.0576952596965097,25.122178670722,81.23527503701891,905.597477645854,931.3422236740837,0.03565715831597112
9.502415877250641,71.59211876078537,7.810591325553184,1.0022257564072445,21.477054112279927,77.87118606014691,847.6178281844807,1441.7493833706023,0.10349154325902737
27.73612871000594,81.6235910290863,3.1102872455024744,1.0915137483902655,27.278443391968654,59.79319109147867,941.3088843515333,629.6549411933856,0.041487071495539825
20.2225585388008,75.41883029362351,7.338639110638095,1.1552614387668958,27.222832311961714,66.27116844049253,996.0997401900567,135.42642998143643,0.10709392213338946
20.912773146068886,92.76375170474337,3.4035116003343595,1.0427653249393671,18.599994426081068,89.19835163674853,873.291709728308,1183.7140998543528,0.04620670798160453
33.909900690944866,84.08033273867582,3.1103652241079716,1.1122427905249919,23.49992277269832,84.56714511283573,947.121594665721,531.7086540052594,0.0587229510619702
29.388888593180884,74.23815610658684,6.1957914663596,1.1226948139624977,23.007391705427068,58.25086941354459,954.4346394344938,478.33066973725875,0.0917279762245281
14.363851312105453,94.86750392893235,6.833041043262222,1.083182972815428,27.840444679074913,64.3519922873255,935.8719544687731,726.2487166108904,0.08526189166782086
27.057828399131697,91.8639993817958,3.538790252118031,1.1762535686153663,21.989858037353557,91.32106693682218,996.53078117966,164.31043706262201,0.056077708927740534
11.835404236606074,75.6934746806115,5.0376605959349074,1.1071576681466364,32.179507500553285,64.30256674266548,970.3762291864354,352.5582952600843,0.08203253046165218
13.62785216771215,95.87047632631925,2.904200716403988,1.0876004972564939,35.028691095124536,65.8141413789054,962.1303257534049,453.1409566249786,0.05969400832512006
28.710327981240603,75.76442859711933,7.008886765050751,1.1182877869250014,18.62163737323804,85.73417300533414,936.6094908693575,590.2077739957265,0.09188106247561971
11.650822129247029,76.48665053936232,5.464634928323362,1.0802427098043188,29.172635043624304,54.75753840647877,937.4625082968457,635.36727151797,0.07025849548459943
16.12562458975836,79.19293727483856,3.73244768384686,1.0931815528181954,23.648091085400353,62.54936126592577,931.355101221675,725.3352036890308,0.08034466819371872
34.04374777152264,72.77935139318245,6.8496705211537705,1.1234397193177035,30.369329747483633,64.00447834459504,978.8091682824277,297.3627852126382,0.09886689349468446
29.411148870164826,87.92346802267028,7.145561292895891,1.154326513318,28.913092008455546,80.30707179263362,1000.8943423727777,85.31722023958595,0.10454122026751043
34.95432601158957,84.16278244900602,2.13214446938011,1.139439282453062,22.206366955699075,83.15319661353362,966.0495997406914,400.99016155574776,0.03562500155513669
33.5731669168749,93.93941196500577,5.172695441998997,1.1524517686876705,17.91461271278923,83.15743477291852,962.8842128442988,441.8627397827163,0.08204810065002195
17.064803237284064,74.98538154374947,5.080245727958051,1.1663617414778915,26.58321873979869,68.50014739543323,1003.5292672671702,80.98865047051896,0.09635475774523512
26.338945599950062,72.93669571137679,2.8630976359450884,1.139917694362116,27.31822708307886,80.67293841864173,983.1820686934466,283.6609123306642,0.05434835515077387
18.982174665531424,78.40007838770636,5.618572611526333,1.1219979263432338,21.96490910749242,71.59811131637221,950.4846433844668,550.6421944031844,0.09498244162000646
28.21602561715718,72.23715182173457,3.5464295247708337,1.1605655958037355,20.19493411476544,80.14322624338827,977.2601380192411,322.6858975005575,0.06091396073672533
18.105253627876476,95.4383798168317,7.193471444670003,1.1137429145698572,26.486012945413535,79.08018069215659,957.9456364840911,533.940346722222,0.09272591286689633
8.038203784521716,88.80595420921284,5.987151141838372,1.11968163643467,31.720972851134473,83.26351967931234,979.8791841777929,310.98430548560754,0.08099340967660337
10.724208239981778,91.08955798482573,7.731126188419475,1.0757797916899443,28.80160086808712,67.77563354652074,932.4436981406554,764.1700782503561,0.09711888625868376
30.359357460460444,89.69326507779056,5.365138088125981,1.1605604855140201,22.81263405853034,68.90505394956459,985.9764986607631,207.16915614286066,0.08462633745879923
10.436152098395569,75.04175606840792,7.115396211802317,1.0843537351100618,32.20979811877067,78.90389494474418,950.4838442033296,482.9980475306904,0.11229935547204434
25.38325781396703,72.07904250258686,1.9976638480598348,1.1280980531318547,21.52273026184317,87.15261460353491,954.2203990577921,501.2808940565156,0.04267501719218189
32.87557685841658,80.45357390727402,3.0669196552842286,1.0769143597315654,20.935621960742782,68.4113197035769,909.110889433505,906.3098665801228,0.049282648469055036
29.49193586842127,92.04155453145995,4.15240946367835,1.1435945670680876,24.11228392836708,60.57106393150039,975.8291641062432,367.9834256149748,0.0594903530533091
19.989725049766683,77.58494452942229,1.0,1.0035104782227988,22.23653034687232,85.12477341885051,850.8921144863519,1428.1688570991564,0.028909772975135705
14.049522243501436,68.27732532462112,9.990840840984108,0.9991677852068254,26.278396805575685,53.687848500143275,858.8025158979951,1391.7107608292374,0.1207338031200778
34.753587144513006,87.14176036152264,5.183745885759097,1.1704501413461408,21.15094122752223,56.76632685531792,988.7954726527067,219.88437276392864,0.06922744408686285
24.425590771766736,73.80182905474176,7.647001484740684,1.12888153990985,22.635018766500313,69.97253571536268,958.4874806455925,472.1319779871736,0.11788209669058955
19.75718171874462,83.74221970935756,1.9454571662252496,1.1696443771896132,23.121205337129673,72.33955342130078,994.7299210683759,149.76663214249328,0.038907466686985415
35.31967327167507,68.43152145074295,3.9476735078742946,1.1371980535547792,13.470572450894469,67.47107762160188,935.6326455013511,685.0892693751244,0.06176348177096809
14.235514572285414,82.75664581302574,7.8822199879659625,1.1314528252209912,28.57609495993476,69.71537691181746,979.9664849998637,318.925410926152,0.1100895644490938
20.82617430115502,79.41464608724908,3.5052693923448857,1.1186188964634258,25.231212099880313,72.50285241644858,958.110335472379,526.1763753510985,0.06613051026950077
11.150725565741684,93.53194762249831,2.194952512271857,1.1246241986140526,26.483435264830728,64.1577163740757,967.2964574767365,392.5935692213674,0.04498318283592754
11.621527566086607,88.93260018387687,5.366598075717795,0.9092989883074498,14.341947100361768,97.79527882142534,750.4025339847592,2496.2031919837655,0.06749733214117791
19.55929142390822,69.04481649218397,4.518442839113048,1.1094031639876614,31.146206673510054,69.995267428616,969.0536874142309,429.7338166683093,0.06310938348274636
28.290150323567875,90.89614950252599,2.462778874012204,1.119029426691141,26.324254124085375,80.35791247835809,961.9730357691355,400.2854339290514,0.04442312118041034
17.827924380471316,90.94559617689416,7.17539514061207,1.0835269492744082,20.286632694040893,58.737227227478144,912.67456517688,948.1288581048792,0.10488274759251351
27.998341205487062,87.23887690166033,5.822053425024421,1.075410150585608,18.609983773160735,59.824593234282034,900.6618291110198,1043.9254419270128,0.08502184618288205
31.350523608319385,94.9496053412062,10.79708320863806,1.1200246859503744,22.734128712385534,76.18673600781939,951.2861302801581,585.1993499453152,0.1387941715513326
33.44975952494676,91.29435230231795,3.2003357131315706,1.0792616013511025,16.028798376116253,94.82841803092134,895.8907948442566,1064.0721195117933,0.05449471218871334
9.296865617558371,74.34806127345668,6.706305589472755,0.9243297571499643,16.96491655864294,65.52520061922613,769.7662991160688,2225.8490881658886,0.09109331573723016
30.438217994219652,79.06483066570536,7.490130564762455,1.1386002901883059,22.07578172069991,73.48071926052289,964.911475012774,376.0174383292694,0.09948574645715925
12.267121544496526,78.14777345065482,7.059715220678862,1.1280932334573328,33.972382634827746,51.3683697086574,994.5310859949891,167.68458009931567,0.11089369745784021
28.249606505680692,82.6423266767427,5.234714150879441,1.0905024414111342,25.77521017153274,62.271126887780554,935.7311459483725,646.9385765058729,0.07395852850096897
18.778211502400048,95.65769498573142,7.254000033683106,1.0639604222921017,21.244956015909096,74.55964397694572,899.1201646851612,996.0549174790127,0.10350901857980091
28.52600563315099,85.85235268498654,4.226806258053651,1.0313184334617,19.293414778919242,69.0684975211289,865.7580261821244,1350.6894222301407,0.04430787564011111
14.20090309073191,77.07523272318373,4.011887824025763,1.078626517740147,26.606312112573615,55.82034248950171,928.1140131061277,734.0227578394945,0.06159970653993043
26.70473084812886,95.30401441317773,3.2271361102438387,1.127448069291595,20.67508237233643,59.74826543321864,950.9272955040673,492.2592255600527,0.0448031837675436
11.639908524796276,88.30787271206123,6.063231214917044,1.1361869336145325,29.53448901915785,47.965776691947106,987.1925211013937,250.05324290222103,0.08030416489044762
12.9226208820474,75.71633518097809,12.58358663028426,1.049432695464061,20.73596420166304,77.75066309098177,885.3099299061904,1158.0693209379083,0.16928918685472666
25.81939582977223,94.28887029526466,5.126047164618575,1.0937784076081178,26.803930585272017,74.71305884462097,941.772061908403,608.0744309611653,0.08007117720997502
17.766373257860458,77.9821740362802,3.9613302977567386,1.1408745868201018,33.91245130857331,69.68681844947254,1005.6029035781182,87.789029856906,0.07531619730388593
28.409564120300445,82.97012699195004,1.1484085778490258,0.9973388706612661,14.268449046062038,68.42032768910414,822.847373185257,1759.4140445184223,0.035504104887234156
27.869623626677935,81.89746252500277,3.746483793921434,1.1723949127460358,23.231733384512104,81.29729953658335,997.4410981633793,177.77673475294608,0.07321208172941893
26.027385717397273,94.78529532567643,3.2201718695434365,1.0546528657105367,23.999565830226253,77.7680905939502,899.5939725063664,1009.1054136050712,0.051540931789906354
29.185675695795215,75.70423742262855,7.1978377945873735,1.108807044607518,26.004880193009043,69.36952793134365,952.1688472854645,571.4300227337812,0.11895228499238933
31.02412197924625,77.66589565912307,5.173032292147962,1.1767157745133807,21.22490097707743,71.07428188345331,994.3384962133484,95.57035408480616,0.08909473372694189
34.4312751916829,87.14464531678199,2.3024705124811224,1.1407092144820847,20.811026241777366,66.44112694039615,962.5573273918768,448.9822391459448,0.045514272102259036
10.334959054971044,93.71185538449693,5.505896635468036,1.111873961931558,29.944643650754564,68.46036778375904,967.3769191538076,376.8842527319771,0.08530987472813928
24.574921428575042,71.33163862939675,5.047182392175415,1.1654536047364632,24.356234070472027,86.62311420384955,995.2976068312236,121.7024347603254,0.07741247268357389
29.714528174991628,74.08662204825818,1.1047742788468724,1.1058245268600155,22.655003503609503,83.02006370363848,938.9741445994707,683.8094529009619,0.030204419000626696
14.291302243426442,95.49299999204266,1.8321278277585016,1.0723788733731363,23.42573804184134,68.53987913442029,912.9474273132361,912.0783612845926,0.03697089278342867
15.645013146331433,90.54161602772848,7.240125112391826,1.1059384431819659,26.061353577075845,74.6432671137905,949.8847674808984,473.6849309398378,0.10712499095652579
15.741965985727203,78.0360232571486,1.6845946065037312,1.1253889160425885,27.97399569497321,56.903902518301166,972.7693935026213,368.71467008619175,0.05462654077342707
24.597656172761027,78.37140943430921,2.205689694823318,1.113480489020433,18.59109601657285,81.78690456245101,932.4855733495781,722.089579380786,0.03107054983890545
18.618946485504132,81.61648224932372,5.172275361379519,1.185224935913817,23.210320564711182,62.94420417804856,1008.283675111187,17.28139257207376,0.09229760004905681
27.316747463526372,87.54018549282813,8.150368503032341,1.1256173960041875,27.181647449850647,75.37540239788129,970.4067182189137,335.3846729716837,0.11114059907940106
25.696950777070153,84.27019203488962,3.1207183408408348,1.1364578366992988,22.646445591270137,100.0,964.9574836228059,356.44206156996165,0.06748898667371704
27.05624315998841,90.50747862245518,4.789385775988909,1.0975998141280876,30.020744331629075,60.78535464458835,955.1975824660029,485.69380190835005,0.0703057979397534
15.317210887467564,69.57083696162411,5.873727653719121,1.1261535512422272,35.871736950032,91.61781722735792,998.9610145032012,113.79216910088901,0.08871100667228281
30.25376989886691,91.75218153293993,3.4619214584356603,1.1848198801918564,23.518212801626166,75.94360591669147,1008.9862496502194,62.25531143554172,0.05874921141902999
27.257030972292124,69.6834892008215,6.606135572226465,1.130462619749634,32.31008764508356,57.38668231582201,991.2257560093,194.51841689367893,0.07797654040288224
11.788838766312077,93.54824382563132,7.102214984474098,1.0676018574649222,30.63027542761383,58.104245533326164,930.9595085504745,676.0590987232785,0.1175792665867698
13.805012719862924,69.25437862507746,5.0594021714691095,1.1286681323380803,27.123501663256672,92.16310491420424,972.848405389849,351.46707932701247,0.06839533389255206
16.72798924288749,71.70714050998528,9.523621277219625,1.1706638534346223,21.239872138618743,77.56197634999786,989.2748620670006,193.30206782230195,0.1334921995412373
35.14520372732321,73.22534678269439,2.2291033662551443,1.006741606987198,16.284905655429807,70.43903747954074,836.4323532874685,1579.7897421346752,0.029677270742926927
17.464146044522767,74.46847268204982,6.673381688036857,1.1155110831333952,27.77076563745528,66.02585794335226,963.5803777529363,368.44514526753125,0.08342589623556959
8.576493397294257,79.65110010511735,3.2522538186233216,1.0968642134263769,31.36446122342857,69.85263492068952,958.7882188213136,487.9751407915894,0.05245134321766556
12.107146392106646,87.00897819944106,7.695188101285459,1.0383567233841338,24.19932590939885,70.47326511129047,886.2891596354652,1146.110720641746,0.1008078462962468
8.932982885873573,93.88549807532556,4.816827006613627,1.1082157777433919,26.17959825364177,72.63327268519245,952.2169141272161,543.7144907509798,0.062610247198601
19.68233808015328,83.21058149395778,5.47243015428422,1.0894097334497825,23.52868795661691,88.76602739691094,927.768238578724,716.9022870109868,0.08124712770763226
31.117448628121416,83.44220248456904,1.7510322852940792,1.1485544027162276,25.793840645715342,58.1646049023725,985.6054141048144,239.1606987128808,0.023899952274037475
21.062637637081096,77.25984784054084,5.6739629991808,1.110017045537212,24.513576982420773,76.78679938994456,948.4561217700688,508.5622904130346,0.08589280534043117
32.33082990900125,91.21973230486961,2.546573667133347,1.0273884587979472,14.921369542717091,76.32606527327673,849.5651323419805,1446.9310695174408,0.04335726957956378
9.378350319461385,71.20410061542772,7.144131752001484,1.0987562055851838,24.246710262725806,65.53684935550478,937.9925755619136,652.1176435482955,0.07713820684656056
21.621963060198155,76.73199223908742,5.500279236547947,1.10512775508408,25.19867050347691,80.58267232546558,946.4517813327086,584.5406451314268,0.07717608446059933
30.825185791753206,70.81246099843516,2.9338952738121,1.1427700538769976,19.482593497030074,59.247928205231844,959.9385822100982,398.7992752322861,0.05742394500432265
27.566944311964566,74.2112437459602,4.852184098427547,1.146048185855746,28.221532134369674,44.08059392445857,991.4412947205187,147.60265925617765,0.06522219590723775
32.731940577073544,85.01133943511773,6.9385607232796565,1.0746204316436423,15.965962058204468,78.56915670687837,891.8443451895074,1062.592673188208,0.10386926357302326
15.941206993377676,71.65285125144645,4.4991350583439855,1.119059051948224,26.782430053180864,67.37050156404443,963.4702975979926,458.5058712749463,0.07513818435771032
22.52467309235341,70.91791606264212,8.135648712080057,1.1129268484131194,32.984777718839894,50.8821830920125,978.0052558602201,270.58956601158735,0.10259598686841227
27.629478771924614,91.9514135317483,4.4758812337155245,1.1676896348604162,24.61838814383533,53.16160333746494,998.0858877364082,131.92860298154906,0.07186844081733892
12.88620872860484,71.43067471472999,1.0,1.097206518335273,26.524745699176503,88.2390117872645,943.8444453303955,607.2261329020959,0.03641610638353475
31.658394725634075,85.63354714745245,5.779676629046787,1.1563369576691787,25.643890068005696,74.17942543199281,991.7861030355574,172.08962261986179,0.07853200597403165
17.032631472938213,78.20832430393094,3.0916408785052085,1.068339592828759,18.268399880525443,74.90857731434998,893.6926635165556,1069.0656162115374,0.050341772751112374
10.705911813555147,93.99464653151114,6.676772469544814,1.1039012050278136,34.29683536397794,85.44466433480984,974.231425355464,284.75391110222296,0.10584227928319465
30.205337429776858,88.51895106743834,3.8059121519673065,1.109291069502192,25.306978803661796,80.00573976809241,950.3622014572597,517.1622043805148,0.053623357261081334
28.445521412227425,69.72347671387875,8.467138988840897,1.1083557193656997,23.76122427640556,88.55991071191816,944.64293804017,642.6997439898367,0.12269792230508293
33.62671284524873,93.96857520477012,3.190680433801788,1.1675958117667973,10.564288854875667,68.30545852042182,950.9017293557253,589.1781948097247,0.045774128475702634
33.8701676176766,80.00306794154504,6.348128795889869,1.092310156045144,17.88194361224541,62.80871357018137,912.5328997405246,914.2104376900747,0.09058723120008268
16.07724775286575,76.64859602053885,6.124697857155776,1.1477332521017836,24.706465951898622,76.37622618483113,981.3182966166094,307.9831094303941,0.09564563899466179
26.599520481316777,87.51067862532311,3.1910273583117514,1.1006529361027193,27.11879399373729,72.66183638534179,948.6860093365256,490.61569828007634,0.03051664848345552
36.974566888987766,88.82124371574912,6.332115004809962,1.0912541949944385,21.744320431768127,84.77559605436106,923.7495381941225,745.3774031423653,0.08662977509636637
15.07038990537109,76.79427252925495,1.7924368569622269,1.0110501328140364,23.76529869488862,54.55640216045136,861.7219702645554,1354.0157512873031,0.03938406553983159
21.713423388199924,78.19803983391432,3.680935432943254,1.0992969809399091,19.577513800834907,80.831714499132,923.7202815013841,868.9090703125136,0.06265857571550029
34.39482457457474,72.53358477569402,7.425084089332572,1.060684763603543,22.53259552029254,81.61986946999818,900.2725160810119,985.349751696849,0.09894776813372592
10.989309604271293,85.20986337946606,1.9099647893534692,1.120304801802482,29.10979731883989,76.48486254492595,972.0273480974382,376.1934837677818,0.02873290147050439
34.91924702912965,95.75036254661703,5.7288686413282,1.0965826107362941,25.283210844393867,65.73480859684906,939.399675902208,651.8609826854091,0.09117855083996969
22.156512242291512,80.08210940795841,1.635631780810805,1.0372165895408703,21.702239663620716,77.49458395142626,877.8812738511323,1223.1903753608667,0.030770011680737598
33.89818286858805,96.8899792662386,3.738118410179674,1.127617373371126,22.825212351396242,63.765780434369105,958.0297578074818,471.80795022464736,0.06738941413957993
26.01977091397952,73.11602353037934,5.89849136775838,1.1025101180367962,21.583955301642558,69.4617704703789,932.7701850951095,654.7019541295033,0.09090943130937952
27.47163086366927,91.08688431221177,2.327383114820412,1.1380119605624697,29.994621888711634,56.074401284922516,990.2813364985717,101.86234039159092,0.04084477333903416
30.416586791411802,94.91513935481345,5.565654367752315,1.0926122143578347,22.393250149049482,64.23806760227785,926.9343919370243,797.707687806202,0.09354183627370934
9.946946667540873,87.95357622723427,1.2983488450423526,1.0722706144358751,33.36785599258308,61.732877521400646,943.4569395059373,579.8979585535792,0.02337160047693133
26.205281832149545,71.1704623900151,1.0,1.0810999426384158,22.798362579472695,66.6317787179904,918.4249759360451,760.4020624860146,0.0395875380206715
34.794180098383904,77.4696992613152,3.6072128701392954,1.1472553271776096,21.37955206521893,64.94639912379034,969.9533775605728,383.5614870965503,0.07416713956247513
35.72758799483875,70.48430858214145,1.0,1.1758608114785394,24.820549662746537,57.12964471429521,1005.7525874673416,76.6975046260559,0.04102697108925843
36.08132187609723,85.45069550655822,4.725485844586747,1.0854015112928135,22.75085548076468,91.18535904805483,921.9312634224743,824.7172316458191,0.07071226394016239
26.729153498770174,96.946315465609,3.8515311714860414,1.140241735394683,28.084267749611232,62.83538314302954,985.9688801115268,268.4552412561209,0.08914641756335288
26.365318595621087,78.8678837838225,2.9285444291387015,1.1578164096183108,26.49911528513075,72.25027503572078,995.897403455247,114.61577131078099,0.05464547002910617
24.021486936541518,72.72540623326158,3.4710937567441844,1.1288121038335088,18.71845405401088,56.80736259974887,945.737729263404,550.3949992193151,0.061178052984400065
25.619047415398988,75.79056564534373,3.4214816552224057,1.0074885122665718,20.626944217522336,86.63763037682854,849.6101884183942,1472.9245508669976,0.05431182177828494
25.75141998111166,84.55325710709548,1.6271483398067084,1.169999658732795,21.266504616970543,74.28505327298909,988.8030269345054,234.06399954640048,0.026578105069100917
9.229839787128972,84.49989181819382,2.423363810296782,1.1125263852655694,31.205909400857113,61.21711799014875,971.9724561009962,278.110657017461,0.05805393495494754
10.577267292069205,74.66480415515288,2.9491667629540785,1.0639680196599075,26.82573803395795,64.37057266958995,916.1711347483873,854.1533086176831,0.04483500744860678
25.963080581163233,89.77043747559692,4.058311607872672,1.1502776122098761,20.181405054879264,82.06711503924505,968.552417657322,413.0352154194609,0.07565417792114149
17.112276471116076,70.55235645330745,6.448662266565397,1.0737560366461898,26.19222945267424,39.63448509568014,922.646858009995,822.6638420094389,0.10444215938135588
16.74133906528712,86.06816820015665,7.297444818861218,1.0989709651589898,34.23078329243352,55.296518308205776,969.6719465254539,395.4502092229693,0.10770628894038044
13.609778540134124,80.34526951956107,4.2935726706502235,1.1290969220209621,28.223117607117743,66.55297929900566,976.7819688811065,345.94055171592555,0.0617260869494485
31.231029113588573,71.68807557545415,3.4206687057992022,1.1338234398216536,25.89978709191811,68.06403822334467,973.3091997880402,244.49861759421304,0.05490194510911821
35.96552660789827,86.39715781077396,3.537120513093534,1.1012078469211002,26.76804476446494,93.81548830165869,948.055568309325,618.515073166166,0.0319609197579422
26.204982092702437,87.51843312765295,5.556407302751604,1.140504362589221,27.957381669524754,64.55389812685135,985.7805682095448,243.11904250933534,0.08297734194702994
35.41717697258624,80.76058857330455,2.814228985123311,1.1656135494993125,19.696439938764097,83.61476196348168,979.8428677748968,328.836366309589,0.06001625618345893
33.63264053880124,91.14179176449703,7.954502767400888,1.0617391931609477,18.595890072108396,92.59944881488363,889.16937406268,1057.2883546132355,0.10818115821281986
14.319882374557906,82.77018094790408,7.717648504937399,0.949314940411334,21.015011388509773,79.49563288592745,801.6101936443047,1902.561721620484,0.09844042734901554
12.45225113412927,76.28687911085773,10.562391701617852,1.0761002715001258,31.880749382275432,58.44531471959381,942.232895659219,677.0670201002014,0.13386473101924246
14.136016780329786,95.65443706020656,2.9234512217273494,1.0256436958800044,28.180544303128887,54.92874312794032,887.1592208839851,1085.666807611657,0.0612543852403185
10.79007213210167,95.37727709474625,7.0262070458216455,1.1451942511899247,21.739635832218028,79.73645774458942,969.3945374920125,362.36467768211384,0.10137665519662285
24.9034958426218,70.773020446832,11.690027557621919,1.1414798353335265,22.296828594631272,88.3424722203226,968.0760507179948,403.05570064376116,0.16283366705457958
16.196851242289323,95.43635719390312,4.556811508025059,1.1038628726720285,26.701261520996773,74.26874789059346,950.1297279536185,569.9600627268596,0.06534028922761434
34.47458414779146,90.48898904141117,4.7985555253245336,1.1740006472487965,19.256149754970625,86.35517671088206,985.4094854000112,271.9807676148798,0.07822500357267093
25.788825423589834,71.0926807141598,1.0,1.1822459339893154,13.822223538270727,100.0,973.8892939403103,341.9021477001505,0.026383358763409186
18.42870611729321,83.06043288371423,9.743489259332872,1.080340083077917,22.555992372770156,80.08454818296708,917.0278280473091,802.8508371541986,0.15332693774191186
36.55457832696706,69.01358799225036,4.274821556265541,1.1374622115432447,20.198473224743427,62.35474008474043,957.8173718994695,499.4320897258529,0.07046877813457743
35.642640380864236,85.07685504626542,13.950328578028447,1.1493154097254898,19.32388733187566,74.4838865227316,964.9131540268966,437.55574773125636,0.17481153797589027
30.57984182396681,95.06244161417742,1.6023505350673246,1.137707532555809,19.780539366253713,87.3557743788339,956.6590505310655,420.94770502148,0.03240815684845897
30.95882658774941,78.67808238707829,6.235672332323714,1.166832818612071,24.113486357914212,68.13276163997992,995.6623899738083,195.88636845466303,0.10835884430479734
36.34083381421021,82.75013004748358,1.5340889583583937,1.1119737959949478,20.984971486501962,87.86757590757821,938.864928836042,554.1668673801423,0.036198315102884106
25.41323045655885,74.5992494511776,3.910077557325047,1.154770352005135,24.066708436308218,69.98393511470033,985.2143869026698,272.1449269999615,0.07318059719351058
33.52057563062378,83.68744095793788,5.2918181901459285,1.156121636830445,27.7787740600893,71.39833236740584,998.6864207525217,100.70932276889859,0.06923835760757399
9.88000394669973,91.27466539355756,5.811234006612137,1.1379563855940593,31.69116013090563,61.80877750492757,995.7747800882427,170.66362256464865,0.0897620590738077
24.067813064175347,74.24248994417967,2.9389137173286395,1.137744123620801,22.39816346418097,73.41664897828407,965.2387884592894,427.2601590755025,0.041958083936660694
22.572973844581412,84.051116096971,4.113968295163097,1.0998891325601958,20.184752613861523,75.49514744799235,926.1350691489316,756.8490955809133,0.06818525752581332
9.09399200440462,78.28465503641951,4.930954481392541,1.0596674548252243,26.766465986873143,52.678054545021624,912.2876717080353,901.9545669682086,0.05902757689108569
10.521607574399859,89.68829026413897,4.814637737896384,1.1276497959884524,34.857348054672286,58.68392343591864,997.0047397483678,133.39187581668727,0.07148564251135978
8.633328796489321,88.35912119675889,4.105865673516131,1.0877829226228546,26.28471729092425,56.76861702781862,934.9885413627973,703.7585838125149,0.07610999613214625
16.526435130106947,88.26490002730847,1.8476450192343585,1.0047644964813922,22.806063181988474,67.46466969872448,853.5980656965492,1532.8871624106998,0.04104021391519611
9.551825655972015,78.95629087800745,7.269544789614092,1.0453653061119592,27.337858842164252,60.411861113833034,901.6892902580943,933.7788180480796,0.08950599616281904
20.271630858063247,85.37909978614387,1.8083123676390893,1.0718924565966181,31.655214632899725,75.45956151932594,937.8545874498318,538.2355792153617,0.01729505096474678
31.569645929814605,86.8814703269077,7.932686592982423,1.1129769963934255,22.690074200445473,81.85094743054329,945.1594713900356,571.8840191835206,0.11680099481219951
25.801064444658,87.74360519872215,10.884134099249264,1.1223493548201504,21.71502143688147,77.90242653751774,949.9772789136869,526.6545482017747,0.15626900499518567
27.539907456602403,84.6824342670896,2.42637695596289,1.1316187421251755,26.640064840707154,56.175462299356646,973.8212957952927,321.67935596267705,0.036675625366608275
8.913693926179441,93.13733765787353,4.401952756605879,1.0362553428734163,29.398212104784882,65.93990375451516,899.9601375055239,965.3434989567041,0.08813513414723666
32.346264447420154,75.21515879883007,1.8102864307502495,1.1695298758809154,22.216089344723407,58.47681434089236,991.5939153934377,211.9475102986822,0.03999440056374045
12.23952100210673,69.61839689147992,6.091038280956662,1.1019362501299177,24.866014240236943,68.62085617232319,942.6662794323837,559.6943826726114,0.06981361153863382
16.776875404942125,95.9126001623402,4.146369950667381,1.1485739669908424,31.14383134699471,72.17352972939642,1003.2612001071552,98.72797249254275,0.051282939177101465
22.987022953068205,69.76127807209218,6.925506676928087,1.0619345397066422,21.98448998219399,82.03190024161526,899.6624852050803,1026.7662524211905,0.10591360780805045
34.9698094993816,94.18571401796669,2.4574986564347574,1.146364230304393,15.95333849029745,81.06111085538222,951.344108553938,542.9296516177219,0.04842659119469923
36.94632588283042,85.75626317167249,3.130003684195496,1.1765162028691476,23.091576677769563,83.92061196570172,1000.4740370418009,123.4620433686048,0.07092773995435302
30.697159825020886,94.64347117412339,6.536034131248643,1.0559127308618443,15.738070649924463,79.08091441442745,875.6277857889585,1267.8241195424343,0.08137854383385719
29.150112488096607,84.38366398631653,1.7434515220436362,1.1471281536623004,18.532288118440505,72.19179559698868,960.4702041002938,453.06106418970626,0.03977021085603045
23.30278759064892,91.8092530392914,3.57620723189661,1.157552888556754,25.865435820881416,78.13080002237712,993.5651523953442,153.70658203775935,0.06095868405334551
27.303192801975698,88.91741763380148,4.748021923316054,0.9935819604505659,20.543878881134283,82.18404578497274,837.645949439315,1624.793306799135,0.06860357666273721
12.188301087422257,83.22825187615945,3.74866707767229,1.102861228421454,32.98076410233468,59.17174814512859,969.1471979952605,396.25250288861713,0.05600338744707383
15.80668749667063,78.53638410865496,5.908331406647911,1.1279486668296606,31.81906724629091,69.01647551329705,987.4316114400922,248.1414059827453,0.0834519095061345
36.55464304141545,68.08291159996193,3.9775208205235657,1.113871305528868,20.531109841945685,70.18508936727174,939.0158625293564,580.4106273058794,0.06614284725495256
36.408835671220615,75.27625296251193,4.1229282739649875,1.1630192595553301,24.01286185648666,50.60504867845529,992.0723342275462,171.90621144190462,0.07064152735262191
17.366199445221575,95.60123744574436,6.656347069369712,1.1222536738675264,28.287674633902316,72.09969267740158,971.0698415318853,321.68155078402253,0.09931950354949477
14.99040860457522,75.98839358808475,9.389122906945147,1.0494529148899923,20.426812864055314,60.256009177256125,884.3956734859706,1168.565274283325,0.13946293741911273
14.656024169705136,89.80372083720381,1.1512241718007359,1.129167754192404,25.729695912637865,72.77145495449109,968.7612968903801,404.03165523467214,0.01892693756449374
22.06106712162179,82.74643082140874,7.130192876960224,1.1012431719935747,22.41239556256409,56.45826008459307,934.3171192412905,674.1146946991954,0.08373277433828256
14.489230813942061,76.94691715498918,6.176366919252088,1.0130756751165593,27.906203896337892,60.768986502356064,875.4903604222505,1204.440424781896,0.09792832382840047
26.806402343970134,96.74171001990904,8.018509538840732,1.1233111680956063,27.48389882002411,63.92528280862629,969.3931032670919,393.988758824613,0.10373619909986706
10.16977452926412,69.36225694821903,2.584183261529814,1.1396465511764504,27.767517451468752,80.07998548708532,984.4180101697644,238.9047955513889,0.04465483748749951
11.006639450157575,84.88023608774668,6.253139343520956,1.0778860965844101,27.706095974675748,62.7705822178677,930.8797555482591,766.9589273362828,0.084503258620956
16.03109397313822,81.38402826428162,3.9908006012450907,1.158846169913467,28.295443705203226,56.94347987027068,1002.7586419275465,147.64199599003612,0.05956986909142736
30.545853767974418,70.21926588135979,4.99153285860578,1.1643473862727514,23.54876312369472,74.65931663334963,991.6540918452054,215.81440660203054,0.06349617550920265
17.375396632218347,74.20878996864529,2.516449670534217,1.1582161455232012,27.59070441908994,66.0167710192985,999.8704353167644,119.96305046282671,0.04249860453475948
21.653686686231694,88.13301723665884,3.9529011317734026,1.0393669632617772,25.76208485060298,77.37214621107131,891.8139921363821,1146.0332796057928,0.06835913360192947
27.042039334266263,71.14153026400957,7.478920422697409,1.1212700953652146,23.40506523091214,60.99765484671616,954.5034129633813,512.2502319122939,0.10659583353722558
30.86765773721624,91.22972820594165,7.17951213021666,1.0903022152819335,21.11863046519054,74.82549749576441,920.9854355476513,787.6932900979323,0.10715828330612706
16.906161615514925,86.12676882461129,4.084878999894687,1.1324029010185956,29.381665797159854,91.62850190925997,983.4079430021202,228.99204263498177,0.06127981505484563
29.19811292376244,70.9248702516246,7.228369257621676,1.1154962765985428,18.768321900561787,71.96938507926332,934.7411857237673,654.8380085397166,0.11248377929723569
16.295954726188647,76.31762423413417,6.601547540891204,1.0874636626000542,26.59290571104645,70.75227009927377,935.676165538827,671.5285380515178,0.09000886161526073
26.689520042631568,71.97815800805907,4.916448764397642,0.9955246351246151,20.130050626905636,56.79856198078984,838.1011447937536,1619.2613039223072,0.051027551221251216
21.075524083046055,91.13043757117524,6.748285189056238,1.0649617038788832,28.600360383082865,58.94995485192046,922.4518114426943,740.213190715522,0.09934451131430433
34.872206761167476,83.45582912864434,7.522012161893351,1.0989771988144512,14.948507065916425,81.6332520742862,908.8486982024208,900.4626107527716,0.11415730959744054
36.48070820041269,68.082068164781,1.1826046334249256,1.1479345180513414,15.415450031702177,73.41020755278629,950.8748193057664,543.4163976645325,0.02628690101844707
30.44957012301847,83.74420576961643,4.341735408220901,1.182254393374023,25.39662062329038,75.86669516970451,1013.1762384882663,22.072262296286397,0.08281051937395564
34.548465733659526,82.00130684368358,2.7823821543186096,1.1061742759078856,23.559102819537802,75.25801488428947,942.1419135059024,612.7494834810777,0.041316892252011586
11.958623018701541,86.64921568678265,4.112871415933693,1.107046732119022,30.343876005305024,53.07899243750889,964.4457113767095,424.8992168334172,0.07235118908079581
26.97945476888952,69.01047760912289,4.82562745607571,1.1178354235624026,26.146404786063556,79.35057947600369,960.3759324614203,408.612378844088,0.09214035160135209
13.752670305599839,69.02734796605837,3.5097585570273466,1.1333042779883606,25.102251624282715,57.50157442877809,970.2690067419334,333.92778433962866,0.05973354086769447
16.032086644201,78.13167504776534,7.011530780431674,1.1230383970841495,26.22115421111038,61.49597299414847,965.0869803463387,408.60883510154764,0.09881469041747433
23.161873995253217,87.96760478868313,1.0,1.1683587430979046,19.606605404308425,76.07022537232623,981.8492560138452,283.0669633290402,0.029244045538196484
29.51763080227597,87.33018468507217,7.136542809738279,1.0901751695249622,20.193778557115145,89.03458509008519,917.983906877311,841.2644190583982,0.11787672267212619
28.92332815166886,76.06964379709738,7.078349675279413,1.1793519760824906,18.194229066251957,64.72527613234872,986.3061903475306,198.32462635568788,0.10759858112373945
33.214320916754254,74.26595879232399,4.250802782178972,1.0110701186445183,19.501187390047033,75.3260133611626,849.3632491394571,1478.6308991017354,0.08603376371766991
24.218970711671027,87.81064232405082,3.353125737104422,1.0761183645892818,27.43845485464272,69.8532862900535,928.5263626883508,791.5616333332038,0.058563573662371714
34.86393694829765,68.78626934788028,9.958834518674498,1.0785042118020105,18.213230186358736,81.32433864727327,902.0248217089868,1001.0537263203975,0.12857317397911686
33.74876927492281,84.14671661913918,2.5655582071108034,1.179967216902017,18.37796350538202,86.47573104302347,987.4430560137691,212.04132089353467,0.04360064564025805
32.62266719493422,80.29886061927968,1.6178164418509846,1.1402638308161246,23.820877998653188,66.78463276092336,972.0332288332183,314.72107414322727,0.03748778488162502
14.656083126326129,74.93351772012109,3.7205332553331614,1.0788449780849318,33.28362971022132,74.31995161547457,948.9806771493639,527.3564784912267,0.03820670739173837
23.4119918024287,83.08864459064148,3.9757300621011695,1.1123788164618458,26.297484865447053,82.39497778245087,956.170364985064,489.2540837939473,0.05958022687186313
29.350861314263735,74.29786204206128,6.685309126807276,1.0806886029196783,24.524394640631833,88.17251554027345,923.4299375941853,792.9593118081029,0.09136638926877998
36.306972727493104,84.36532656092803,3.3638729001433725,1.1430450905473435,18.892368820486624,79.29457482287557,958.2330038079907,490.7824649670217,0.06030572507232944
8.337770938376199,72.32024125056395,6.352023021297661,1.0015958841854398,21.276852265225706,74.18057251786834,846.5095206447124,1531.882960473746,0.10894033498514963
17.486321484407863,79.76509445064933,2.4851723732695112,1.1393409899907325,28.369961470603425,62.89518223442891,986.1243685721688,216.20666372764646,0.0478004630630479
17.928157324989606,82.80236372383935,2.9505776052124046,1.1651981136323288,22.882372715811734,56.892471777435716,990.1497421978926,177.10935926995245,0.03438628380025506
16.367502523673846,68.91932981327099,3.655862786619864,1.1135444848242453,35.25139139998248,60.044490693427285,985.7931586461779,302.04140011225104,0.04876191578540487
31.70530469312541,85.71079997361882,5.327826448627169,1.1333444139301783,22.86652598933383,72.61680916973141,963.0298876935909,409.26125125229254,0.08380712842014051
9.307071662658718,89.7591435114276,5.40738442895782,1.0241520985082264,28.970198959331864,66.12593770413864,888.1904945760848,1062.1074703064346,0.0797931236995276
18.423607750245438,95.72613332152014,5.064061248532518,1.0919967274559208,24.315749932831622,76.45615497516614,932.4385173373477,641.9102948989754,0.09302319202919368
28.63885364000502,73.89066422146789,4.515267262632381,1.193407981318767,21.16752056733657,58.141002858799126,1008.2470360793172,29.936924847801112,0.08283621957486532
19.79545185410252,74.05216565023778,8.847967955550976,1.151975719823416,33.14002756180096,62.482238003841275,1012.8335579716105,34.834796884297305,0.13171602801819088
12.177843927075232,76.84009390263628,4.10099191987863,1.1183233722040458,25.72567180574626,89.43972482728073,959.4445197972112,439.96366265791914,0.06384027328313983
25.71472171001354,93.83215708625026,1.167082316103832,1.1396512893257427,25.97724352166207,79.27191712985879,978.5653976220731,344.85336175681925,0.04243573683852704
23.155696855414945,79.7988577470933,3.169533065440921,1.1166353917195886,26.523638435105166,75.0953543875536,960.5540982213054,450.18701657632727,0.045824227274905795
36.47332624736019,76.75202057920269,3.6833852901047583,1.1484002126619,20.999239895915302,76.70735582308419,969.6676222593209,409.49163809088003,0.07158557295405146
29.707260354515068,89.4942426745019,1.510065728860728,1.0361296956207886,14.943983338064099,73.38489308936846,856.8606698056967,1384.1204715515053,0.029630490583378723
36.59910364752484,69.10171514975163,5.394403703253849,1.0828471259354298,17.01923385086487,58.04583378682745,901.9457386136216,953.6971935704568,0.06598832415750383
13.404226592364049,83.91562082794088,5.636207135522243,1.1348850418648777,26.564006862870166,73.47648110011087,976.3843540214071,315.72689194587934,0.09086340388836199
30.08625526905917,81.05550974121157,5.419150193290255,1.120192732700279,24.99483608087652,45.51933158048975,958.698267023029,483.751275438264,0.09586102048663529
23.997508371297585,86.12088811153701,4.887189605625614,1.1229096399490692,27.017079603878464,65.33248565115731,967.5418741062402,383.0722081103369,0.07151754575281981
28.662775476835307,89.20189053122196,2.21915296448469,1.1749715343629876,25.555588467290026,69.57449617787367,1007.4710905869367,58.03880275398749,0.06075659910714051
21.55899241272879,77.42466318081287,5.1290232183791495,1.1423128561284452,24.779693560694703,65.68231015344358,976.9239443908738,328.26744662752185,0.06250825516118769
14.159333771674593,86.45609839467403,2.8740282800954815,1.0935180696371405,35.3737497544945,84.45220577320616,968.4483525971319,332.0728541275746,0.03588907420524912
9.326363240488611,83.20553238586885,8.895613950589283,1.1362217185348686,27.189577724151164,86.7107234440948,979.5746823995531,273.33386386963593,0.12261675854559609
32.31035946247415,71.88506650131802,3.0316424334961214,1.1641876859668125,18.136504947058434,85.13256387382674,973.4312083662013,320.1716584155146,0.05084770092168089
31.62944210901312,93.57006003228015,1.728667391730019,1.1384525949414885,22.348697747068694,62.60264391632814,965.6781889734858,389.1632621487742,0.03147625268841264
12.713652279803753,89.8831148670948,4.284218802053598,1.087873934365905,26.69357735010777,88.0286491245791,936.3435465447816,680.4170620413663,0.06863362084380255
26.710246086771374,94.72796989264184,2.502371088394255,1.129112302267608,28.18870027451556,73.95760119607611,976.6837226214379,292.5768265629343,0.04186591755045575
29.394277315432678,88.89173315245598,9.235388558092717,1.0361832940232218,20.619077557688986,63.64684911208761,873.784960510399,1171.8791244582656,0.12157041487978192
24.171124866054527,75.09939025366121,6.538099240767837,1.1479784572372513,26.34521949164823,69.38551546880866,986.9281413584764,213.9105943631336,0.0989307953098353
17.199638189787052,80.48526052894368,8.193801433317933,1.040937882992028,25.252070896191324,79.4092989080474,891.6379542219059,1038.1781809736044,0.10612838486486242
33.547431163388026,79.2191843379012,7.3805192633016565,1.1153890374266604,22.084034580745147,66.05238738705532,945.2674275272564,603.4769594696702,0.10421772066922996
26.630778488701488,69.03883604633253,1.992976774735143,1.1382926334244772,32.014269383880624,66.49533697801148,997.1247755787695,162.60471760328429,0.03385197514401982
28.886307848401664,79.9058964363877,4.309604443897913,1.1238373643930821,24.36298302299476,73.61067565570525,959.7791015938757,381.14990025849346,0.056624170090967124
26.911321355567626,78.02151416593571,1.255778778331876,1.02784468250643,16.02017511713447,65.27733540260587,853.1843709211686,1419.6051683963963,0.03679170756191245
28.91737147596755,68.11378979982551,4.432702263185363,1.1547490155600206,25.168437141761085,67.18116552318823,988.8481277798844,217.6643568558177,0.0881628420334451
12.206947203098878,92.56657451364747,6.875590198873978,1.0244207344756564,15.191730713769863,66.6111627499292,847.9061021588745,1446.6332542224682,0.10713542437149659
34.75523755102809,72.17235832522775,7.482869617668257,1.11429005105185,19.571365399374333,82.48672437750515,936.2990332803356,694.3931389174581,0.10979029776218775
16.288513140796546,82.52761285417266,2.768848177951301,1.088146122175373,29.911470845674064,57.48141615225601,946.6290876229139,611.0828280608514,0.04270527737331713
32.25998546786877,90.75565687088731,5.243823273417209,1.1024939790891808,22.522838555570335,74.65205005241467,935.7278528672666,665.4531478811434,0.07638151141185452
33.90814191881051,85.52995970389446,1.0,1.137469910351572,22.787671493182806,57.647071770836064,966.2779498172039,373.3578276950901,0.039944309915220445
26.885484593141193,72.91118553609688,3.6703893864874897,1.133469266074192,27.179301496013853,57.14012012137721,977.1682659153936,226.41606051636867,0.038483882949841494
25.35072210057361,85.92812264428824,4.403848842830182,1.110421111194224,27.4330116917984,56.4780797240343,958.107062048639,500.6675346056646,0.06577621720585039
11.16239812397585,89.97030993901335,6.493749995584446,1.0808159529363275,32.603611645570496,61.78172030929985,948.6046338803479,627.5415388220871,0.0996388319097606
20.65041555630922,92.78817096818122,1.9896435054548087,1.092778277408119,25.809353351333304,71.2372688537713,937.7910823807663,717.5614841378078,0.02852626656585623
25.73768715479611,77.2409590323884,4.793391714961879,1.100639983928251,21.859162036401244,75.84613952643544,932.0574658578013,697.3855259803402,0.07802378293984544
10.37420890200041,68.98372061554456,1.0,1.0844910515276571,20.4535691291553,55.46015029248834,914.006329731689,829.1486305775379,0.03155462425348661
11.232398332848774,85.6304979868443,6.509280460209084,0.9606148953951915,24.059386742114516,68.97203544022317,819.5467605184629,1823.9656870686003,0.07563648808173984
36.810956398109056,74.54728679417329,6.358174745382072,1.1179919890261456,21.128377487798556,65.20441466144,944.4064495421934,588.8992189458304,0.09395763771679858
17.634790377915245,90.64595714439315,3.064827071342336,1.0428658836201743,23.502670163871915,76.38991581299224,888.0524601287271,1130.5219444008583,0.045139448684698054
18.14224213144375,87.71656957161761,4.939036789831922,1.0930413072619705,23.166678271378075,68.60696189924272,929.7251326033384,736.5637495056501,0.07947066745467751
15.294345367396868,90.4224187856019,7.069647514334727,0.9497444526069408,21.824701302526087,71.41439903204687,804.1803099686541,1952.955638151113,0.10327599060913759
26.734573315334032,96.05840480932065,3.5547348895390223,1.1256343009313257,22.708008520676643,64.15490465049575,955.9662238573429,527.1969235786746,0.06366523704013954
21.719200717397108,84.9518744593077,2.9436756819019148,1.1213726058925997,25.38978978125261,86.97362424902816,960.9793710376887,484.20393908674157,0.05294120960203193
30.922497763831622,94.22509296189318,4.015526904359947,1.061974699019203,18.514732037735417,61.70389334125319,889.1191974703069,1082.4046629031316,0.06618427654712118
22.86235012381782,86.61490809174728,7.171874058237796,1.044427757911,22.847702489522057,67.5092683534456,887.4188418871448,1083.3383536063675,0.08888467054702351
8.447063428227755,73.27058603976184,8.831930621867324,1.109378463505801,27.206307504093573,69.53156927986417,956.4854919635795,398.55404382272127,0.12220700352894968
21.997934319477075,91.17993720575981,11.083866498940134,1.0832542741814148,25.68308529672674,67.00823567013899,929.2252229418935,717.54887952972,0.13211826175398292
9.600431427248463,88.11726010219775,1.0,1.0655243336299578,25.466465127771876,62.03411458349097,913.3537626701436,835.1198003778464,0.03753111754376923
31.97680503396139,96.36025355257257,2.259944345534279,1.1046039415473177,17.936612816691046,56.827535664202195,922.9766643987828,802.3490501208338,0.05033983195264528
11.29608446455632,75.05952767928157,4.057671707885286,1.0719138796015542,30.704870481136794,59.09150115428667,934.9491609917421,666.2033498236231,0.07055105514330037
14.291666434008658,77.66063997223404,5.080911388537143,1.1605692355121051,27.468210012822908,58.678404576011985,1001.4937385571602,90.77022533122496,0.09617292928544868
21.338992041050037,91.82323977146879,3.0421784149128563,1.0744695075586956,26.318159772859914,85.86953408612841,923.6483288318009,810.5867026339944,0.04869045155771165
13.660337606612021,69.82379834297383,5.736580720031715,1.0685179885081528,26.49975074933931,91.59713376144302,919.0891907940373,837.2052104121999,0.07865443477351668
23.637378845713915,86.36279317383328,3.3385172396343035,1.1145890279971842,18.667601770138496,73.92476198094703,933.6586977336725,685.7475645419031,0.05321385055295274
21.360254308954453,83.52880552925338,4.893365910666395,1.1213192194136241,30.431598931792138,52.150315344754276,977.1620902462948,364.2899358355506,0.059371803966127346
35.623155716601374,72.89583429575914,1.317886797474739,1.0449537289060147,16.51055615935149,83.32305174557767,868.8570314153484,1325.3500869380853,0.015177422228417229
10.562833336413796,72.78852956854705,5.539588279752681,1.1241841082933106,32.15038536488681,55.183965331400245,985.205196790729,222.50009417299583,0.0885864200130692
24.725229399787963,91.4957310163654,5.321666572942266,1.042042582833111,23.786895326993747,65.35746273515771,888.2015563855468,1096.833552472457,0.06441987505106224
28.89158867967553,68.44790950769257,5.109265729436751,1.1415590327014484,29.06615671585741,60.865194687066925,990.3254795979709,219.9082466566747,0.06805883408418385
11.701183262619834,89.65840176898831,6.396192219083725,1.0465900518060878,26.472468225046974,63.964215640427525,900.145841400915,1005.8663869474117,0.09038480941213772
26.457401704964646,89.24734958313012,3.4340647792910626,1.1384727177188805,27.216769172679058,64.90105906421715,981.6042061189069,229.1670330119202,0.054490682855682496
33.06293257092496,86.84071931469097,4.598937771628487,1.0790158013466007,19.7471818027631,60.54195324477318,907.2038767854301,965.7249315442408,0.07966425087790054
30.839113659416526,79.87601222935672,5.1006158498743215,1.0282669949226826,15.022555872934241,69.96407427234843,850.5902775786958,1525.8585376941555,0.07591001309618729
35.11995002244268,68.82129982220201,9.157706614944965,1.0464663739436375,9.779028898276101,90.85412224984108,849.8938497245887,1529.7799475305876,0.11655178380592672
28.8969852054874,91.2515233804975,5.746946583376947,1.0429462087749046,18.6709912499795,74.0947367212728,873.6557465273213,1309.9716842354223,0.0932180753612013
19.425618060497207,71.6455089103868,6.357749227144832,1.1029671089829833,30.18916704226213,67.62072148530422,960.4017692271085,524.7800214162531,0.09982533432248425
34.69309015313351,76.14283704063146,3.717445972620813,1.153477191691854,23.71306351044387,48.57837423917632,982.9401524995611,315.72563767206174,0.04835383304646638
14.535346260829222,95.4567048769449,5.221169104401093,1.1225357807474208,24.933284300359695,79.52453757498664,960.5051890842998,462.84582257012545,0.08210276912183608
24.92736607722541,76.75396976896897,4.910946076512391,1.0478801125566999,24.323663274487437,63.618236806227614,894.7918494929972,1040.7205192363976,0.06646698839899821
30.204080407745412,75.39903536145273,7.4937761215760474,1.0873807983279997,19.69035592965723,84.95643639291688,914.0595395641426,801.634395343809,0.09838235948075089
33.29615384286889,96.22774610597372,3.1672930043838323,0.9905895077419572,5.650199097741667,85.0876086735578,792.7727304624105,2070.011573294868,0.0696703478979898
34.579721801723394,70.4920338607744,3.650301973390589,1.139643779404348,24.89692700741512,64.45161680435616,975.0248231215049,342.3136345882092,0.06248565094733538
10.464293834988531,72.66002124960308,1.5234926876498673,0.9969977387450287,19.92702460279084,56.773186822534605,838.7602624491856,1595.7217804473064,0.0292664595290098
29.05571591417166,80.71120793157176,4.297047838265936,1.0962097301938556,28.223462093478442,89.49203610884585,948.3323367715097,491.5370759858675,0.0685503782179631
13.919024509789448,90.84252070740497,10.682132623208116,1.121162295613983,33.2569711097469,72.25259295365102,986.1183166870755,219.11508560317498,0.14672731643467143
30.594463803118657,93.64640922935502,6.457326388306211,1.1151715932598414,20.708899919987996,81.63451405289845,940.68116070722,649.9399879884988,0.08717701969793534
28.320002226074656,89.9134359578002,4.128899405635527,1.0818051239434436,22.742827154429726,89.76829804642544,918.8515903157335,787.2086006179221,0.0599424468915196
13.259218399408999,96.30907591648275,1.4245965184271654,1.0030874782273078,31.256403672646766,67.86138755143588,876.5051922441309,1229.1042640875664,0.03637629531308511
32.15207500016632,68.4885381356018,2.974934017476756,1.1363316203433553,25.69997273592095,83.03401959867286,974.8105307563809,341.1370212552982,0.037875263915118036
21.391875316538286,85.96569009475175,3.1824293174422027,1.1001375864729972,25.328727421378673,64.98413822756665,942.5888256441618,649.7860486977821,0.06435099781258927
23.771828405130265,71.37403985466308,8.310269905841757,1.0897567379830029,33.15640090601446,71.66630469412195,958.180956421624,531.8201891347926,0.09803594320834834
36.17070885276054,94.40051947754124,1.0,1.1417865546522483,21.308234923513833,66.28326847929326,965.0960293547131,397.46000181490723,0.027045928553813353
27.04214203805967,95.12390901342238,4.59638351292457,1.012456567103959,19.352401232391127,68.91473118248307,850.095539006952,1488.0489184874166,0.05279197043654022
25.068331205718543,76.78781831341013,2.5560429095586032,1.0981038679575834,19.645777131856818,74.71796176224298,922.9329047415292,795.2778964939861,0.036303114334087304
8.486120398549263,92.00354752030695,2.6985095879282808,1.1692560416317863,27.701389435902268,55.43503829527117,1009.7725115361122,50.71863797013814,0.06368646489014249
13.777230217724247,86.27799168623164,12.55419844692438,1.092603768398459,26.36887370194126,72.33603063238792,939.3961756800506,657.6148076683648,0.15668948557799847
8.770397210448195,70.91417475006669,2.853016938319815,1.1461943955780318,32.352046017142605,61.73398568925749,1005.1579306256691,115.58986871768124,0.062209235116388484
17.666060345768337,85.48027662052488,7.202095782322043,1.0825820902942775,27.142283540074203,48.624795194071254,933.1831972441837,610.3976820227426,0.08766272926130879
17.99074223779239,96.30565414137239,8.413397725615372,1.1681981597830655,24.61803518785998,65.69075651090877,998.5193672119384,137.64864809832343,0.10874615591885979
23.379572041363474,76.93472742116597,4.93746173029203,1.0792786746391712,25.01173816311791,66.54123625428353,923.7350171697877,797.9057647931188,0.07827662669099081
28.003284962783002,68.03308250823407,12.970229410876055,1.1747386435325484,23.025410779829883,79.9105771025015,998.7393345621801,113.71381851083972,0.15752625185127414
13.201009984993082,96.3269586388922,4.190095026352642,1.1158716459283444,31.822497079919458,68.07623156899416,976.870102177932,230.55875058603422,0.05810090430313606
25.44797820348253,80.0055191060646,3.5685201020605155,1.0626298092436781,24.328242688567105,84.9449537882345,907.4006829550569,928.2907314574935,0.052161921676597306
34.5923119613383,80.4970502674581,3.00847269538681,1.1297865356927974,19.556997561733922,79.01119766303452,949.2735922722408,524.8609969399641,0.04193179195483929
13.36522782861703,88.66575139571842,3.844104507335878,1.16092512480914,27.525132096053454,62.69279683041972,1001.9905383257792,150.93022785463137,0.08078946073812014
27.113552877695554,85.5271762271883,5.422632343911798,1.0096971201734524,22.586274249379265,71.10601442066921,857.1515495947339,1425.8216992630287,0.07386294374160998
9.322085096305313,76.75761175704768,5.836161608521023,1.0984437040725898,33.08457756139243,60.86031533790988,965.5926025505562,378.57148963304985,0.0850078846798614
23.4032813944426,70.89935848102306,4.095824639508102,1.1127695416617722,25.67685470299122,74.40593026903782,954.5237818666881,431.32096841601475,0.06661942794617666
29.50463845606761,91.99351307846868,8.07741375090043,1.1148621630610507,27.30243129500024,68.9865195681321,961.5210553721374,462.7047560692763,0.12468103443737477
8.987211654514148,82.01793811404568,1.0,1.0634875305385796,28.03489437100713,61.589977600705794,919.4486688953377,844.8944536399089,0.017629960269833295
17.676296343133494,87.50175451575491,5.892196739260525,1.1256917215263063,25.53607438970387,69.71075263783244,965.153404717874,402.6167099359087,0.09940972085917703
33.46075257636769,92.95463630345522,6.325538492079323,1.1469271725708812,18.420905854750888,79.21717255722196,959.9352237464499,477.1207584003569,0.0807770699258614
14.53891407820112,68.51394899927145,7.485565715283658,1.0360562369435384,23.69502704536073,60.8492656852297,882.8257803743843,1148.825936867992,0.11581567826948728
28.963362077475196,92.92217303133805,6.01877796314619,1.061129669026192,21.860666775732557,75.36762087343426,898.6034392893783,1052.886321849317,0.07015622977749257
25.75490994389735,89.80206253294627,7.225394857498957,1.1136272542371204,28.42751573717985,51.81390802245586,964.0525555511143,454.5905712965888,0.10231799939842005
12.746942312825352,95.45783074960745,3.0119607775555406,1.0984541420168061,28.807084835957493,78.39075404624583,952.1142267573418,467.00266710950973,0.06860152580819961
29.509517905473107,74.77413335279473,4.133797465272354,1.15735678873827,29.141532223209676,72.37273555147296,1004.2807659752905,28.251882280295035,0.0745488343278729
23.430348797933732,77.3502477787396,5.101178221714103,1.1172635353539992,23.5424791361736,87.31309496089646,951.5334545022149,602.3484150072501,0.08219446760760171
11.248748221062213,87.18288353576307,4.537961549377434,1.0653677688840737,24.00129757049018,59.53312730290262,908.7388276692252,952.8077493617471,0.059182420242809695
35.531770694692824,94.84799667117576,2.6342753395939305,1.1548078859356286,17.331419909453743,86.70252335154697,962.9195395975111,385.5867743337676,0.042157528211512446
22.26689884516249,96.78741148203233,5.210665442730928,1.0300339162585557,18.97584269627184,83.57471074829101,863.7407373838763,1285.3371368159476,0.0901229610108394
29.607344209287092,80.08539186698475,10.579843414111728,1.185902025546936,21.23055053601072,70.8162941527136,1002.1202170643193,100.15111806497175,0.14586982933542478
14.31330770024633,83.63766059590156,4.953617213773251,1.1055381276018348,35.54760163184381,58.850245327160266,979.6453472317456,245.21259444009584,0.0819882420474178
11.978313072726213,72.94597922079822,2.64816672429575,1.0204941923739324,25.82117743867775,58.57371522802521,875.7935837113087,1217.3837107993513,0.04638076458757438
29.497896507767642,88.12528564991935,3.8385198233932396,1.0792165512310787,19.82858490649957,60.16189358822537,907.6248416979157,926.7177947148032,0.05887141957751639
27.54090117819308,92.28374226389451,4.516994535650634,1.147494248397233,30.966537249998602,58.31108073027069,1001.7340912621887,93.35877077842333,0.07906210955947962
15.949122943412881,91.16083006088817,1.949619826853373,1.1699156331942673,25.820597377351877,56.86782541182413,1004.0259168182977,115.06791425651626,0.04433643726262819
29.64221962995575,78.02944829792699,2.807890311574087,1.1015824689058584,20.37321561761618,89.19597390357487,928.1568455188423,806.7631673686797,0.048292557795184356
22.644775569536577,95.93465645570424,7.2958880431264514,1.070794803234527,29.924419658000254,51.5323870067104,931.5741669915909,691.4883781612547,0.08878443004913922
18.10932044277478,71.49005102410291,3.1849084002763406,1.1141017402881424,26.675821819662296,70.31587950729734,958.8612878026829,425.63241753208774,0.06443103598515611
30.81986270691015,82.32513043778863,10.862927953455186,1.0218941323535402,25.01946366163109,74.34342670570929,874.6432913664731,1255.6709543606573,0.14175879890082077
25.88669967872403,84.08331677560005,5.365106107048733,1.140419035166459,27.485888511813897,71.8348703612098,984.1633338769894,301.7635198262176,0.07578122384810004
22.7107826131879,83.55890185455598,7.403257689668186,1.1488070023014167,31.64181578950511,69.80361505133622,1005.1069478555419,54.5313369626378,0.11752492179158869
30.42010580577793,89.97883261068938,4.535220481556314,1.077635472389613,24.28995773463998,79.96103276024877,920.0958864677125,844.6149506170591,0.0724398349410304
23.80002243437427,85.67860974184029,11.531625452050896,1.061546299569236,21.79528746448749,67.78407715049205,898.7570334986104,979.9186773709378,0.14385687918623144
35.21749855507407,70.23675356553106,2.865493209941601,1.1585720017727388,20.307051462384727,74.1605704332328,975.9542923267707,317.0315082587694,0.061232034334929714
31.723615090836844,73.21569794966564,3.096599020645355,1.1587007407472112,23.432173806457854,68.1618632058222,986.457157804989,186.37332535133532,0.06185727667321358
18.387439609465712,83.434931598998,4.347620488471103,1.1709001091045006,26.254611894832887,82.1470275861188,1006.329564924098,58.164455318872314,0.0734851939260967
21.482658265841497,88.14188043083915,2.392080517461376,1.112280361428877,25.18013908217282,90.87256187722778,952.5182375284471,517.173645848879,0.04343752651695285
35.762658992166266,82.91106143410677,3.6121661089739114,1.117511951272393,19.47030591847563,61.93144825545331,938.6820998949042,666.5908810885493,0.07995799338820402
33.960927449023586,78.30972571977348,3.156740830276399,1.0632646365070657,23.002474402824692,51.08725949197947,903.8963551422827,1029.8176626624443,0.045690820849888625
13.544380591395033,69.48290229063007,4.703682524074264,1.0743307512741214,28.859577646155614,72.98961133788129,931.3665212136962,696.61937983976,0.07938383121705561
15.954811151877117,90.79054608071823,2.551370508269106,1.0897126327855173,35.47255564501905,73.37293989084375,965.387227578541,338.5188541974295,0.04298295559656199
18.56819506149719,82.41863295704457,4.927065149463587,1.1224049901051032,19.407941564807754,93.48421403711913,942.5911987341854,602.4263117893976,0.08059406777134785
33.51562204817321,83.62488478586569,3.362191899040976,1.0839459169765358,14.223519930167598,84.92243956104925,894.1621066418933,1065.8135421469922,0.06844891348149051
34.89510204496266,81.59978606776957,1.7473927725426637,1.1191406109233564,18.759456016838456,88.32619037508513,937.766509996444,660.2037140714195,0.034677147328524734
31.26786698327538,75.69501705662665,4.645315337010782,1.0600088003117745,23.76471598305511,87.46530614062453,903.4478603946328,961.5023274735207,0.07681241147481926
15.995544935747603,76.01483047757739,6.201022895269793,1.1487543551365536,28.9019932509827,81.91638244062078,996.026232555595,195.13907010926656,0.09478047820243185
33.72487939242171,69.84152283024973,6.689007623542113,1.112462141565417,14.862147804294372,85.90810163862542,919.7249033009831,821.7773169007127,0.0904789407866847
8.953552652280255,88.52037146985606,3.648128086572614,1.078794020534359,27.94594136743551,55.11574541335992,932.406584707224,697.4903159699185,0.07197234764209422
20.261300945825027,75.88431332087214,5.831738603665189,1.1334364300488302,22.91971264855925,71.37258258762496,963.281122078433,399.3395411895413,0.09434583410218608
18.95123033762039,76.65827909705405,2.5631912700002775,1.0558015703242887,18.709885714382487,77.40346619052394,884.5423105647222,1079.3843938334928,0.0413368430346153
23.521948571232638,96.81150350908237,3.6406953591756896,0.96367135782397,22.91066507560275,70.46443811514186,818.9767284978512,1808.8560629045871,0.06688442281720818
24.258576159810037,79.18856411890177,4.187534190873642,1.1689299971436524,25.915828181747727,68.97786069428847,1003.4995822514329,89.80726037946728,0.060254113704062945
14.536730118460309,82.81021902486626,5.482910129803096,1.1074304143750675,28.939109773608926,82.91490379535279,960.3143441191809,415.41554555625083,0.08197849136003785
13.932115380786929,79.20771992207426,7.976870311674231,1.10621475581388,27.910879798936705,60.394067303860666,955.9951158318626,489.0017960472681,0.10786664806894601
31.3034311619725,76.41554228408688,6.904681852433079,1.127197237932633,21.18377681162925,80.66187986052604,952.3616941875997,517.5892346425042,0.10743521925737586
10.209707137355464,68.1696714091562,6.121802451337694,1.1269828446048842,28.056475223255116,71.02488359251373,974.4139858746087,308.02403030126186,0.08572428119886753
22.30529527199932,92.7917040854824,6.491758977899427,1.1585861827870962,26.5983149017671,60.305855676379736,996.8894385374914,110.48799008636556,0.10349352438801646
13.557745791332689,81.72145658776179,6.595076701783301,1.1092020718207687,29.669124326048347,55.96559798923037,964.17501029605,432.89518042627566,0.10161158400191302
17.26744952850835,88.87681880757309,2.569266731942373,1.0928262029726314,31.260441903790472,48.60453993254502,954.932215700029,491.9761162372441,0.04248327444646046
16.041538155988235,95.80104405725754,6.88248833556167,1.1043163902516875,30.805703977434895,70.7917775152833,963.5310523070553,403.6774296052409,0.11686367566013625
28.547144552468914,68.08210885865839,3.619028648903318,1.1331046409736423,19.345704468918907,73.32555873774638,951.3742895564404,500.93237422528716,0.05321913651881442
21.224597495541932,87.57614859848346,2.02416012560002,1.0898557143507466,27.858829984052647,59.7410447113954,941.6947323809527,613.026357869582,0.02614545207715502
16.68381319893701,71.44058041698422,5.802242996350709,1.1126803956556277,28.91217529464856,48.50042604938545,964.780865900999,445.8006867175984,0.09481831919256424
32.10920794142595,81.28098667279312,5.489125305149942,1.15814573084569,21.057712122884453,77.0867105324698,978.0907758601963,304.98368262932945,0.06236979617929542
10.488059097433258,92.55668034585202,7.945332742696253,1.0963815644410542,29.85652213796101,64.86316156742413,953.6205488517869,503.1580777495091,0.12640360810889303
30.224458718735566,70.07337962054957,4.355604864215318,1.1042595984101795,23.249176656193235,64.08864162215794,939.5287529740585,648.1873905331689,0.06966258508815287
15.201069979108638,96.69879106148039,3.3484799143402775,1.107532566365227,27.59479736182049,58.54324260021738,956.1290822923112,537.6644981600185,0.04238788521498776
34.62255745617669,84.84423901543252,7.611347501579325,0.9850235922444978,13.989416299678021,75.32165695599272,811.8977640881972,1888.90309885505,0.09465223276151313
8.161213475716917,79.4548103085975,1.9123266317054326,1.0878082358810994,26.461725879338417,73.6767567418557,935.5630233475463,682.1660588982096,0.022491279901748033
24.143236783420843,68.56579769472673,2.4984535845597367,1.0962705337002914,30.411021558090393,62.91245506512324,955.2689165021199,519.5569500753086,0.04974287777371581
26.04568453680022,85.01786926668017,4.955369710645486,1.1677081333788768,19.486817998878983,61.97396412781996,980.9009853968494,268.2230377177105,0.06447653881918956
24.74170964676011,82.35182345621766,1.0,1.1376765628582377,27.430993384070632,67.71705508079567,981.6173514218026,273.8269849246255,0.034401187192706614
31.63544347377136,74.24419306300217,4.391823827842404,1.1315054971748844,23.601360193788057,81.43452253687452,963.8540715877934,404.420829903822,0.06684880933481964
11.252756234430525,82.22297847403752,5.815619075129601,1.0959859057124808,31.503573516503508,65.85017445088965,958.4581301541248,414.465330300158,0.08041157791255694
20.051124124484943,68.37088865666661,3.6227821550707713,1.1325153882236625,24.4448960422896,71.07280819334017,967.4565962723256,402.01657653264795,0.06579230717617507
33.04836641757923,96.98485080683503,7.152247364016284,1.0954711098793817,23.718533923457905,67.64033668579772,933.5272425472045,703.6881525647553,0.10817621496085777
33.77332336734074,77.63131879380323,1.8711831642236738,1.0701354090412156,17.52216679457903,66.33784513814864,892.9025890556311,1055.5379969694627,0.04926628896237511
22.4519876939242,81.9264422937745,3.4093546480498627,1.0958764595724308,19.50298683119776,64.6189350546244,920.6116335945704,846.6954431198284,0.05070076620146509
24.181039922232316,90.7585668734618,4.446156462174512,1.0960513945517982,19.58003681026654,57.17543356529427,921.0010092824677,778.6946753540468,0.0691873247560388
30.153344774207117,88.6705719642091,5.969647145187361,1.1444760656569717,24.363426712619834,82.25785966503764,977.4064139844917,242.83630382007354,0.08286677638664339
30.608701434660606,93.76821218036093,1.9226875881659402,1.069259561690115,13.515234587786999,82.66387754902759,879.8731585605161,1163.692556616219,0.04002991266416268
33.754357685669966,95.29844636912998,7.802712311342904,1.128942802135482,28.008196017745348,68.71913118010723,975.9521513464662,263.216123766238,0.102967934947478
32.47186457630825,73.48615709802462,4.00904236565528,1.1032604461322224,23.961960597455874,73.68245524955478,940.9359964392638,636.6084404106913,0.06021535446682485
20.018276073064534,79.32159554054746,8.948866415116363,1.062430463552168,30.00170996975831,69.8940969834181,924.5330418340433,745.4043945370162,0.11831845080537162
26.842846467678044,87.91769276690934,4.34971202766072,1.0343301628649508,24.648506725488577,62.90058238960878,884.1859410534179,1186.7945796918018,0.06941005865814928
22.01382247799029,69.30570398748202,5.4534644184511984,1.0021588791090748,17.236048153868452,72.18214299935906,835.3610561414645,1667.2324307383615,0.0787858890670324
11.42088252618382,88.79140227919964,6.766549416274492,1.1182715571290156,27.04863636594696,63.82386777001096,963.6468228100282,391.01106032302795,0.10305975576685157
31.828746680146818,68.14161976003618,3.1584784204760776,1.1441985598085347,13.236542580720265,100.0,940.6236696199195,598.3463391226322,0.05440773201850978
25.451142361314695,94.50856581175847,5.640069302438018,1.0605455723234591,19.18672731746031,84.27131129233864,889.9684599438409,1114.445080233442,0.07694967213086532
9.682150910371465,88.82691404250649,5.004186023225733,0.9577644135124334,27.33542037868039,70.04402858317765,826.1216447784427,1762.1308950329094,0.07394599365665654
27.629180091260203,84.3994760014845,1.8135969202400817,1.130340658898752,21.294763393366495,86.2535083759403,955.3776657637477,425.2452670334698,0.029751543375935163
16.20993004101595,80.43812819673553,7.042057882320479,1.1380085574423613,28.1734147511307,80.17549211929267,984.329062796108,253.89112498707493,0.10758652946891012
10.008691052783742,96.65271828784593,1.3266676511469155,1.1339339272785,29.929274265473783,52.74426493851831,986.5199858213922,150.66218646720887,0.030333377752469574
25.591078525825694,89.3588402674247,7.169642761977833,1.1580118789250322,27.598830928549734,65.9522855392656,999.7211084420137,94.87950803906963,0.10607126360848032
29.23405096974806,91.41149576790286,2.9546003002721744,1.1377390357999462,27.872764094290453,67.82582116591084,983.1140392544542,292.2620198234428,0.055037614726717095
23.001244535323266,91.93616471680913,6.426950348169463,1.0970658645234077,17.521080799645077,81.3505229300691,915.3694781889978,968.4752934080382,0.10930083495759119
8.163799933532681,68.63437306534625,5.719761667387336,1.0563791670197007,23.05401749957518,69.12226029737305,898.1992174001546,1007.5540964661003,0.08739435203486684
24.7295993713355,69.58584716680554,8.901694766734328,1.0763153145141435,27.71190427193113,67.11635585876945,929.5411481892045,682.0993443207518,0.12309198616693395
8.19166318422084,73.75258458588338,4.95223903307835,1.0963407899183177,32.869491035649204,59.87786800213216,963.0671309995994,410.43791220482217,0.06720863837806057
34.86584073761642,87.00131028652488,6.880623689340074,1.1124357551865687,18.78764511091793,84.83800004820854,932.2382958031684,705.1948244784912,0.10721440847698299
15.751849574026508,86.094526689783,6.168007856384714,1.0802189754303573,32.34405479007238,50.42575721966878,947.275848130017,544.0076907995962,0.08579858094036588
33.2591915014137,77.42974308930373,2.5531382905623965,1.1493833990421718,17.707998111158815,70.83085360651545,959.6388699333356,426.033034029446,0.033114359998749406
8.351169369889245,96.21696413205933,5.426476187675464,1.0680949643161726,31.91340007877619,46.72386000089564,935.3235593710563,659.5551858892788,0.07750298091958935
10.819278804272939,70.70009262171561,4.078559938535972,1.1141020318405361,29.630043134017125,56.462575374705466,968.3093213725009,396.4158263158919,0.06753067816132989
21.090840833477053,90.52488356037571,4.7020778915459225,1.0889096604245327,26.49451669242783,72.12561297901954,936.6127927640007,657.2200873156468,0.0641571675347602
29.999613992527404,81.94543647087207,2.944901661283643,1.1228257147239353,13.936900878499422,81.10571228465687,925.3107912647978,733.6296479566947,0.051091788326024436
35.334289314518465,80.14619179920331,1.5202771620482265,1.0923929475950698,17.668097327304782,72.00041495048009,911.9314975949926,863.7985554884516,0.03355028600593978
23.111749639884465,68.74138480265205,3.3777179957804386,1.1488375913838342,29.429544664363014,78.13917019632368,997.8381463788984,115.28885163109,0.05768866474812209
18.308360696331288,89.1061896069864,5.910075596642075,1.034526723994864,22.355757372156408,85.39139871248341,877.5453320070907,1174.3876214905256,0.09755312757670538
9.292081657598251,90.37568981224226,2.253848404057199,1.0824703403423308,33.56352729120094,63.31325754335961,953.0393571946025,491.6895745070367,0.02787294880150873
24.927574680422637,77.2497674068717,2.811556912527877,0.9868431320217484,20.863695016225453,75.39974205258429,832.8706977004553,1679.5114778414975,0.06693200150284262
19.02126917045748,82.99192324727953,8.620010775216812,1.0695255731660278,20.62933996014622,68.53401760566366,901.9330969339787,972.9208257553151,0.1184475432956705
34.36487105557619,85.58682157381101,11.69965925227924,1.1401704776876416,24.881639269329092,76.3517297259849,975.4254059160583,260.4389692033806,0.15005586367927082
21.92171746236002,78.66171204304497,3.6980889594852475,1.099276766583419,20.623325429882946,61.12306739883547,927.0033601308083,787.6809144343871,0.061883733176704085
30.1979625107635,85.85187817862149,2.6974816499966314,1.0607258270953954,18.890061022149197,92.2353053782883,889.2164201328599,1117.1164037579747,0.030181318895169527
32.59810531823197,80.58968472308568,3.076744302376111,1.1210365095981658,23.903013801979615,82.16774296589652,955.9069507745979,442.67234742700936,0.043236250366599546
10.850050738654874,93.46402580936665,6.424733871014347,1.1361694100807134,28.234906709616677,55.7463017638573,982.9388287507209,243.6211230120624,0.08918912995821568
20.7845429249311,88.83688357402781,1.0,1.1328889230160561,29.83304514432594,58.726683643965025,985.2978982850649,208.85723144022046,0.03917386587165133
33.917805499357044,71.20449951116348,6.011624529666627,1.1796475232335069,21.73551047135179,76.497630310502,998.54488999094,146.198394236256,0.0769357086955076
20.309203651271055,91.18849232610364,5.344623324197957,1.1664889685773547,26.774527367891462,65.37531980563978,1004.279318034082,62.52646198777003,0.07382277467728529
24.389474032054178,77.78766331045526,1.5530371864372843,1.1096337954563362,26.589172871771225,74.33357447697664,954.7399151609244,499.07736127149315,0.03682396850372006
33.32001447166658,95.13148423892825,8.742887433945574,1.1703107656781504,20.517528627149616,69.54376649083422,986.5498351232658,218.75791278613704,0.12800253665552075
14.745214014003988,85.49776711356355,4.326966334968209,1.1284475353801924,26.27435346004853,84.35607015916662,969.9076674811671,317.385871160131,0.07345423084933929
33.94286822188044,68.7997608585831,3.47941026586434,1.0005090683923819,17.008592567771473,75.677055129573,833.3325872722982,1705.8119457767698,0.04517814410490638
19.513824214498847,89.29651844793074,3.3550442327260583,1.0877739664926211,25.0793795872996,94.14998559897774,931.2171926162551,736.075565566768,0.04016383618557792
25.19796653111289,71.79129670016034,5.405336751609703,1.159759888940445,21.296939387464143,78.61889539990341,980.2504007810195,253.56897345607715,0.08829743411966011
17.513144979909743,93.44075700576109,9.589579049016082,0.928075753268641,19.046259058308515,60.67357527670271,778.430739986153,2231.8440556479513,0.14049846060164953
23.28645255902811,95.50157891916467,6.0170497653914525,1.108720263459446,22.70921169182574,92.46851765045446,941.6054867975897,653.4543692973477,0.08526318893472395
9.429288287652573,88.16241973785091,3.9510925047943317,0.951857521032488,15.8609806512616,87.38410309282204,789.6746365675391,2104.954738229267,0.04777197084366629
9.892539281924137,83.45331052476237,5.319057371545216,1.035030196756265,16.358758142264783,79.85034555122445,860.1548186541459,1442.8180125961421,0.07383079113658211
20.02696009618998,85.45982722715642,2.8421083271232335,1.0972653509828245,27.680395742923725,74.59005754193768,947.5350422523105,670.0685190845018,0.05421388618881084
17.713605779573776,80.43679996468204,8.371669425740777,1.118543456275628,24.244641358311824,58.638283403009844,954.8780277295448,495.97373675044076,0.11493490522939183
25.85796249797814,70.42390067842311,11.401594095973685,1.0812307375140353,17.46178527910577,57.23298920126332,901.9729340525977,959.39892211773,0.1553652349244639
9.09939484427038,94.93646146619518,5.020970717086316,1.0727697105939276,30.95976166614563,65.4106697586845,936.4805535092765,628.943104919618,0.08445456628382367
12.862391422369848,77.54640950787882,3.242212584858274,1.0980452891413095,31.692967733530217,79.10262597802054,960.8560606380337,370.4283429278162,0.056094806487815986
14.078164929647972,77.07258543731169,2.438747860444179,1.1352528601820977,26.598821781703283,72.83791318549376,976.8142559965979,352.0852495226735,0.027029331134499457
20.77426128736421,73.54841849915188,11.946159452107576,1.0413989256627854,25.068218719448506,87.04396187047749,891.4832689728285,1066.451968131992,0.13535396928990265
15.15820810898963,96.7798392161994,8.12482641759635,1.11435792761886,35.3408873768092,75.97358666815546,986.7995586774622,253.0697580639686,0.10602798788786072
11.99221788842419,95.33436868112845,8.693803841593725,1.0339597726002345,29.505234041721494,67.05242323864948,898.2841382382311,1056.2465850405554,0.1111282794606518
25.329636539690696,78.13353872575898,1.0,1.0947242455561232,27.377424817794388,80.17337184081617,944.3886230638625,555.0622798174559,0.029999940085332945
29.572287356293437,75.54015604740238,4.910077850160734,1.1594084030309644,25.87012254288527,84.61686807852762,995.1733985432137,120.3273748016028,0.07906760710321004
27.87277393711943,91.35571636078845,5.861991526516516,1.069827961139495,18.226719566915385,73.93947659233046,894.8097215859743,1114.4424897510082,0.06894798847083085
16.009222761598114,80.25569145568805,8.277532852456428,1.133807484515063,28.67520235188874,65.28960274822967,982.3284446237234,258.9852538102753,0.12464059938554053
32.778900254641954,96.06585345255614,7.259566063465417,1.1441906222666998,24.10762966617752,72.02916410700816,976.3224913575473,290.3300092810138,0.10485174849284933
25.742843203394663,94.13528515867071,2.719452393175471,1.1335730490354703,20.463813986884723,49.05625193192755,955.4058500407368,458.9425026604074,0.05346703432425587
25.82533432921529,90.02408892554558,6.664319696757496,1.1258080981394596,21.54694016076569,75.22146090322244,952.3616410184068,517.6745168649298,0.104444342653959
14.172605099777261,70.60780441331664,4.551578411082073,1.1086138375821868,22.716649278957927,78.80272533557759,941.5387709326628,673.2814178620465,0.06345765886704882
15.024173732748451,88.36170436010951,8.569399325479855,1.0454144510763788,24.995241230135264,71.44844205306032,894.7017377023251,1075.3096383795028,0.1300342823312078
21.76775630570504,96.63037721896539,2.861998299869991,1.0555337490493995,22.3250042870642,75.31924120266879,895.2715242347564,1050.907128854275,0.04784205649905014
14.896809900176951,78.82548345652924,7.331237311366943,1.1373738023453774,26.76841475585187,68.32734591490865,979.1928924274918,343.26263044672606,0.12047153407243398
27.954254358075918,93.56550108843011,1.0,1.1360116653275911,26.561991576019597,48.936386997243225,977.3470588696681,352.5861691321757,0.020391025607015986
16.94808085541699,79.8361133410396,5.851175135974451,1.0679449299755146,20.95057254476316,89.46054682769943,901.5848971956663,997.2996763426618,0.09988491560026774
12.405568464879126,96.16839602057208,11.61350272770562,1.1537378309662447,28.267532841676786,64.03443853680908,998.2459200907105,220.1689958472999,0.13527630559613424
12.396801759430701,86.95414977603915,8.509800561235839,1.0867004030434337,30.673732211018,59.850686176985676,947.749190805973,554.8277713197953,0.14311956558668
11.68960558262366,70.79851400449999,1.0,1.006328446993068,26.460992898358157,82.55713275566757,865.4846966727595,1372.3487480169958,0.015921515775951054
20.75275229002486,81.89232642504408,9.739766996661778,1.13274451490052,24.03112378174253,80.46521803739238,966.3069169908242,386.3723847703736,0.14467540661151088
8.088161054081052,69.44213384853381,5.435161808598882,1.1375862422296434,33.00253525387941,67.12888388204219,999.7331455463382,143.78936523699127,0.07747431910621115
23.728796360773394,79.45719598689713,2.5147717497444186,1.1515600581007301,23.80420602786522,78.5307530114903,981.6077389769317,259.04892058783275,0.05512428657662041
16.650784764666962,94.54605521009135,2.8983307865557677,1.1370514403707825,27.9374805341171,56.3938802692132,982.7311223299331,273.7876995862583,0.05173626197853601
24.021886097846224,74.73386363995951,5.054723912236341,1.15568622183108,26.58153520538007,68.08398161603846,994.3385418105311,240.38614047140692,0.06766496984814135
35.12733698980591,95.56646556436999,2.9836358310483986,1.1365363145782799,22.733765313335777,84.53420537523745,965.3089956918764,442.12755611332636,0.025181417836804967
33.202380695321025,70.89776829441908,8.32963580951635,0.9669723221548119,12.864522930646096,71.72341575724604,793.8967589766012,2077.886811078479,0.1372906323407695
24.71646535821521,87.27953486515096,6.208134867933777,1.0819611038721504,23.531943523813098,61.044306483393314,921.4349127834346,772.796770405384,0.09093669378751996
20.124039066523025,96.00488112836453,8.98184213564789,1.1278965979580564,22.864799162290993,72.2806801147632,958.3951571299824,476.04869218415496,0.0954337027871858
28.25251746139269,86.97045363826427,5.516347278878506,1.1128707205334318,24.22809305176573,71.56090497474193,949.9824634234795,508.0592924448875,0.0858583750271941
34.77104064611112,94.07111465890321,6.550670381776585,1.1511522476691554,23.650291507559594,77.42051694310847,980.7515174657995,305.50671998173533,0.10328847857669195
22.196864970246942,96.73988376472813,3.3167514360465407,1.110512174541073,27.258405019752594,54.63759211377673,957.6290307729289,506.58263848706235,0.04921557463365069
10.87992399847424,86.61345964523146,3.3883342658355042,1.0202298946663257,22.04104785742748,46.57749879579447,864.4962773967565,1332.069700782312,0.04743336265097976
30.21655781229571,90.6856515714276,3.4455760430717595,1.115367988201781,24.7574365793521,79.38211366884222,953.8090089107948,568.9208393492045,0.0578595336925147
8.30389546293714,68.92757061961238,2.374973788020504,1.0604859946256755,22.863327025662095,60.66585134998905,901.1106059927132,1046.434162829905,0.05559020760263807
30.174515909579537,80.39200097705228,2.393201525168436,1.08201028615771,18.431015483442025,68.4983855497787,905.6336133601427,952.5749143454987,0.0454283280849828
10.462581512710528,76.35969525164245,6.210040202321406,0.9527446616896482,19.419196564931262,52.07420758500855,800.141918033748,2015.3904431229269,0.10098507532197118
11.09188065662232,91.90137468591755,2.333130382346309,1.0644750466828699,22.68663133257916,81.84848488745016,903.9602499592812,940.6638750155221,0.05449400771394422
30.669499230334257,87.64976236485786,3.241872123023912,0.9810840593394249,12.846229839604522,82.01102135300215,805.4311598196533,1924.552065877346,0.04929713951383459
27.996129441966755,85.81801244902547,5.813396670369236,1.0507331302706577,20.262246837712166,76.41837265411097,884.9781800528071,1100.591766772312,0.06882751636061885
24.295190750762497,95.01520194674862,1.9815518615353203,1.1171207145437911,17.978342383290148,77.94971117359226,933.5691508940866,673.5040514071617,0.03827553538677404
31.796970588595613,70.57716634736182,4.046897491584924,1.1559648538641878,21.98537324726907,51.508617186596794,979.3271494154067,283.60364923498815,0.07175653951889492
32.68968681156913,95.6613968942226,1.4088010008306746,1.0818561950936,13.060110965207663,68.50626244027558,888.8253001815182,1042.2159756588617,0.03321023262657079
21.267855414032315,70.92217650790741,5.259496379809403,1.0308279529008146,28.05956096195976,63.34103622216621,891.2854968137134,1103.550999346627,0.08363304346165022
36.89266192458159,78.06350885959301,1.1693683807966888,1.069764254523283,16.98223662627796,68.12500665024209,890.9348924628958,1123.8008918200721,0.03800954796675596
18.369818249534113,86.2779362791183,1.0,1.1617878837122786,29.80382035094645,63.92221025787543,1010.3344837801541,24.03851886827272,0.03541222204552721
12.973725232003149,77.90280991215681,5.202810390541604,1.1013238760265618,29.88527454653763,69.04230484421161,958.0102141045387,378.35697620644777,0.07597015542677284
32.53331685047686,87.7935520705366,7.074675552899417,1.091576840467255,21.832672166648646,82.28151264589785,924.2994999972912,765.7048045811582,0.10609224659873079
20.051538107220576,90.48713995667143,1.6056544480293438,1.1056133691144348,29.50563358244381,52.04401622188233,960.5366571313164,401.7987715887619,0.05804109676507455
33.36048988562982,92.02666906829884,6.550847234520807,1.1619968431210639,17.530859447784003,75.14004451856643,969.5791852393877,350.3845509669281,0.08182127650117149
9.773823990221716,73.200967326216,6.115750788347225,1.1125920645607281,34.683050105688196,70.33730171525603,983.1348775209779,304.44071500241193,0.09254812101305905
11.220511233692607,73.28022418947656,2.9583848431286226,1.117492467597702,35.06451643534163,53.71400679554266,988.6887528892263,124.29675248628692,0.06806316677836105
9.16790717549491,69.51710680993838,3.582683817879016,1.0696952743120398,28.17218458311328,65.85114305414191,925.2371973009552,736.6680121484789,0.04658716408306498
25.45831784876989,82.23470332829797,7.189175529785713,1.1432366187825014,24.749620120033914,74.84078707084974,977.6152689436378,330.6304268078373,0.11382820583936276
32.12406125237849,71.98847494653354,10.873603987299319,1.1743087160326735,13.126667233401982,78.42342153141377,965.0062736237236,386.9381563988889,0.15332084987584374
19.67716272465148,77.23931275022623,6.534925882259154,1.1246370562304415,22.524669197771825,78.47470916722035,954.5274200449005,476.05839366589885,0.08063976072493446
10.630168040459688,92.37259525921561,5.449763832254691,1.0692807911441602,28.89335377665273,68.22163382683905,927.0922460507769,823.7725396626424,0.08784920686556301
18.83059599549765,95.51110933881282,7.578841535431123,1.0818311813867656,29.04910955674968,64.04699791363278,938.4574254959584,660.3390406259696,0.10393787485516515
18.093337837852168,91.84020247306333,5.300472733389874,1.0909492344159624,28.02561976450987,56.15496861620435,943.1619123777956,638.0371264320444,0.07897969186805884
26.660685818159326,68.01880311171121,3.4917654519207377,1.174645411892365,26.13725600436301,71.67560636108253,1009.1527568372494,50.726460324392896,0.05714100052762282
26.91239723509368,84.47270299882439,5.908328576850201,1.0413107081673356,25.995582766093378,70.30281983865834,894.1797462127041,1060.4493838881951,0.0985161550815688
10.987687800289239,72.83314375744119,7.1111102044490115,0.9822138920882137,25.49815601486985,59.7229705115351,842.0304746497559,1611.9466540217222,0.09692852901204027
20.185126548240294,78.89666042499597,1.0,1.1119464407447406,24.00229538026789,76.51895148226512,948.4727505167427,625.2385119355491,0.023975257875835897
26.6329212777442,80.40964938021008,6.6908074134269935,1.120405350094603,31.94632197533705,77.81680968066426,981.2372934784438,213.08125555212004,0.0917149333428714
15.506975066511007,95.34528197654909,7.528937211890934,1.1340321403077622,25.13625139242098,63.30369334566521,971.0028384851461,357.96760503006055,0.1042083111930332
19.80532830932585,86.3784232248281,5.662502849579817,1.159486195432413,23.320625688963272,63.89924057494612,986.7545829203489,221.99812352671893,0.07518926485862483
25.797153017705547,75.7619965074251,8.040934644178948,1.0186003202019953,16.785689505050918,68.10853177725117,847.7491950679172,1486.9984628967288,0.10557788476051247
19.683250336102155,86.64105037836974,7.49623063595132,1.1374558369597043,24.52353635610666,53.54690902885275,971.9337663014979,385.23424869930506,0.10850513898724116
8.894968175401468,95.60409884906376,6.15065487142023,1.0871176371872873,27.912171277373997,88.00629697458916,939.4953414606664,646.6325029624653,0.09371520177248648
14.455863867455669,69.71561459867051,3.856696269233925,1.109206880121319,30.568031347220124,61.61352425178822,967.041319068002,461.1147313956235,0.07456293653926467
30.506346519500187,91.6636423674361,1.0,1.0991241516610302,20.439315325356123,64.60793749810833,926.29409799567,796.9207796674629,0.030633513545248472
15.206618283750888,74.29002911571004,6.817810265537196,1.1378694554031852,29.04709387730338,55.89928381599421,987.0624321927022,267.6165700874095,0.09445510955257323
31.71363193587381,72.44013060985475,2.899364647603284,1.1070535088802376,21.3081920862722,68.70459087566965,935.7377575690376,628.0801974664466,0.04114358109949695
21.540326945352895,94.06714064153005,6.079782408337898,1.1492578299981833,19.194317879918597,67.11188381742382,964.4373659722173,388.26520171392144,0.0936299926080663
21.71471297872106,68.05363425293902,7.668039562305006,1.0573646696121306,16.907047720722378,90.04579846309989,880.3798968595983,1157.836868828508,0.10581370702844561
30.344970244609957,89.49148647081388,3.9984525912866253,1.1864935950611988,23.87711805578805,58.29863920031031,1011.6339587210091,57.7014270517,0.06598306650713373
19.115511877460957,70.52962388679225,2.2078309578044464,1.1242955723468513,24.24066905098272,55.146189351428724,959.7756734878933,423.3525646437883,0.046098133835539866
14.915937172418758,85.92186355617787,3.4851247611992138,1.0417932172336961,23.58558771045256,76.50792942555732,887.3869957551955,1083.0786362937538,0.06151918446384875
11.045938924805561,86.00601014032648,6.136070007588907,1.0281084929815598,30.360329979609602,65.17570405118019,895.7242322632078,997.6627559221206,0.0902432821320736
27.485386408894275,93.02050543525239,3.304857677424717,1.1767207086100622,25.35246495881009,67.52382616604177,1008.2847950177581,134.05021764955376,0.05650473235495146
21.628333653993618,91.85558841965691,2.1503243070323923,1.0825717827596066,18.92525307362045,79.84868531151032,907.6394510602424,923.0542490521377,0.033517227126742585
31.472799540303676,87.8697659494951,2.9554056918302236,1.1674910814620012,21.128014960307198,74.0775059007303,986.2188277198557,246.20097313208205,0.047611753057062355
21.272566548654886,79.03588012220703,6.905759309255872,1.1100198450796324,31.803907763988782,64.769088696605,971.6880146404995,313.7369451597945,0.10700035143271933
20.029509578330384,72.82576666437953,3.5185479699702062,1.042576809757659,27.331699590189395,54.31134926763102,899.2656144510254,1042.5756619620026,0.05251401754840505
16.66671043816738,86.43480485687925,4.335425141106969,1.1021214346980537,29.455953895825633,50.19988077620377,957.3457582327239,416.38829296040495,0.054878316809850614
13.783408315270377,82.41212416252947,3.355544012962126,1.1590722916196319,25.73952309131183,62.478050023176245,994.4503746979299,124.80579770959129,0.0698844437192568
32.08267139480547,70.26032560616024,6.097884776390406,1.1554234364007023,24.528476969149057,59.48641671260637,987.3031150268275,193.83380799691295,0.08166353548639775
10.761129757456224,95.71129482359673,5.95484442986926,1.0905226589673174,30.025865887122016,69.17395186424646,949.0546474392061,559.804999203402,0.08776335102195985
34.16170397719773,77.11816607744255,2.3104163905579944,1.13726736865336,21.68694657644918,54.331988289387944,962.512510062533,405.51294278372177,0.050004648598391245
8.780365385883165,68.06208218477686,3.1895064343631145,1.121889313556462,28.819763535193264,62.85456459601238,972.4681131905985,399.5125688199244,0.05521294037442901
23.145317721734045,94.1490188112858,1.0,1.0914387843769227,22.088946137582944,70.30698912037418,924.9855081328707,787.0499213668174,0.01
9.691528302381444,84.73447551624932,5.415758775393057,1.0822614853133847,26.559701133993325,68.51165641088848,931.0969494792369,688.1865397686588,0.0846118298301855
30.608606517979354,89.2587595329592,7.566208950929887,1.151975400785904,19.278023112595108,77.99502644827884,966.9946992094764,428.9571218391743,0.12186840193598988
14.133399197714287,72.42732096856616,7.031775241455846,1.0343347166500672,29.095339053565134,63.86786072759483,897.3928682360844,1009.3224556065992,0.10652666667697075
24.41175471085953,79.73356454675522,5.410843730812182,1.0737904229390627,25.351724820557806,63.07887258600515,920.0856788163836,791.8504026217406,0.059153897637963394
34.576936975137386,86.70677566459865,5.224681384433567,1.1213858686722638,19.09148565098306,86.58076154880978,940.7166824424555,658.633013328154,0.10086019590339773
26.82850913276036,75.27797653673213,10.754166816469535,1.1215715658871497,25.53329038188874,66.42636984721955,961.6118738707911,355.5443911247405,0.12665529872314954
13.171278984243548,88.34346941034057,1.709429172052924,1.037163037193039,25.836887300484005,83.6054825652042,890.1456471465506,1120.3779543670596,0.024093846583980803
31.10365529389212,74.7748327575424,3.1192287896678783,1.1085845397897813,29.767965531255054,63.411151633677974,963.9527547946306,395.73429835181446,0.061757057605080885
20.80290859744213,74.06470698705631,6.850466913687265,1.1083063203865795,28.786135354786865,67.18700861895123,960.5872141473036,425.0921131425837,0.10323320708476774
8.382125411939944,68.3371148575511,6.493779451023764,0.994011425199259,26.51399790452506,67.55272799181517,855.0427822433412,1509.427842913379,0.09179904722066101
22.116184133127216,76.1752956152459,4.89911015881015,1.1387731702436905,26.824342112268088,71.03514660773558,980.5804623169169,258.15608005756485,0.0705084545910681
31.562055640636867,75.15536696886473,3.6550579652487514,1.1643595316499464,22.119529452325878,67.81784743441236,986.8874688414778,255.07986637011473,0.07535004881478158
20.46877129417478,90.1663401437301,5.68426814617681,1.1054260874799149,30.35500331985194,67.21284741356114,963.069134106275,438.17624752862275,0.08405324021677679
29.99441346391978,84.5215872788697,6.079474663386521,1.1518081855676394,26.19088533550951,84.47452053109961,989.7103209172197,211.31438413618687,0.07509977143142191
28.460250651497752,73.15691002822965,3.6251805319790056,1.163473674141782,22.251773392223818,82.41227652268894,986.5783003030148,216.41883626479523,0.07397937610778617
21.25045720281026,84.47569665751628,5.938235196410284,1.0052584074920923,21.04194380761363,83.3280227708658,848.9270842761305,1480.3326390703824,0.08685942451135793
17.375194965737975,74.53786412666835,4.980020861026567,1.1137916689646716,29.834942798192607,53.19623432299018,968.6946722138819,432.64953817692316,0.08757406747413865
29.06966004530253,80.33956612157166,5.317548539203977,1.133406932230547,15.490695325772299,64.85531385494826,939.085914273408,674.5717982488718,0.08678827667192239
18.6986341144126,93.75803378986684,3.9425084226915494,1.1579665308425962,25.805081743669444,71.61395200700129,993.7195794557144,147.20598975535762,0.08921532445963336
12.9325260951309,88.85843036597831,6.456028351009241,1.1228674351638241,31.127865851950975,73.41787315819367,980.7554906464841,239.00741547882137,0.09074472762312785
17.305028784311403,86.88190048433546,5.122282718695946,1.0102373291586706,14.462886679165788,72.18462380016945,834.0530077010861,1617.8282224731593,0.07518544491232365
33.428336594913404,76.16302003034203,2.614313829051682,1.1879460291666573,17.72257664231637,68.1183477128165,991.8851494940548,213.18534196800957,0.057458453263217815
16.21828425198418,71.61286828200078,4.398875571579492,1.0950516783758018,25.372124083866687,83.67794316802296,938.3676735479597,690.0152011260109,0.06585013435216087
14.813855510497348,89.8355205446981,3.6655664457747386,1.1557936619751121,32.163868873125466,71.84405845634858,1012.9517077331028,20.985745914214558,0.06885504986029041
11.869182051186304,84.4688211518859,1.0,1.128455215304121,32.641276105554425,75.23097353340697,990.5384062014183,136.3102162056207,0.01
9.600157492463996,86.06004492490288,6.575867755366504,1.0929479001915643,34.8238472271784,58.70880635664287,966.2181652515269,427.2160514222643,0.09180909389829903
36.32407827178932,96.27828626199538,3.106036766780913,1.086053080213496,17.60451159849819,69.97663600789284,906.4407340098352,988.1421116740081,0.05207410892111126
23.566527990557702,78.10130668484894,3.544247558313491,1.1176970559632362,23.414490130283678,80.598762955433,951.4920309618243,536.5444187732602,0.05791973024377759
29.15968935800023,91.22167834692046,2.1262585146310538,1.153363856881701,19.126417188286847,71.48424936564022,967.6582698020762,457.60212965788844,0.03459674839693921
30.41622995919245,84.20974838529466,3.734965747599496,1.0870744549844107,19.176170160489296,67.96811059373711,912.197519688325,837.3777507520399,0.06974305100618927
18.217192846893703,74.82253843188133,4.556517073149964,1.0919729803030322,28.018476204755512,58.75510229281899,944.0245829877822,621.3490371369788,0.06564294604917116
31.16827139467541,69.53376162761116,5.259212856473656,1.1582270926966396,26.74053380314,63.66867494140618,997.0533030587113,101.45630319749407,0.08311011105930292
35.88304308818141,85.86431586767986,5.270347525032707,1.1339001359088317,21.17264623300292,81.42998315148472,957.9887007210122,510.35761771984414,0.08013953798051389
29.511093656975493,76.63086795494962,5.629400290061917,1.136527987808469,25.141860994376405,54.80404873665698,973.1581820662952,361.76683859438697,0.08990228519353505
28.64026067322059,88.16887204794537,2.5748799312871564,1.1234958027823136,27.13809201361151,74.7938602739112,968.4372027000928,444.4945713308436,0.06216304124795416
20.534779810878582,88.32108769041366,5.700200644305564,1.130402982321869,26.91878688256624,61.574661594742146,973.6794788070994,353.3092854976884,0.08751553575345651
32.39828364845505,81.20835356676051,6.504842639183988,1.109334934336911,25.66937871338054,67.42843095276419,951.5537999803031,515.5297538184833,0.10300212996413012
10.57628387857714,83.55551638834834,3.52903646923328,1.0832193270951858,25.875440995123203,67.92473549724019,929.7933581759819,707.1531882461262,0.059543719162050805
29.740827655016506,86.16985887236932,4.04422647011378,1.1621457674119702,24.37689454479416,68.22872510227097,992.5416358888496,165.6571070547649,0.06158500872445956
18.497812722142857,81.58954337020216,7.40755873702714,1.1357721060604011,26.31023070658533,66.21156220623558,976.3201508710305,295.50585851390156,0.1047982926605383
24.41324355813595,93.44374757252308,6.318355233900974,1.0810144607056367,24.923670781881153,65.60987111427121,924.9473645403311,818.3015613313812,0.08866527281375267
33.89594932701379,70.20210268224308,10.78502559383455,1.1053995880630514,15.741865073114617,70.76644270940574,916.6773717378061,891.8498871093681,0.1452337113364251
25.54556723867978,96.4147266234922,6.6384334513350085,1.0267993089331775,18.0463352090979,88.0653008232862,858.2886559235382,1341.2366384756174,0.09478170110670728
8.741864380511517,68.97007643084015,1.0,1.1134300519390454,24.092877180698267,70.8854791342105,950.0277589100696,544.7401356091231,0.020710255732551343
28.95554052016979,74.03479432099515,2.3154509769795166,1.1416912628857585,25.960958477777826,68.06784613330603,980.2636574700754,281.288432812055,0.043066526969194927
34.94171067990554,88.54092778497646,6.36383525249104,1.136190862704241,25.7112905973831,63.055569358310976,974.7266936178999,299.9135819710684,0.07844258192025885
26.61834641400622,70.46384752090671,1.743440411666516,1.1090683848406353,26.22540995535053,65.0627748199478,953.0953500316122,531.7154422745974,0.03559730459871307
32.981182246327634,75.60300984135795,2.1056426771966947,1.1559597006060573,25.46484380070167,63.262897255895155,990.8684168843913,238.27087558216527,0.04320956182358454
31.933576904916094,72.46532369241744,3.5832558970895017,1.0400196073510526,19.662917829603565,81.38939923842251,874.1654931939144,1279.7552402692743,0.07553414098946498
32.97747620653491,88.98357535067018,5.83305241777318,1.1440101110941465,24.448511660281078,62.85005097309398,977.287890718891,351.4088587902035,0.10105145295454732
17.97891167807597,84.7890683479942,6.222878415598433,1.0298121974721886,24.589067369809204,47.825194124651425,880.1480982463697,1160.250068397074,0.07847816093488301
21.750742286151755,69.86987974196983,3.7114238416795304,1.1389311317873156,29.15703965555747,67.67315261575862,988.3428492999205,211.15681952921597,0.06397271424709162
32.592971645862214,81.34389282664661,3.6719647338546384,1.1386550388277048,19.950057128060088,70.74105173465584,958.0098518242563,445.8927343609104,0.06366633111230761
34.401558673012204,74.04658491246532,1.0,1.1463195764039473,20.99074982026464,66.94859295774174,967.8828712614159,394.6873856035919,0.02733521376447052
12.258403478532646,96.06325934148965,6.775122405729219,1.1423147861728318,31.06190653687796,74.87222662366239,997.5252692885005,143.06367129352589,0.09662307393668443
13.264439008153033,71.12962047196251,1.9241287614195448,1.120328672270383,27.834531458648556,40.68063194846485,967.9468862508703,419.29991206655666,0.03640990787222406
18.058058401593094,85.34360008555703,5.232592593314816,1.1202250855533071,21.262608800238375,88.37861448953204,946.7244626619367,619.6903085165869,0.09837494855521006
30.338637017201382,81.97356983955773,3.497636635143831,1.1943639542400921,21.361532042178386,83.09370517495005,1009.7198466570436,52.486340186552965,0.056890715714589285
33.374453560478955,84.76445041295304,7.42071513804431,1.0951742503079314,20.48174834766641,66.88224352468534,923.0986906166388,754.5202085393958,0.10856318060176234
24.826964100697015,95.73829267047826,2.7521951794132753,1.0847179370637068,26.074777587507178,64.73981297191496,931.700383853231,658.8521172357699,0.023527578927578827
11.284777086403698,77.8971744566781,7.019838415938815,1.102413081700781,29.039978910332014,72.21588427739448,956.2827378680624,506.39580615096907,0.10879613727628777
16.808698669047814,89.71422482312128,3.2243504449852676,1.046763215124338,33.22740951988193,69.55297323449263,920.5917785451927,864.0019219189859,0.06357394510613674
32.853667187851315,80.9765278380899,7.34724933076432,1.0951672387489213,16.3071204375708,69.74619711798483,909.9689652396055,905.8014593692383,0.09375170884063325
18.079094369830432,87.16208682704053,4.175666871029494,0.8954411986834422,15.683510394961878,60.35377518488408,742.414679560142,2553.938833632427,0.055102370911973
10.981410049592476,78.60406884283275,3.59673635285949,1.135823278548294,35.21492285225298,83.98648121544295,1005.3971165170549,135.86524372299615,0.06239310836590001
16.75998551727927,74.58654395231716,1.0,1.0045785269299707,24.883848178655818,79.64254677429645,859.4317246444087,1407.8647089655292,0.02558196275202359
31.394484216694444,70.424874421948,3.183144758938769,1.064376359795107,20.841709063078348,74.47933393878866,898.2396109880684,1022.5703410670752,0.058042723806310675
22.310906457555127,70.95078628830545,1.9052509289025075,1.0806490399844901,27.450819788713392,70.04217864030107,932.474002430017,658.5208121114407,0.0356600717006171
12.975610490948299,95.82347924414198,5.750812904768234,1.1339168264152617,30.335538395143942,72.47829340836445,987.8274738167634,214.86349599954164,0.10474214432261991
17.0663388048182,90.86524197056906,5.458752955267772,1.1071299499091796,32.78305185508681,71.96249656188932,972.270028475433,372.06246628141173,0.07388000671155515
35.65385711053458,75.10381824915922,4.265214950061777,1.139300637615809,25.388371287018646,48.86447332420727,976.3384644113406,330.37600722617293,0.09552734565969775
20.526767154860167,83.34526986828642,2.8423996382820422,1.122735880212042,23.454895488163732,67.57285336463212,955.9117866192179,467.3422009172618,0.06346011123923713
20.806378389376697,88.71274900615195,2.6294633147867197,1.072653794270181,24.639810861057846,65.70383283521625,916.9197071379023,840.4434192605783,0.05530432647938929
12.439018459282185,78.22359915807229,10.99804175199917,1.0388274257395103,19.6079287933983,72.16010325960137,872.9994548661027,1232.754142878729,0.12800221343660895
16.83207483381426,80.75965368663375,7.074116288864231,0.9791880287953569,24.593461498569965,77.99251638241915,836.8935643375885,1680.113204883695,0.10661186016718122
31.625897855261346,88.83307566760848,6.209517002711621,1.1429860148629096,23.357183347793264,53.24916968197161,972.8324210228841,374.4077876600781,0.09809316878523289
30.799770257694636,74.59617512784088,3.338119541302955,1.0994013814529295,25.75988879845565,55.97665398544727,943.3187375960138,584.4183572587107,0.035093371912494085
20.6294651693484,83.26398639553308,3.1539696706356635,1.136127483392083,26.935239883642737,61.82788171609381,978.6639705462591,252.72913213030574,0.041135457477178214
33.91591560255661,74.09255697890073,3.7566312800871096,1.0928082495750773,12.230589479690202,80.48203862888246,895.2210701753069,1055.006260519842,0.06469010211245262
19.027508594821846,68.08925042945026,8.921115236383166,1.0598485180621977,33.11681356643542,72.63948663689895,931.7633776838472,689.2768414311514,0.11920743437858809
33.06555781483608,88.01764833138512,4.962207007999041,1.1331089617130345,22.213756041828173,88.26360496633185,960.7066045168447,434.42739409015326,0.07162497085187122
8.915400966956378,88.51068092901603,3.4571203528430874,1.145055606850975,29.114554198819913,64.25627006198258,993.5179065928481,127.40493208999278,0.06987660438420092
18.06967841666161,96.87595825931069,1.386932227786669,1.0825400813521011,29.57001184400601,75.10580080544565,940.6910601020928,590.4812625558491,0.023531596289809806
32.79698586257523,73.2494478874492,6.900953682830165,1.0919419296206583,26.8071675987527,75.83660746353061,940.2009521756011,636.9098655131431,0.09426729265242113
34.137977282755514,89.44782942690645,5.8791848415536405,1.1783377551281333,22.902104915975244,76.88521806951863,1001.382151150089,90.38141861488096,0.08268005287231812
29.93629719539109,95.4910553065165,5.573948785685406,1.1752940057275234,24.215195385043224,70.30655383208773,1003.225486845702,168.22889406483,0.09049789817884786
27.42610868997532,86.69282976752207,3.842041079389819,1.113126502272648,23.63611193173111,66.95940226338318,948.3092724421748,579.8147884853773,0.04555370602264717
31.649642374406678,95.93107625363247,3.9632594445960527,1.0200288583017316,12.087975686305189,68.38442371356024,835.1831125148301,1583.6229313326955,0.05643326056570053
28.519187458441753,96.83878857305575,4.355876849685224,1.0558866049766558,17.15818345838221,64.17334291791522,879.9104155597619,1131.3497637365106,0.04996946813889548
15.372407679490172,91.24710765137463,7.293755085623937,1.0945729159067388,33.30083564534857,67.66023328323605,962.8694498043651,444.09987665415645,0.09883307592959618
21.520870120151056,96.97929135247043,1.0,1.1254250197834321,25.710897353486747,68.95814674974014,965.4895150456252,393.3631317936399,0.03624324069107816
27.160444938698628,86.14890931992508,2.387831527359223,1.1610829728660421,22.252906009123482,67.7678920152117,984.5548578917502,288.0445547093945,0.05414543246676305
25.046279956430826,82.41461508579664,7.655086658302374,1.1515658140983924,24.298554902732167,77.13909783105558,983.2467664882627,263.1869039045362,0.10238203099490556
33.66783060656876,94.61145137673635,3.458739510586601,1.1178516308579913,24.93620003890075,68.03976830188174,956.5065212463912,416.42171846509797,0.06362364258193824
21.741494571247024,92.09771940158556,3.0081902022663134,0.9863149753666901,11.053868532561836,70.63050048935443,804.6509198635632,1901.4862853544812,0.04708609746574707
13.161633962672983,71.19325012696834,4.541062003716757,1.109221186554896,29.811233983333747,63.967155521364546,964.6441102365119,391.0239702987092,0.08463022937203205
14.222879084973567,76.77895675716418,1.5822995372902615,1.0784096406513788,35.31226461380345,70.98771324241751,954.8775969030963,516.063990263864,0.030634122745383283
32.53564020691943,75.55870849246958,4.429632719153706,1.136394631260552,29.627391635337947,56.52569333350425,987.6760355178703,179.7203623512233,0.04076695794482882
8.252907672470249,92.80258812195355,4.915577228791931,1.0622011311129331,30.179573364525485,68.4670668202076,924.8757949589626,775.2528820943239,0.08295998408373816
33.204780497908175,74.7641152748973,4.677826531154673,1.1072764149279712,25.271535939699017,69.25566739827185,948.5235337451246,509.35311936084406,0.06801121882930432
9.612054482515559,76.81729840174876,3.023207799202554,1.0984151259344794,34.31937540036332,55.868338306051136,969.4608381254919,372.8140641908437,0.04757926014678903
19.358095574592756,83.04487097457641,5.054323530087444,1.1452570429771032,27.516791737745358,65.30472391318334,988.4400511579931,221.7198001133142,0.08161882837276745
31.20511059592324,70.20746511469905,7.156014713297628,1.148210949665216,26.206771287739173,53.438430010796026,986.671695861657,274.3035689634357,0.08932142591878064
19.82084592784957,95.87565963649962,8.741767815589862,1.1093339150379196,32.31057885432909,65.97899674354298,972.7009966123725,352.9790212142722,0.12102247755983789
31.848097424567523,82.24082051954127,1.0,1.152939854501168,18.833563489725016,60.669175723218885,966.3333238769865,371.38594705066004,0.0351831655838902
10.908666201247712,73.522577996848,5.434453224068743,1.1316227048443042,32.59346955901871,75.40894348091481,993.1634808967914,219.7416504982302,0.08475602694927538
22.83472456662041,75.8538013968885,6.975532262973738,1.1136980028365637,26.24857766954498,68.20627140097663,957.1479499444821,473.94917940058906,0.09437801473044756
24.891746521971267,91.14442866552768,1.7052600153452682,1.109883381764033,23.99298546847162,64.98677360637713,946.6833328591831,600.7327839601785,0.046928941272276654
33.83518931987999,86.38618792517426,6.084408119144858,1.0864909771175748,18.955683376212225,85.83661491721598,911.0202505411232,874.3167131376539,0.0788826672508061
10.715020783836607,81.47415470247847,7.902431383682479,0.9924627806974993,23.791381376253014,60.5275445943752,845.9542043506018,1525.5618778325759,0.10159784370133138
17.819419873206932,77.61643965425243,2.950985036453064,1.1479413609337985,30.18260088462377,58.895350322409975,999.5411833760862,87.88645888370952,0.05164874646786739
27.121094752008318,94.11984652725697,6.239226124416826,1.0921601353182913,25.856955240840357,51.107664711095296,937.4098460996603,667.7512457577113,0.09384020114526913
36.417972373942256,90.4043716684732,9.896862434779385,1.1425712923364302,22.24691966631605,85.02221927690654,968.8380124828032,406.05566541428374,0.13304405480388562
32.59995539477785,88.82524908314599,3.4357624578784085,1.1781858006036927,23.687367928126495,89.64749941624342,1003.9087884647588,61.502983278690316,0.07211059250266762
32.5483567891808,80.93401463389976,1.5930889458703146,1.1576106920596743,20.25357290795483,56.586559182511024,974.9668004126485,305.78964055980003,0.04004825024824552
22.998293353318857,96.45364437203455,4.523388683361468,1.0891530946892205,21.663778563046836,64.17763059970055,921.7191415310517,811.5818683017421,0.07096183667801291
24.36467454050845,88.59203860680287,6.8567661015668095,1.085078765677265,23.824958548689757,71.52066483099769,925.0026882070401,738.4839451282301,0.10068491778035138
32.898822728338914,80.28511702461311,1.8698167992669479,1.123376741982517,19.00910423301514,69.03668566680287,942.12114720289,559.6825997365435,0.04671816316029589
33.21914200144603,95.85600926821225,6.729188048424822,1.14484796907638,25.52997519190271,69.31586730423912,981.5576776891656,280.1593956225077,0.10075344458479944
31.26596239869124,93.97602489939949,9.634934760925443,1.040419981216142,18.764431437583447,73.1889185765885,871.8186391565582,1263.7745241488637,0.11198664823609876
31.738566980352694,89.45899061278567,11.046880550159841,1.1478575820770553,27.146339731602133,72.57308078966155,989.4638815076228,195.95734757424253,0.15276833830323971
33.50926591102558,90.24288752698237,8.053928109880935,1.1535730601533105,20.09305538973731,63.82520628764442,971.0346803525941,377.0406464171102,0.11570108120393152
11.299676001665965,80.28519749112324,7.22799457188939,1.1204289593677772,26.954893405867267,70.55817111833535,965.2044201687113,432.8361666008164,0.11044733171592346
16.486541930244158,82.71316460527501,2.4416811412753026,1.0963608591798173,30.75087710870165,54.81311179481688,956.417195796125,481.1674824193151,0.04100612565601573
36.307292484654624,73.55487283206844,5.83849951556198,0.9590869424522056,10.855449226150169,75.78260638137915,781.8916064854343,2137.8100457038954,0.06381743699944085
23.79850863895586,85.2664911204816,2.6359804705399714,1.0173464878882295,18.410664858942514,57.24502132364003,851.4511214593032,1442.0509551195441,0.022613064084383176
13.117451941209069,78.72757990241308,5.468696722255561,1.0745026109138716,29.174384881355337,63.03244866853558,932.4864994913908,721.7480710297798,0.07166576110090518
22.58861336278629,78.07571144154024,3.181655525797894,1.107352007958787,27.005581665591418,62.86871700500626,954.1002752894186,512.1252288950941,0.05982336891691384
26.727741083804148,95.49861783300392,2.7025045059345354,1.1317840114534499,19.8310702621578,83.05404438387615,951.8423315144997,507.82152471847854,0.0626124839644607
32.01843753419206,72.77871956233592,10.145144898512541,1.0704814430497547,23.824606490562736,70.23017473341007,912.5577515266465,853.8126236213853,0.138964735138302
31.55312505468057,92.06923393871286,5.1923365413157,1.06990453332407,17.10220840471655,76.75348644773658,891.4201775987071,1103.8294993165214,0.06713290040176885
9.428003306640083,76.16258855923473,4.972293536687049,1.1127905769052941,36.6501093089299,61.620403198777254,989.5936636587938,191.69061282863197,0.065134943656502
21.15222462219984,68.83101324158073,5.641197870949506,1.0234178276293153,15.385400510038487,55.43913119891423,847.6449564562897,1535.112505250097,0.0952547402667853
8.596502629423235,69.173429315036,6.5550409913774015,1.0769785886417165,29.764855579938448,46.69513849232641,936.4606682937556,696.4275245340586,0.08111204085036482
33.75652758632127,80.44614728499027,3.050983341727099,1.1500335663046035,21.652811734377725,69.15625545212755,973.2043412590708,329.25666793240055,0.07538053590500693
13.043276190040123,81.17936627830574,6.115304789576125,1.1340666685167098,22.748937722892006,74.36134347571365,963.260811282211,460.03526354856655,0.10941603278866109
26.121366159861516,77.28728272488611,7.565961039761932,1.0890992819014471,24.491518389803016,68.00728519993677,930.5139382893051,723.4378980667409,0.12806173163288545
24.54793276713161,87.39460856136661,2.872423641931438,1.1139505866727848,17.144387324502436,66.85833912351379,928.2532221627663,748.6708544610801,0.05494461617820524
26.140353604643106,82.07494057628975,6.189830844026324,1.1441835516589935,24.638051594192987,67.85023269040788,978.058582127292,222.97067688014135,0.08843822850210074
24.339082062110833,70.14927892360355,4.27077478917354,1.1016921312472139,27.837073938622893,64.74319290252004,951.8532394780057,492.8456287978127,0.07111352406901426
28.75207164363162,78.09406465248499,4.716574685404137,1.1143064267702407,20.751061394910202,80.76428951238658,940.0862262000461,599.267599655603,0.08236393853847629
26.157189014671832,70.95691928164722,3.437792129059265,1.0627090090084323,17.441665963490426,82.52103364421475,886.4605577883374,1115.3525711379793,0.04987701676106097
10.618707156353615,69.82455512281702,3.6397491146243874,1.0191812490287293,27.498758469254113,62.71672379508575,879.5747214233184,1197.6272396180257,0.046490394468092916
18.636270579215765,74.04089212492582,2.881399614847694,1.150414822735909,27.7010072218967,67.61005240618022,993.4999244681774,171.29065396493132,0.04949987511994296
23.851209642104905,88.31668837368545,2.467089685031874,1.1194944930601751,23.246434197560106,73.98948892363201,952.482128927498,531.7438906056186,0.03871683323686407
17.430725351047137,88.1840477260461,6.021935238451084,1.111818742439954,31.833911024180388,69.46270623748055,973.358487170809,315.0520890768475,0.10035969440902504
30.049595659399635,92.98028468600327,4.562095550679022,1.1187100229776017,17.711700085577757,91.62779084799999,934.0410581230893,711.5175380281062,0.06539215216018317
17.219033736594763,89.93615948222178,1.3875832443782232,0.9634559532478733,16.18974532552518,75.88570195871621,800.2061028929046,2067.461850042564,0.029761092195948295
32.031841054788146,83.52937493057324,3.7433790202869743,1.0599033851257351,21.223755493602013,84.33081919654377,895.627185370565,1027.4068617385744,0.06979805500329417
12.255277908463029,77.06575055226857,5.285212032962012,1.084727291182763,23.47243241922394,59.46846653010722,923.6053899170724,757.0630410475744,0.09201278623448544
30.31238438459037,68.16853335986477,3.5767893400351043,1.0586388428264422,25.252710328917168,63.446364524250875,906.802038998492,910.6661026141306,0.06001623018376173
13.320497782770477,86.76698695734603,9.105906194970842,1.0150543851818465,22.444483090473618,50.43061766655485,861.286293228727,1373.8000383927333,0.126815468261238
23.312443131952712,76.40168244083056,6.9707503035584875,1.0545904042839687,24.673108061596007,71.74188975698016,901.5796630267987,965.1864977429391,0.08836680949618617
17.295206815953758,75.25290295010961,8.053907648317576,1.1240641490827763,31.36269828413146,72.02135074969631,982.55847054003,200.21414405872486,0.12316803357946751
26.482698643334146,96.26994068245199,6.41996337180594,0.9992644343114083,16.601322713365516,50.325223003179815,831.1277009794842,1612.1448315967082,0.10290272591398619
14.169471885406324,73.05296557978129,4.618642578107512,1.10673969418919,26.17380177056069,71.06120243651593,950.9301976228683,571.6411223345699,0.053172371038774646
31.066882267204885,68.94060745563252,5.496623840652078,1.1122130679097684,20.849756205592126,78.94727412840396,938.635257933072,691.3235525039297,0.10020533633047421
24.633932124626767,95.53232146057138,5.6397795105256865,1.0441103399785197,22.336108005459614,77.33710035956267,885.6158166562418,1196.6780822320238,0.07524406965696068
35.760921468687556,76.8741949396366,3.9958265197990617,0.9895219139183212,8.512048584187095,69.58295479072257,800.0472743791736,2002.0590616482812,0.06683188453649111
28.64133953855805,79.40918146799886,3.4477146409022246,1.1464793029675246,20.110514607184832,81.1538395058931,965.1208790410554,375.8734646877564,0.05979257202801131
25.614470645594277,70.34711221435923,2.9028735435975808,1.0321138971537978,24.57148427658792,70.39300598024245,882.0631949253006,1152.6765271191587,0.04844414097667914
32.045602022943896,79.71789121914631,7.33097069935473,1.1453459107082364,20.434440779441854,79.10626764355587,965.2317627426122,357.5055502048492,0.10351684593073522
14.370794465091523,96.19441743228796,3.7652156605623417,1.0775418623853772,28.12779309438093,66.55196592546307,931.8868270006867,650.7800814870411,0.050833210478073855
26.34953136506926,88.12657181730421,3.513938627549416,1.1638973268058448,25.30872186132969,73.59426836762383,997.1508075779595,143.72158903312618,0.0655724634412481
19.321711638250697,81.74092050016279,5.5914538450782185,1.1309712102241485,26.608833850703135,79.9661743049156,973.1626673820668,359.1617070398143,0.08141613576010626
29.569938395246712,76.91667773435823,2.2256587043716776,1.1038526351131395,26.17838518097883,67.13490983229066,948.4641089018155,627.2175908079597,0.0299792602926104
8.70961287524671,78.61527481915022,3.6634537365225577,1.067475434478272,27.97838108106738,70.75618133221992,922.7232816189847,786.2911415539505,0.04888566098812849
20.40365079928051,85.72561634884576,5.393810730691109,1.0825122492792303,23.258143434321976,83.71698654854252,921.0534853629409,755.0167335460354,0.06752663360975637
26.89935515315466,75.37905181555398,7.627091512874215,1.0640431553658813,19.45106381727119,72.55195367981258,893.7108756905743,1054.1691617166666,0.10145048731244685
21.35854075682265,72.40647823936081,1.0,1.128924404418106,24.598426809251443,59.0271395793455,964.8865148002974,402.61811143801873,0.033968725216866766
14.901176275698777,88.1906315443658,6.519241293189053,1.1108086510303463,25.78648782607416,76.20988976330803,953.1913244540103,497.97139992602223,0.08769397454319022
21.46612829870364,93.21462353644662,3.1372069037246164,1.119360664852524,23.889476596101595,85.12614248882262,954.4344621096334,516.5063184340818,0.06423171835763734
32.642591239196264,94.1446283442036,7.645845260583776,1.112383435211522,27.00628474248266,81.48343580843775,958.4376243114289,426.40644374408294,0.10717950138917734
13.998331501645833,92.40113742446229,2.8225622726135624,1.1236171218032383,31.685042973025244,72.47034758217106,983.2074010076983,258.33458042999894,0.04709269022053357
18.647992745259653,83.38739076929765,5.753081335260757,1.1090300598048242,24.990396711252696,46.56514646120559,949.1307468583104,574.5360302212349,0.0857255321202345
36.7197301235037,90.87609810111843,5.93037302154521,1.0822659410646707,20.457455846953167,66.82145363716967,912.1430870026126,939.2675856128345,0.10083400380804587
34.471697897823034,94.86431622125421,5.842660320657729,1.1311115438771573,15.086104488729351,71.09372198130143,935.8704057980392,681.2033071450793,0.0735818832447844
8.985081921673014,68.67751509860689,5.667050892730406,1.100168200525155,34.66684832423444,63.681890091317086,972.1054430825332,385.9013430545037,0.09848990228059375
23.379627060458418,79.95084831353756,6.5209707569267366,1.0910538265990553,28.20545801944692,84.63882773079388,943.8155714769882,582.8566364788999,0.10383486497033884
9.896977778588623,73.91963890753566,6.815403812978647,1.088084614427997,37.040739838141285,50.76606577772914,968.8429822308675,367.3866635706025,0.09394044931913904
34.79324278607361,96.90629477731116,5.954810749159483,1.0938455013446966,22.055495309091818,94.48317416960003,926.9201484658887,800.2540055030646,0.09935335087795583
20.804802467865894,94.95741427936206,4.923430890185366,1.0526466430452064,24.26649802972315,66.69017174645137,898.6892883139602,960.5874563532174,0.07068584145283746
20.134673113912047,91.26339258120362,3.797167862305881,1.0457056085268495,26.968074950252984,60.95333440008846,900.8728305165739,976.3684357470411,0.0630439663567458
15.915434923340008,76.58051434865881,4.189820207072071,1.1234165541346484,25.79525430695743,77.89536910824768,964.03850913076,459.48586262546263,0.061816194033486975
24.49575043137246,95.61096567180878,1.445686447293427,1.1354338902204977,23.998256504351037,79.94426311519554,968.4940100395612,373.66356159369184,0.04432600571298899
12.204962966808392,68.84826276180219,3.505283239936563,1.0427385629268466,25.210501727698464,76.35211790084841,893.0559404401713,1054.171129759714,0.04952299971468748
31.169695015530866,73.4531514890097,5.18423188263444,1.1174418008524938,26.599816434387392,61.18557382786878,961.4921411996388,432.9058171463306,0.07847035872717069
22.245100000550927,85.88933887269687,5.58833058095402,1.1168295121788159,22.190641433026798,76.98683227427196,946.8299678464729,575.9897514056124,0.09060624052006468
24.427423848110653,90.99719464969094,7.184811301954987,1.11457718260107,20.507408787120074,62.80923641000937,939.5351012987974,676.1346288887033,0.11338694751637377
32.3833376819811,93.62529474035153,1.9848109492012593,1.1254431212894518,22.12572710725804,64.03953238511728,953.9227327972743,541.6198231116045,0.03261947461140985
13.369314442663521,76.7147497103365,7.80011653198439,1.05529735714705,28.189693538329152,66.81851288212702,912.8367005806298,880.6063163277021,0.11604170144942784
13.080309126921355,79.33333343101751,3.9769904930808586,1.1537804619336822,28.35180335867401,59.45410164991716,998.561906163914,160.14111984721418,0.05576744896371897
20.20324851322554,81.18999465665864,3.4915007392471096,1.0796203735378125,26.443459532794428,79.51706080583023,928.4644919941136,749.4428909820723,0.0360333118210104
30.797718994643418,68.78224073748353,5.150143357758372,1.138097507219168,27.58901322454345,62.40601542372361,982.4967949127717,289.4971922470942,0.07171400903736763
9.697821052084237,93.05510833851096,9.330060075831378,1.0923168425874188,33.82403625994422,61.61861243522806,962.5253460020698,397.18524204614516,0.1344148078183902
31.059935913063622,77.80050404619926,3.8507685984478077,1.1179534952258599,22.48745428921305,62.956799180810705,948.7353698380919,616.9077411332343,0.06287565924837102
22.52194121416248,73.77907515890558,5.532605353786286,1.1595376228085932,27.10399028159521,78.90330491710002,999.391225389658,123.58950779683157,0.0790774132121313
24.291140048498512,79.86671482989864,8.362264690422224,1.0881248273843707,29.833831610616304,59.955048129071656,946.3680566373246,478.52337989190954,0.11679570434150789
24.36719221009602,88.60633787207172,1.1981544604972096,1.1342730330129749,25.00354110128003,81.41763225655151,970.7770004331369,419.0256014434523,0.03188004124652332
9.628854279773886,93.25655180242052,4.317256924346884,1.088766716887893,32.46106106925875,75.4626931043414,955.1372984273878,498.317298611001,0.07270853955281327
15.2433531338262,74.24591752025306,4.026555741934602,1.0935392663378058,34.130834114874794,59.14900661013515,964.5655681452563,401.4727876404611,0.04619233059165552
29.903626093926235,73.00577604402648,6.05446499541081,1.1041688175419155,24.56700761214884,70.59977275410596,943.6284434839621,578.7545823111304,0.088005114902842
19.955775465189227,95.36970606678994,7.632993079287594,1.1411865107446388,23.88265325939511,66.04505295274392,973.022143675319,356.925271511271,0.11032428498920553
24.25499248530377,83.97589755574346,5.271926939923494,1.124580443330626,20.63474609552149,78.51289768570473,948.3784329816352,526.4896984495551,0.06659683494045814
35.40119003876987,78.60738855076578,10.177797599296596,1.1203107968707888,19.021491674613195,72.24024271448175,939.589725523257,615.8672586046744,0.12377969009096369
9.341881281203475,73.78026419685956,8.823835971427467,1.0274061164801849,28.379924078630737,63.45924650723084,889.2716865016264,1079.8191405537868,0.11631113096171125
21.040730604540773,96.86218684375473,5.405666571670034,1.0292570050124206,22.53342817535893,72.18839190964921,873.6001824214472,1239.4456189306402,0.07908095184311428
18.476949852589044,88.85634432565499,4.508573195325876,1.1194651517614969,35.115315793812414,47.09712130907254,990.5973043190259,173.16632569540593,0.0684996352504045
11.087033359647494,74.31867393713779,3.1126978718625105,1.0331484227252579,26.60961980855933,68.11478368595769,888.9917815360103,1135.8478964747108,0.04603334233067541
35.57303611403414,70.64652389998743,1.0,1.1651865051533232,21.025339241621854,79.2783822322585,983.9286552928542,256.9624113690491,0.024232249224928455
35.88232810270776,73.77918797507913,5.041317065800834,1.144928702335396,16.862987460287837,77.0764525804102,953.142400905935,529.6952324057963,0.0741419026448792
17.033156471492802,75.18453551331976,7.4263732181633975,1.1386200421303336,32.78661062990204,74.06593821631724,999.9359322009918,132.18278979458452,0.1081169921804072
35.45478170998328,71.22148382858649,2.303743750229607,1.1803721223396038,23.119670902278973,67.54324948979696,1003.84818656892,75.49530193368784,0.05875229874087658
9.020034595004283,74.65988975069837,4.34435430610356,0.9580743284859136,16.389764645097912,71.43425762516893,796.2864402080476,1989.1339903253986,0.04192051266337893
36.44598371974986,71.38661144305499,1.5482902171001298,1.1377164728486961,20.069729384955227,62.277999390769686,957.6110187120038,540.1596869796882,0.042190998003680695
32.24202847585127,78.95421932571031,7.330830901133435,1.1490588964977162,18.99027749236643,70.14935671985624,963.5974162480496,456.2997012841005,0.10458022109659791
14.215576403525203,82.09966251592542,6.40857658077121,1.0985943829725469,25.740804543328135,89.140363069314,942.5661260613521,667.8051973980993,0.09836797326941929
25.386867464103066,81.20326420484662,1.6311705685618347,1.1277861375973408,24.346453210225423,73.21291640470673,963.0979185181759,464.4531844444171,0.048513064323272126
31.150681508709784,92.04709198212288,1.0,1.0856468760855233,16.6652129402478,69.97898878384434,903.1744961721374,952.7523977831336,0.02026814552439995
17.259669956225594,75.36586620370663,2.723025181088957,1.0875168334295655,24.6473006072231,60.18547019427316,929.6482253368969,641.4904002048122,0.057994853954926914
18.25880197069206,93.72572089276204,8.010587039319335,1.0744310814963502,22.274319670146486,55.92266897323824,911.1433443551599,850.4566896285565,0.09906954827344323
26.240210492194873,94.33556173733527,9.11142203185951,1.1546897535305196,22.912217725586157,63.1575118980165,981.318982353602,291.9735021974887,0.12850374931590228
12.265727477069698,95.83419164810567,3.5939778413197736,1.1517127187192895,27.777441913938574,75.64772574562942,994.8734843004543,150.9153196153917,0.058503947964056134
11.42810768194985,73.24851378266166,6.018389816821308,1.0484362477819293,24.394055545336368,66.15384338584491,895.4785873002706,1026.3021786953025,0.08738655991538748
15.244353065463304,75.12678324082577,6.404998511546129,1.0836587822553982,23.851317878435584,61.22236000366938,923.8741828936718,688.1772038884002,0.0827294027577205
29.49653261506391,86.0911360433648,4.792370057753188,1.1512685123345625,26.232468918046234,60.655433917025235,989.3840210425105,200.58283576815515,0.07966533062357714
18.631377565935143,72.08585736294758,3.209370326385094,1.1359118308545277,28.85970111107758,73.79301722164502,984.7532350309837,203.61948357266485,0.07170267149740477
22.713388427902036,70.4830185797563,2.4752282013499314,1.089464042918778,28.107333429893785,67.01223584525808,942.1334611501486,587.8543825521446,0.03591809099559874
13.668066147418447,70.13721914891198,4.845159524576239,1.0551220601045221,32.04332075642387,58.797631328402204,924.3567729314349,805.4943772154137,0.07392037093647084
13.629064353137586,85.57833940532122,4.462633410673351,1.1185462101762547,31.729566798451483,62.20541954553824,978.9131198408437,255.37261995261167,0.07805193504493223
26.86308651780949,91.33566611828961,2.3177714132251563,1.0152952301708507,19.440173588952113,95.9507097432078,852.7347910235262,1417.7512006190811,0.038554706582172894
11.142882304185159,75.50768421711648,7.9066792616697885,1.0533805298238934,29.051256272504723,79.36035135130314,913.7837949436305,878.2911229858586,0.12333549625032084
27.36738108927578,95.07248272664786,1.2552792636954462,1.0591909170523897,21.370580243502573,87.22684712624668,895.4715554611593,1075.1004710428967,0.02579219526172989
19.62035371811828,90.96612972907248,1.0,1.100704842252237,25.82112318392184,51.90417431495756,944.6306217825778,577.0585085027562,0.02710819823557916
27.46685649491114,70.24635175558707,2.022784827351764,1.1243963845809652,23.043791657289695,69.8583230615278,955.9986777070477,542.4718584082019,0.03132376750138441
19.070154833449173,79.81179072721963,6.657467785183325,1.1517019635904617,25.15213595696483,63.44561383861578,986.1849491321335,184.7166598569779,0.09895657590061165
32.53551332583545,69.9724311149935,2.1806098913162772,1.135152164927713,25.364506205432235,75.1832476145359,972.7056128566186,294.13713223997956,0.04350211309861641
9.611128907253972,94.54063057601135,1.6934879241532899,1.0925966160453542,29.578640823041383,77.39302020839303,949.4569151312566,493.9299383074561,0.042708766019648764
33.905622042553134,89.54126218970671,1.0,1.0844196649294267,24.27654500041629,73.77068062890899,925.8465456116666,700.8407012603401,0.021420529543659857
15.791174139904761,87.9098087802868,1.0,1.0857234254945658,29.527689390228407,58.10591700024553,943.3253773315836,615.1345619268128,0.02100174651933123
9.233724088998967,87.79835355181176,4.162265694029454,1.1461445948056324,30.346995738653348,59.6469696029703,998.5175600904569,90.55766056151387,0.07203294948219556
24.309728234583293,76.27029255497656,3.1140807838707643,1.1256337646002152,29.771449167200856,72.86569424428794,978.7889040293925,243.36984856520914,0.06835988724520126
14.506272681051794,95.07263550082055,7.853921196960235,1.1197970674577402,19.37790331245843,81.13619941337336,940.3045205297611,643.7792299437857,0.11738106886356488
21.31689057233947,94.76052308839145,3.070876845003805,1.0735699792040103,30.050018782140004,67.87451057687603,934.3755857322722,713.291125402437,0.0707567346112074
31.267111975801004,89.44517547185269,4.243898634306166,1.1591382139736877,18.66454531252164,75.73272747513056,970.9660807163577,396.1049437831691,0.07450400474310415
30.9548560616964,81.598976005082,7.972944468657693,1.0894786783655672,21.68659544540501,72.82060854590199,922.0660307511714,827.4235784189766,0.11680262253340301
25.411182872219026,69.36635619293074,4.75587473698455,1.0755624991386452,23.474162901317705,73.7590515465499,915.8072493392523,819.0285986413701,0.07938030062467316
36.35828535107177,68.82102915397404,5.765524914075435,0.9780501062377065,15.223098534050902,84.00344077788249,809.6135131087044,1903.7753630998716,0.09665950971382806
21.448781762133905,72.00589565479217,9.120866919698686,1.1149917518605663,24.236096631865326,76.83638943005957,951.8186607937839,545.1232215790953,0.1385258562533731
9.142263320289587,85.27717611709866,5.359210515547583,1.1325056317993796,24.056139625328694,70.89655660110408,966.1844574654602,384.5854661639647,0.0706869128094647
31.763329344503735,91.14488199693612,2.9307273070104953,1.1594538589177497,22.36067386734623,71.35703411958428,983.5321082056619,256.71618798929916,0.06120816232775915
14.417522231648961,95.50550704793496,2.10548883456746,1.1388495118090405,29.31535810441984,66.10626623620854,988.7895799116303,163.50370116734123,0.04533491642706581
13.110925460913709,73.08550029900826,1.355541008430191,1.090907686599692,20.49008773632712,65.35363214257339,919.5286109829086,795.585383750195,0.03030337254026378
10.030287737028257,75.99030854308859,1.8497766952164856,1.0751475246395126,28.209842328500507,59.82282887673215,930.0693638954641,735.9452984036367,0.019972454527208992
17.509098365520526,69.56890832457803,5.7189483188527905,1.1633798151838584,25.544361017125283,75.05851003604342,997.4943581422895,183.31668149148257,0.07137716517914645
17.45861004457145,96.6823678395455,4.140864513446211,1.0748954529325359,27.04133046829309,61.4423798082492,926.2458414979748,799.2352208978773,0.06154256554819962
16.78037442702712,90.64653729712111,2.0372161172693755,1.1028182165406577,25.790372354217386,77.58607803117806,946.3469835694782,599.7095648072633,0.02613522481910479
25.202595253291648,81.94070974651079,3.335901782285054,1.1051374492255919,30.48349732762615,65.64812476030542,963.2252919769014,429.8131650468291,0.05275562801283618
29.79472291051507,84.69139530377092,4.35451932605911,1.1747386393361157,24.307063688578097,78.68100800234696,1003.0612197200602,82.70788703669758,0.07788980362041237
35.19523484077284,84.30305792865967,3.9057452757833926,1.0950785645132883,20.587626482856887,79.45824949754825,923.3508622296534,730.869186982701,0.057161737010237794
10.727452281724279,75.37646184115135,4.711835637007178,0.9906056055566971,22.331170885546797,80.29747962783802,840.2189888246604,1545.834382745199,0.07034482183829943
12.361073142156261,73.37633013450917,1.610957024636145,1.1404442568179889,25.092772007758285,65.17140202955048,976.3508068629269,285.1746378509665,0.02609529241738273
25.105432805212452,76.61229578204183,9.546314161284387,1.1127176387626934,22.99609525919167,75.49172782335626,945.9166785483856,600.4773739285807,0.1341749719480018
10.845932222440549,75.16745294408835,7.176916730054085,1.0675107363139031,29.834368188732896,73.99482216337063,928.4411353240739,771.6326428212257,0.10647967676476178
18.752164253958625,84.16831460606647,5.452436170077592,1.1577000441699246,30.96424806375675,50.31175936137595,1010.6358910435059,46.41064405877015,0.06869876876400904
26.11201468583507,76.93788136935585,6.615767782317735,1.1571390220794118,24.49492423889928,87.37048750825912,988.6576249901864,247.67790126247326,0.0898345210842153
30.635805929126988,89.1393989568546,10.634766006276108,1.1843340011899812,20.06607969484461,96.1132746747495,996.8363823231872,140.18664653550897,0.1286473813867303
14.310379336282917,84.47025225285404,3.9966754564437323,0.9861026838381791,23.686049228482602,80.3926484850403,840.2348358324803,1539.7822945030393,0.06588533396064868
27.371581358813344,83.43564919700736,1.4510099728435564,1.16814045928995,27.418562604458266,76.36581379817913,1007.8607222785178,43.3072793912546,0.03734639905830299
26.730220309569184,95.58751924558814,4.232366383688156,1.115893379461015,26.604605356610875,74.76436222496757,960.1751566745822,428.3416827662841,0.06701808004573252
32.92886766149112,77.34987652602932,4.52479854659284,1.1188814588290728,19.753498776743022,70.43821743941263,940.7420055542517,649.8434926718702,0.06983121094257305
17.098677377155724,86.4228260339579,6.4711128705102565,1.1498382891621686,23.26307369352862,70.11414630184478,978.3539911865229,283.2108076730333,0.09862685747531404
29.75266408175712,68.00146818379542,1.2672578000821493,1.1684187038176794,26.854850390870542,78.34565367999592,1006.2101098760248,55.49962162409189,0.03693816963563023
29.807996068803345,89.3707857710408,8.445237385651309,1.1347289275506396,22.886815871411994,61.747056941347374,964.2724317354024,442.15953488106425,0.11367894151619946
14.936641717746465,82.57377394148608,6.094485900658035,1.1110607787840285,33.27137961448405,53.60286513856992,977.279480886669,279.3078507508375,0.08172399632547112
26.0135772949944,74.04316376124933,6.610304040098461,1.102162159972189,22.77229211318849,67.58610363334307,936.2354437906273,701.5258218171203,0.0950485613299785
27.57970054238546,68.0438061364299,4.879987013689209,1.074179254539599,20.885258380459195,79.44285088263365,906.6466707593909,887.5742936895647,0.07213787282046116
15.95842396604594,88.50137495610886,2.5396993103362364,1.138488681603592,30.558722585564034,57.449532607363174,992.5396896172281,184.5987403196382,0.06820851312985377
21.102199865574537,87.21832040296664,3.595223691024212,1.141557319386884,24.998393068655165,67.74696418276781,976.994448004692,304.17396199839266,0.05680045715018625
20.637554090438297,87.29680637790744,2.1384011149549575,1.144332080062298,24.939034343269288,68.9759199191914,979.1742251768046,317.06909361776684,0.04613742890247222
30.431777482760047,80.68618987049337,5.9701188927005475,1.0792328880218742,19.78283287903145,63.533324598333415,907.4968426313966,878.7265338314515,0.09192767823589429
8.020046421498565,86.53962244732851,4.9307172011033416,1.0938967800403872,27.115400406576036,44.12154054753958,942.8520182913984,552.7274035149243,0.08924075272059362
22.529771732244104,84.56870891307574,5.35672306023303,1.15587992422048,26.27806051015631,58.840232248702534,993.498276063794,191.53883119339267,0.07409522853194941
13.345883593350532,74.9279562937268,4.687472233186467,1.0209898848061096,30.703186695263867,68.61663448648221,890.5270886564972,1074.0730199015904,0.08317424828620568
26.758417073607585,83.04427320258444,8.53620738729504,1.1328351875495124,28.067457877897336,72.7142141682466,979.5097632176837,282.4995544198519,0.11819558853081745
27.73069702615754,82.92319104394797,5.735043372435409,1.1324022882628768,25.12627610682371,74.85523656383745,969.5748695827185,348.6822930366836,0.11105604141357524
22.532668752113914,91.88506375876784,9.393750707362704,1.1316092508856477,31.363656175840376,71.64116462534312,989.1568495199126,234.15692396408514,0.13286748011926316
23.718856711747897,80.57118165745135,1.0,1.118409652888499,21.719573637602043,66.03234944830412,946.657256747024,584.0230365443757,0.016512998293146293
17.136687482599893,80.64647763722203,5.5863209960887135,1.093710392404701,35.09835502640552,54.52506023164427,967.7540694797124,395.8539940540839,0.07857639948557399
17.08635769971077,96.54772966696967,1.0,1.024578441765371,20.895256562311246,76.6239004548907,864.8111718596344,1290.5017816851337,0.03935004682624366
29.608394735660454,93.93945231290905,3.2095294830783,1.0982789750816149,28.299011888258846,65.5731909758494,950.3606243844497,558.2446067979223,0.05552813459350032
11.820209655363273,75.02629371126851,6.238549078143124,1.1030228697342523,36.37988333434964,71.10486789141628,980.0517328103635,246.87540493535994,0.08741707928659921
30.373596126105497,94.39849974539135,9.054139227075506,1.1413371590498504,17.024045920171176,79.39690349925567,950.6801411720396,514.2510025500469,0.13332975713507844
26.995382266455838,72.00103303403495,6.761904776279834,1.0033891383391433,22.473825120562353,84.60652804393521,851.4726985339009,1413.1779192672577,0.09104455455885675
33.64976585500945,92.74834070346002,11.926275947467778,1.1697676661287806,22.341222118445813,67.20578147383198,992.215704781644,171.60540182380893,0.14394080201590514
15.54419607379413,73.3163779251705,6.337993557235714,1.0926080292222424,24.473459499137146,81.04392085168246,933.4551325350786,730.3610838467827,0.08263741846418035
22.679192502669917,80.34249711805256,8.014832218313357,1.1571947457526028,29.13182919235242,87.45447853673649,1004.1079242095644,84.06129870134384,0.13143203680200227
9.130695834347726,96.53372730678184,6.088809992826314,1.0301152913618232,22.39727001363497,72.35933660653178,873.9260518647787,1230.5400783465084,0.07499306586229515
34.46269067658878,70.81441916001468,10.62194624266428,1.1419670242657425,23.307847229185935,76.17757370897752,971.8033988958804,356.0337162928044,0.14169146229626428
27.586352359695592,92.35384677907216,8.557377660299741,1.1624594111852433,22.07715270661786,62.740710218382624,985.135559538002,240.87342009933087,0.12561115973997353
26.06338222307181,82.34728453630213,5.889809752597588,1.0280998384811235,19.270811564209666,82.95099716387662,862.9894147924863,1356.3737492501095,0.08463420098642016
29.24798682861149,71.2187496074782,5.716703117513335,1.1112273419275953,26.836180319364697,80.00525547168772,956.898925170832,488.85200464862044,0.07264862971308964
16.245536846021572,95.62224999404508,3.393495945860978,1.0977655670681175,28.454527450512252,62.63729894397532,950.4064187648617,503.18140994625946,0.04691727808526392
25.511947793814794,83.92770967603755,4.614607926013215,1.1393643933014734,23.82923055347177,76.68113432331813,971.2938089185703,360.3688261416021,0.07803139609476896
